name,price_usd,category,rating,review_count,image_url,product_url,source
Bulbasaur,80.01,Pokemon Merchandise,,,https://scrapeme.live/wp-content/uploads/2018/08/001-350x350.png,https://scrapeme.live/shop/Bulbasaur/,scrapeme.live
Ivysaur,110.49,Pokemon Merchandise,,,https://scrapeme.live/wp-content/uploads/2018/08/002-350x350.png,https://scrapeme.live/shop/Ivysaur/,scrapeme.live
Venusaur,133.35,Pokemon Merchandise,,,https://scrapeme.live/wp-content/uploads/2018/08/003-350x350.png,https://scrapeme.live/shop/Venusaur/,scrapeme.live
Charmander,60.96,Pokemon Merchandise,,,https://scrapeme.live/wp-content/uploads/2018/08/004-350x350.png,https://scrapeme.live/shop/Charmander/,scrapeme.live
Charmeleon,209.55,Pokemon Merchandise,,,https://scrapeme.live/wp-content/uploads/2018/08/005-350x350.png,https://scrapeme.live/shop/Charmeleon/,scrapeme.live
Charizard,198.12,Pokemon Merchandise,,,https://scrapeme.live/wp-content/uploads/2018/08/006-350x350.png,https://scrapeme.live/shop/Charizard/,scrapeme.live
Squirtle,165.1,Pokemon Merchandise,,,https://scrapeme.live/wp-content/uploads/2018/08/007-350x350.png,https://scrapeme.live/shop/Squirtle/,scrapeme.live
Wartortle,156.21,Pokemon Merchandise,,,https://scrapeme.live/wp-content/uploads/2018/08/008-350x350.png,https://scrapeme.live/shop/Wartortle/,scrapeme.live
Blastoise,96.52,Pokemon Merchandise,,,https://scrapeme.live/wp-content/uploads/2018/08/009-350x350.png,https://scrapeme.live/shop/Blastoise/,scrapeme.live
Caterpie,92.71,Pokemon Merchandise,,,https://scrapeme.live/wp-content/uploads/2018/08/010-350x350.png,https://scrapeme.live/shop/Caterpie/,scrapeme.live
Metapod,187.96,Pokemon Merchandise,,,https://scrapeme.live/wp-content/uploads/2018/08/011-350x350.png,https://scrapeme.live/shop/Metapod/,scrapeme.live
Butterfree,205.74,Pokemon Merchandise,,,https://scrapeme.live/wp-content/uploads/2018/08/012-350x350.png,https://scrapeme.live/shop/Butterfree/,scrapeme.live
Weedle,31.75,Pokemon Merchandise,,,https://scrapeme.live/wp-content/uploads/2018/08/013-350x350.png,https://scrapeme.live/shop/Weedle/,scrapeme.live
Kakuna,187.96,Pokemon Merchandise,,,https://scrapeme.live/wp-content/uploads/2018/08/014-350x350.png,https://scrapeme.live/shop/Kakuna/,scrapeme.live
Beedrill,213.36,Pokemon Merchandise,,,https://scrapeme.live/wp-content/uploads/2018/08/015-350x350.png,https://scrapeme.live/shop/Beedrill/,scrapeme.live
Pidgey,201.93,Pokemon Merchandise,,,https://scrapeme.live/wp-content/uploads/2018/08/016-350x350.png,https://scrapeme.live/shop/Pidgey/,scrapeme.live
Pidgeotto,106.68,Pokemon Merchandise,,,https://scrapeme.live/wp-content/uploads/2018/08/017-350x350.png,https://scrapeme.live/shop/Pidgeotto/,scrapeme.live
Pidgeot,234.95,Pokemon Merchandise,,,https://scrapeme.live/wp-content/uploads/2018/08/018-350x350.png,https://scrapeme.live/shop/Pidgeot/,scrapeme.live
Rattata,162.56,Pokemon Merchandise,,,https://scrapeme.live/wp-content/uploads/2018/08/019-350x350.png,https://scrapeme.live/shop/Rattata/,scrapeme.live
Raticate,76.2,Pokemon Merchandise,,,https://scrapeme.live/wp-content/uploads/2018/08/020-350x350.png,https://scrapeme.live/shop/Raticate/,scrapeme.live
Spearow,168.91,Pokemon Merchandise,,,https://scrapeme.live/wp-content/uploads/2018/08/021-350x350.png,https://scrapeme.live/shop/Spearow/,scrapeme.live
Fearow,120.65,Pokemon Merchandise,,,https://scrapeme.live/wp-content/uploads/2018/08/022-350x350.png,https://scrapeme.live/shop/Fearow/,scrapeme.live
Ekans,69.85,Pokemon Merchandise,,,https://scrapeme.live/wp-content/uploads/2018/08/023-350x350.png,https://scrapeme.live/shop/Ekans/,scrapeme.live
Arbok,231.14,Pokemon Merchandise,,,https://scrapeme.live/wp-content/uploads/2018/08/024-350x350.png,https://scrapeme.live/shop/Arbok/,scrapeme.live
Pikachu,46.99,Pokemon Merchandise,,,https://scrapeme.live/wp-content/uploads/2018/08/025-350x350.png,https://scrapeme.live/shop/Pikachu/,scrapeme.live
Raichu,177.8,Pokemon Merchandise,,,https://scrapeme.live/wp-content/uploads/2018/08/026-350x350.png,https://scrapeme.live/shop/Raichu/,scrapeme.live
Sandshrew,104.14,Pokemon Merchandise,,,https://scrapeme.live/wp-content/uploads/2018/08/027-350x350.png,https://scrapeme.live/shop/Sandshrew/,scrapeme.live
Sandslash,196.85,Pokemon Merchandise,,,https://scrapeme.live/wp-content/uploads/2018/08/028-350x350.png,https://scrapeme.live/shop/Sandslash/,scrapeme.live
Nidorina,35.56,Pokemon Merchandise,,,https://scrapeme.live/wp-content/uploads/2018/08/030-350x350.png,https://scrapeme.live/shop/Nidorina/,scrapeme.live
Nidoqueen,134.62,Pokemon Merchandise,,,https://scrapeme.live/wp-content/uploads/2018/08/031-350x350.png,https://scrapeme.live/shop/Nidoqueen/,scrapeme.live
Nidorino,227.33,Pokemon Merchandise,,,https://scrapeme.live/wp-content/uploads/2018/08/033-350x350.png,https://scrapeme.live/shop/Nidorino/,scrapeme.live
Nidoking,39.37,Pokemon Merchandise,,,https://scrapeme.live/wp-content/uploads/2018/08/034-350x350.png,https://scrapeme.live/shop/Nidoking/,scrapeme.live
Clefairy,203.2,Pokemon Merchandise,,,https://scrapeme.live/wp-content/uploads/2018/08/035-350x350.png,https://scrapeme.live/shop/Clefairy/,scrapeme.live
Clefable,238.76,Pokemon Merchandise,,,https://scrapeme.live/wp-content/uploads/2018/08/036-350x350.png,https://scrapeme.live/shop/Clefable/,scrapeme.live
Vulpix,107.95,Pokemon Merchandise,,,https://scrapeme.live/wp-content/uploads/2018/08/037-350x350.png,https://scrapeme.live/shop/Vulpix/,scrapeme.live
Ninetales,66.04,Pokemon Merchandise,,,https://scrapeme.live/wp-content/uploads/2018/08/038-350x350.png,https://scrapeme.live/shop/Ninetales/,scrapeme.live
Jigglypuff,77.47,Pokemon Merchandise,,,https://scrapeme.live/wp-content/uploads/2018/08/039-350x350.png,https://scrapeme.live/shop/Jigglypuff/,scrapeme.live
Wigglytuff,165.1,Pokemon Merchandise,,,https://scrapeme.live/wp-content/uploads/2018/08/040-350x350.png,https://scrapeme.live/shop/Wigglytuff/,scrapeme.live
Zubat,158.75,Pokemon Merchandise,,,https://scrapeme.live/wp-content/uploads/2018/08/041-350x350.png,https://scrapeme.live/shop/Zubat/,scrapeme.live
Golbat,172.72,Pokemon Merchandise,,,https://scrapeme.live/wp-content/uploads/2018/08/042-350x350.png,https://scrapeme.live/shop/Golbat/,scrapeme.live
Oddish,57.15,Pokemon Merchandise,,,https://scrapeme.live/wp-content/uploads/2018/08/043-350x350.png,https://scrapeme.live/shop/Oddish/,scrapeme.live
Gloom,226.06,Pokemon Merchandise,,,https://scrapeme.live/wp-content/uploads/2018/08/044-350x350.png,https://scrapeme.live/shop/Gloom/,scrapeme.live
Vileplume,215.9,Pokemon Merchandise,,,https://scrapeme.live/wp-content/uploads/2018/08/045-350x350.png,https://scrapeme.live/shop/Vileplume/,scrapeme.live
Paras,213.36,Pokemon Merchandise,,,https://scrapeme.live/wp-content/uploads/2018/08/046-350x350.png,https://scrapeme.live/shop/Paras/,scrapeme.live
Parasect,34.29,Pokemon Merchandise,,,https://scrapeme.live/wp-content/uploads/2018/08/047-350x350.png,https://scrapeme.live/shop/Parasect/,scrapeme.live
Venonat,200.66,Pokemon Merchandise,,,https://scrapeme.live/wp-content/uploads/2018/08/048-350x350.png,https://scrapeme.live/shop/Venonat/,scrapeme.live
Venomoth,67.31,Pokemon Merchandise,,,https://scrapeme.live/wp-content/uploads/2018/08/049-350x350.png,https://scrapeme.live/shop/Venomoth/,scrapeme.live
Diglett,154.94,Pokemon Merchandise,,,https://scrapeme.live/wp-content/uploads/2018/08/050-350x350.png,https://scrapeme.live/shop/Diglett/,scrapeme.live
Dugtrio,140.97,Pokemon Merchandise,,,https://scrapeme.live/wp-content/uploads/2018/08/051-350x350.png,https://scrapeme.live/shop/Dugtrio/,scrapeme.live
Meowth,166.37,Pokemon Merchandise,,,https://scrapeme.live/wp-content/uploads/2018/08/052-350x350.png,https://scrapeme.live/shop/Meowth/,scrapeme.live
Persian,254.0,Pokemon Merchandise,,,https://scrapeme.live/wp-content/uploads/2018/08/053-350x350.png,https://scrapeme.live/shop/Persian/,scrapeme.live
Psyduck,231.14,Pokemon Merchandise,,,https://scrapeme.live/wp-content/uploads/2018/08/054-350x350.png,https://scrapeme.live/shop/Psyduck/,scrapeme.live
Golduck,39.37,Pokemon Merchandise,,,https://scrapeme.live/wp-content/uploads/2018/08/055-350x350.png,https://scrapeme.live/shop/Golduck/,scrapeme.live
Mankey,158.75,Pokemon Merchandise,,,https://scrapeme.live/wp-content/uploads/2018/08/056-350x350.png,https://scrapeme.live/shop/Mankey/,scrapeme.live
Primeape,109.22,Pokemon Merchandise,,,https://scrapeme.live/wp-content/uploads/2018/08/057-350x350.png,https://scrapeme.live/shop/Primeape/,scrapeme.live
Growlithe,38.1,Pokemon Merchandise,,,https://scrapeme.live/wp-content/uploads/2018/08/058-350x350.png,https://scrapeme.live/shop/Growlithe/,scrapeme.live
Arcanine,87.63,Pokemon Merchandise,,,https://scrapeme.live/wp-content/uploads/2018/08/059-350x350.png,https://scrapeme.live/shop/Arcanine/,scrapeme.live
Poliwag,220.98,Pokemon Merchandise,,,https://scrapeme.live/wp-content/uploads/2018/08/060-350x350.png,https://scrapeme.live/shop/Poliwag/,scrapeme.live
Poliwhirl,153.67,Pokemon Merchandise,,,https://scrapeme.live/wp-content/uploads/2018/08/061-350x350.png,https://scrapeme.live/shop/Poliwhirl/,scrapeme.live
Poliwrath,193.04,Pokemon Merchandise,,,https://scrapeme.live/wp-content/uploads/2018/08/062-350x350.png,https://scrapeme.live/shop/Poliwrath/,scrapeme.live
Abra,179.07,Pokemon Merchandise,,,https://scrapeme.live/wp-content/uploads/2018/08/063-350x350.png,https://scrapeme.live/shop/Abra/,scrapeme.live
Kadabra,163.83,Pokemon Merchandise,,,https://scrapeme.live/wp-content/uploads/2018/08/064-350x350.png,https://scrapeme.live/shop/Kadabra/,scrapeme.live
Alakazam,50.8,Pokemon Merchandise,,,https://scrapeme.live/wp-content/uploads/2018/08/065-350x350.png,https://scrapeme.live/shop/Alakazam/,scrapeme.live
Machop,210.82,Pokemon Merchandise,,,https://scrapeme.live/wp-content/uploads/2018/08/066-350x350.png,https://scrapeme.live/shop/Machop/,scrapeme.live
Machoke,34.29,Pokemon Merchandise,,,https://scrapeme.live/wp-content/uploads/2018/08/067-350x350.png,https://scrapeme.live/shop/Machoke/,scrapeme.live
Machamp,153.67,Pokemon Merchandise,,,https://scrapeme.live/wp-content/uploads/2018/08/068-350x350.png,https://scrapeme.live/shop/Machamp/,scrapeme.live
Bellsprout,93.98,Pokemon Merchandise,,,https://scrapeme.live/wp-content/uploads/2018/08/069-350x350.png,https://scrapeme.live/shop/Bellsprout/,scrapeme.live
Weepinbell,33.02,Pokemon Merchandise,,,https://scrapeme.live/wp-content/uploads/2018/08/070-350x350.png,https://scrapeme.live/shop/Weepinbell/,scrapeme.live
Victreebel,86.36,Pokemon Merchandise,,,https://scrapeme.live/wp-content/uploads/2018/08/071-350x350.png,https://scrapeme.live/shop/Victreebel/,scrapeme.live
Tentacool,236.22,Pokemon Merchandise,,,https://scrapeme.live/wp-content/uploads/2018/08/072-350x350.png,https://scrapeme.live/shop/Tentacool/,scrapeme.live
Tentacruel,82.55,Pokemon Merchandise,,,https://scrapeme.live/wp-content/uploads/2018/08/073-350x350.png,https://scrapeme.live/shop/Tentacruel/,scrapeme.live
Geodude,40.64,Pokemon Merchandise,,,https://scrapeme.live/wp-content/uploads/2018/08/074-350x350.png,https://scrapeme.live/shop/Geodude/,scrapeme.live
Graveler,231.14,Pokemon Merchandise,,,https://scrapeme.live/wp-content/uploads/2018/08/075-350x350.png,https://scrapeme.live/shop/Graveler/,scrapeme.live
Golem,130.81,Pokemon Merchandise,,,https://scrapeme.live/wp-content/uploads/2018/08/076-350x350.png,https://scrapeme.live/shop/Golem/,scrapeme.live
Ponyta,67.31,Pokemon Merchandise,,,https://scrapeme.live/wp-content/uploads/2018/08/077-350x350.png,https://scrapeme.live/shop/Ponyta/,scrapeme.live
Rapidash,124.46,Pokemon Merchandise,,,https://scrapeme.live/wp-content/uploads/2018/08/078-350x350.png,https://scrapeme.live/shop/Rapidash/,scrapeme.live
Slowpoke,138.43,Pokemon Merchandise,,,https://scrapeme.live/wp-content/uploads/2018/08/079-350x350.png,https://scrapeme.live/shop/Slowpoke/,scrapeme.live
Slowbro,227.33,Pokemon Merchandise,,,https://scrapeme.live/wp-content/uploads/2018/08/080-350x350.png,https://scrapeme.live/shop/Slowbro/,scrapeme.live
Magnemite,127.0,Pokemon Merchandise,,,https://scrapeme.live/wp-content/uploads/2018/08/081-350x350.png,https://scrapeme.live/shop/Magnemite/,scrapeme.live
Magneton,242.57,Pokemon Merchandise,,,https://scrapeme.live/wp-content/uploads/2018/08/082-350x350.png,https://scrapeme.live/shop/Magneton/,scrapeme.live
Farfetchd,234.95,Pokemon Merchandise,,,https://scrapeme.live/wp-content/uploads/2018/08/083-350x350.png,https://scrapeme.live/shop/Farfetchd/,scrapeme.live
Doduo,92.71,Pokemon Merchandise,,,https://scrapeme.live/wp-content/uploads/2018/08/084-350x350.png,https://scrapeme.live/shop/Doduo/,scrapeme.live
Dodrio,175.26,Pokemon Merchandise,,,https://scrapeme.live/wp-content/uploads/2018/08/085-350x350.png,https://scrapeme.live/shop/Dodrio/,scrapeme.live
Seel,208.28,Pokemon Merchandise,,,https://scrapeme.live/wp-content/uploads/2018/08/086-350x350.png,https://scrapeme.live/shop/Seel/,scrapeme.live
Dewgong,88.9,Pokemon Merchandise,,,https://scrapeme.live/wp-content/uploads/2018/08/087-350x350.png,https://scrapeme.live/shop/Dewgong/,scrapeme.live
Grimer,186.69,Pokemon Merchandise,,,https://scrapeme.live/wp-content/uploads/2018/08/088-350x350.png,https://scrapeme.live/shop/Grimer/,scrapeme.live
Muk,237.49,Pokemon Merchandise,,,https://scrapeme.live/wp-content/uploads/2018/08/089-350x350.png,https://scrapeme.live/shop/Muk/,scrapeme.live
Shellder,175.26,Pokemon Merchandise,,,https://scrapeme.live/wp-content/uploads/2018/08/090-350x350.png,https://scrapeme.live/shop/Shellder/,scrapeme.live
Cloyster,252.73,Pokemon Merchandise,,,https://scrapeme.live/wp-content/uploads/2018/08/091-350x350.png,https://scrapeme.live/shop/Cloyster/,scrapeme.live
Gastly,227.33,Pokemon Merchandise,,,https://scrapeme.live/wp-content/uploads/2018/08/092-350x350.png,https://scrapeme.live/shop/Gastly/,scrapeme.live
Haunter,53.34,Pokemon Merchandise,,,https://scrapeme.live/wp-content/uploads/2018/08/093-350x350.png,https://scrapeme.live/shop/Haunter/,scrapeme.live
Gengar,189.23,Pokemon Merchandise,,,https://scrapeme.live/wp-content/uploads/2018/08/094-350x350.png,https://scrapeme.live/shop/Gengar/,scrapeme.live
Onix,46.99,Pokemon Merchandise,,,https://scrapeme.live/wp-content/uploads/2018/08/095-350x350.png,https://scrapeme.live/shop/Onix/,scrapeme.live
Drowzee,50.8,Pokemon Merchandise,,,https://scrapeme.live/wp-content/uploads/2018/08/096-350x350.png,https://scrapeme.live/shop/Drowzee/,scrapeme.live
Hypno,251.46,Pokemon Merchandise,,,https://scrapeme.live/wp-content/uploads/2018/08/097-350x350.png,https://scrapeme.live/shop/Hypno/,scrapeme.live
Krabby,81.28,Pokemon Merchandise,,,https://scrapeme.live/wp-content/uploads/2018/08/098-350x350.png,https://scrapeme.live/shop/Krabby/,scrapeme.live
Kingler,91.44,Pokemon Merchandise,,,https://scrapeme.live/wp-content/uploads/2018/08/099-350x350.png,https://scrapeme.live/shop/Kingler/,scrapeme.live
Voltorb,240.03,Pokemon Merchandise,,,https://scrapeme.live/wp-content/uploads/2018/08/100-350x350.png,https://scrapeme.live/shop/Voltorb/,scrapeme.live
Electrode,127.0,Pokemon Merchandise,,,https://scrapeme.live/wp-content/uploads/2018/08/101-350x350.png,https://scrapeme.live/shop/Electrode/,scrapeme.live
Exeggcute,160.02,Pokemon Merchandise,,,https://scrapeme.live/wp-content/uploads/2018/08/102-350x350.png,https://scrapeme.live/shop/Exeggcute/,scrapeme.live
Exeggutor,86.36,Pokemon Merchandise,,,https://scrapeme.live/wp-content/uploads/2018/08/103-350x350.png,https://scrapeme.live/shop/Exeggutor/,scrapeme.live
Cubone,224.79,Pokemon Merchandise,,,https://scrapeme.live/wp-content/uploads/2018/08/104-350x350.png,https://scrapeme.live/shop/Cubone/,scrapeme.live
Marowak,45.72,Pokemon Merchandise,,,https://scrapeme.live/wp-content/uploads/2018/08/105-350x350.png,https://scrapeme.live/shop/Marowak/,scrapeme.live
Hitmonlee,92.71,Pokemon Merchandise,,,https://scrapeme.live/wp-content/uploads/2018/08/106-350x350.png,https://scrapeme.live/shop/Hitmonlee/,scrapeme.live
Hitmonchan,115.57,Pokemon Merchandise,,,https://scrapeme.live/wp-content/uploads/2018/08/107-350x350.png,https://scrapeme.live/shop/Hitmonchan/,scrapeme.live
Lickitung,180.34,Pokemon Merchandise,,,https://scrapeme.live/wp-content/uploads/2018/08/108-350x350.png,https://scrapeme.live/shop/Lickitung/,scrapeme.live
Koffing,48.26,Pokemon Merchandise,,,https://scrapeme.live/wp-content/uploads/2018/08/109-350x350.png,https://scrapeme.live/shop/Koffing/,scrapeme.live
Weezing,60.96,Pokemon Merchandise,,,https://scrapeme.live/wp-content/uploads/2018/08/110-350x350.png,https://scrapeme.live/shop/Weezing/,scrapeme.live
Rhyhorn,157.48,Pokemon Merchandise,,,https://scrapeme.live/wp-content/uploads/2018/08/111-350x350.png,https://scrapeme.live/shop/Rhyhorn/,scrapeme.live
Rhydon,34.29,Pokemon Merchandise,,,https://scrapeme.live/wp-content/uploads/2018/08/112-350x350.png,https://scrapeme.live/shop/Rhydon/,scrapeme.live
Chansey,223.52,Pokemon Merchandise,,,https://scrapeme.live/wp-content/uploads/2018/08/113-350x350.png,https://scrapeme.live/shop/Chansey/,scrapeme.live
Tangela,81.28,Pokemon Merchandise,,,https://scrapeme.live/wp-content/uploads/2018/08/114-350x350.png,https://scrapeme.live/shop/Tangela/,scrapeme.live
Kangaskhan,208.28,Pokemon Merchandise,,,https://scrapeme.live/wp-content/uploads/2018/08/115-350x350.png,https://scrapeme.live/shop/Kangaskhan/,scrapeme.live
Horsea,195.58,Pokemon Merchandise,,,https://scrapeme.live/wp-content/uploads/2018/08/116-350x350.png,https://scrapeme.live/shop/Horsea/,scrapeme.live
Seadra,64.77,Pokemon Merchandise,,,https://scrapeme.live/wp-content/uploads/2018/08/117-350x350.png,https://scrapeme.live/shop/Seadra/,scrapeme.live
Goldeen,215.9,Pokemon Merchandise,,,https://scrapeme.live/wp-content/uploads/2018/08/118-350x350.png,https://scrapeme.live/shop/Goldeen/,scrapeme.live
Seaking,163.83,Pokemon Merchandise,,,https://scrapeme.live/wp-content/uploads/2018/08/119-350x350.png,https://scrapeme.live/shop/Seaking/,scrapeme.live
Staryu,210.82,Pokemon Merchandise,,,https://scrapeme.live/wp-content/uploads/2018/08/120-350x350.png,https://scrapeme.live/shop/Staryu/,scrapeme.live
Starmie,223.52,Pokemon Merchandise,,,https://scrapeme.live/wp-content/uploads/2018/08/121-350x350.png,https://scrapeme.live/shop/Starmie/,scrapeme.live
Mr-mime,182.88,Pokemon Merchandise,,,https://scrapeme.live/wp-content/uploads/2018/08/122-350x350.png,https://scrapeme.live/shop/Mr-mime/,scrapeme.live
Scyther,107.95,Pokemon Merchandise,,,https://scrapeme.live/wp-content/uploads/2018/08/123-350x350.png,https://scrapeme.live/shop/Scyther/,scrapeme.live
Jynx,175.26,Pokemon Merchandise,,,https://scrapeme.live/wp-content/uploads/2018/08/124-350x350.png,https://scrapeme.live/shop/Jynx/,scrapeme.live
Electabuzz,158.75,Pokemon Merchandise,,,https://scrapeme.live/wp-content/uploads/2018/08/125-350x350.png,https://scrapeme.live/shop/Electabuzz/,scrapeme.live
Magmar,165.1,Pokemon Merchandise,,,https://scrapeme.live/wp-content/uploads/2018/08/126-350x350.png,https://scrapeme.live/shop/Magmar/,scrapeme.live
Pinsir,179.07,Pokemon Merchandise,,,https://scrapeme.live/wp-content/uploads/2018/08/127-350x350.png,https://scrapeme.live/shop/Pinsir/,scrapeme.live
Tauros,80.01,Pokemon Merchandise,,,https://scrapeme.live/wp-content/uploads/2018/08/128-350x350.png,https://scrapeme.live/shop/Tauros/,scrapeme.live
Magikarp,54.61,Pokemon Merchandise,,,https://scrapeme.live/wp-content/uploads/2018/08/129-350x350.png,https://scrapeme.live/shop/Magikarp/,scrapeme.live
Gyarados,100.33,Pokemon Merchandise,,,https://scrapeme.live/wp-content/uploads/2018/08/130-350x350.png,https://scrapeme.live/shop/Gyarados/,scrapeme.live
Lapras,218.44,Pokemon Merchandise,,,https://scrapeme.live/wp-content/uploads/2018/08/131-350x350.png,https://scrapeme.live/shop/Lapras/,scrapeme.live
Ditto,95.25,Pokemon Merchandise,,,https://scrapeme.live/wp-content/uploads/2018/08/132-350x350.png,https://scrapeme.live/shop/Ditto/,scrapeme.live
Eevee,142.24,Pokemon Merchandise,,,https://scrapeme.live/wp-content/uploads/2018/08/133-350x350.png,https://scrapeme.live/shop/Eevee/,scrapeme.live
Vaporeon,186.69,Pokemon Merchandise,,,https://scrapeme.live/wp-content/uploads/2018/08/134-350x350.png,https://scrapeme.live/shop/Vaporeon/,scrapeme.live
Jolteon,200.66,Pokemon Merchandise,,,https://scrapeme.live/wp-content/uploads/2018/08/135-350x350.png,https://scrapeme.live/shop/Jolteon/,scrapeme.live
Flareon,43.18,Pokemon Merchandise,,,https://scrapeme.live/wp-content/uploads/2018/08/136-350x350.png,https://scrapeme.live/shop/Flareon/,scrapeme.live
Porygon,226.06,Pokemon Merchandise,,,https://scrapeme.live/wp-content/uploads/2018/08/137-350x350.png,https://scrapeme.live/shop/Porygon/,scrapeme.live
Omanyte,205.74,Pokemon Merchandise,,,https://scrapeme.live/wp-content/uploads/2018/08/138-350x350.png,https://scrapeme.live/shop/Omanyte/,scrapeme.live
Omastar,77.47,Pokemon Merchandise,,,https://scrapeme.live/wp-content/uploads/2018/08/139-350x350.png,https://scrapeme.live/shop/Omastar/,scrapeme.live
Kabuto,100.33,Pokemon Merchandise,,,https://scrapeme.live/wp-content/uploads/2018/08/140-350x350.png,https://scrapeme.live/shop/Kabuto/,scrapeme.live
Kabutops,72.39,Pokemon Merchandise,,,https://scrapeme.live/wp-content/uploads/2018/08/141-350x350.png,https://scrapeme.live/shop/Kabutops/,scrapeme.live
Aerodactyl,71.12,Pokemon Merchandise,,,https://scrapeme.live/wp-content/uploads/2018/08/142-350x350.png,https://scrapeme.live/shop/Aerodactyl/,scrapeme.live
Snorlax,170.18,Pokemon Merchandise,,,https://scrapeme.live/wp-content/uploads/2018/08/143-350x350.png,https://scrapeme.live/shop/Snorlax/,scrapeme.live
Articuno,97.79,Pokemon Merchandise,,,https://scrapeme.live/wp-content/uploads/2018/08/144-350x350.png,https://scrapeme.live/shop/Articuno/,scrapeme.live
Zapdos,168.91,Pokemon Merchandise,,,https://scrapeme.live/wp-content/uploads/2018/08/145-350x350.png,https://scrapeme.live/shop/Zapdos/,scrapeme.live
Moltres,226.06,Pokemon Merchandise,,,https://scrapeme.live/wp-content/uploads/2018/08/146-350x350.png,https://scrapeme.live/shop/Moltres/,scrapeme.live
Dratini,119.38,Pokemon Merchandise,,,https://scrapeme.live/wp-content/uploads/2018/08/147-350x350.png,https://scrapeme.live/shop/Dratini/,scrapeme.live
Dragonair,72.39,Pokemon Merchandise,,,https://scrapeme.live/wp-content/uploads/2018/08/148-350x350.png,https://scrapeme.live/shop/Dragonair/,scrapeme.live
Dragonite,87.63,Pokemon Merchandise,,,https://scrapeme.live/wp-content/uploads/2018/08/149-350x350.png,https://scrapeme.live/shop/Dragonite/,scrapeme.live
Mewtwo,54.61,Pokemon Merchandise,,,https://scrapeme.live/wp-content/uploads/2018/08/150-350x350.png,https://scrapeme.live/shop/Mewtwo/,scrapeme.live
Mew,172.72,Pokemon Merchandise,,,https://scrapeme.live/wp-content/uploads/2018/08/151-350x350.png,https://scrapeme.live/shop/Mew/,scrapeme.live
Chikorita,161.29,Pokemon Merchandise,,,https://scrapeme.live/wp-content/uploads/2018/08/152-350x350.png,https://scrapeme.live/shop/Chikorita/,scrapeme.live
Bayleef,55.88,Pokemon Merchandise,,,https://scrapeme.live/wp-content/uploads/2018/08/153-350x350.png,https://scrapeme.live/shop/Bayleef/,scrapeme.live
Meganium,207.01,Pokemon Merchandise,,,https://scrapeme.live/wp-content/uploads/2018/08/154-350x350.png,https://scrapeme.live/shop/Meganium/,scrapeme.live
Cyndaquil,195.58,Pokemon Merchandise,,,https://scrapeme.live/wp-content/uploads/2018/08/155-350x350.png,https://scrapeme.live/shop/Cyndaquil/,scrapeme.live
Quilava,107.95,Pokemon Merchandise,,,https://scrapeme.live/wp-content/uploads/2018/08/156-350x350.png,https://scrapeme.live/shop/Quilava/,scrapeme.live
Typhlosion,242.57,Pokemon Merchandise,,,https://scrapeme.live/wp-content/uploads/2018/08/157-350x350.png,https://scrapeme.live/shop/Typhlosion/,scrapeme.live
Totodile,241.3,Pokemon Merchandise,,,https://scrapeme.live/wp-content/uploads/2018/08/158-350x350.png,https://scrapeme.live/shop/Totodile/,scrapeme.live
Croconaw,222.25,Pokemon Merchandise,,,https://scrapeme.live/wp-content/uploads/2018/08/159-350x350.png,https://scrapeme.live/shop/Croconaw/,scrapeme.live
Feraligatr,232.41,Pokemon Merchandise,,,https://scrapeme.live/wp-content/uploads/2018/08/160-350x350.png,https://scrapeme.live/shop/Feraligatr/,scrapeme.live
Sentret,60.96,Pokemon Merchandise,,,https://scrapeme.live/wp-content/uploads/2018/08/161-350x350.png,https://scrapeme.live/shop/Sentret/,scrapeme.live
Furret,195.58,Pokemon Merchandise,,,https://scrapeme.live/wp-content/uploads/2018/08/162-350x350.png,https://scrapeme.live/shop/Furret/,scrapeme.live
Hoothoot,60.96,Pokemon Merchandise,,,https://scrapeme.live/wp-content/uploads/2018/08/163-350x350.png,https://scrapeme.live/shop/Hoothoot/,scrapeme.live
Noctowl,215.9,Pokemon Merchandise,,,https://scrapeme.live/wp-content/uploads/2018/08/164-350x350.png,https://scrapeme.live/shop/Noctowl/,scrapeme.live
Ledyba,124.46,Pokemon Merchandise,,,https://scrapeme.live/wp-content/uploads/2018/08/165-350x350.png,https://scrapeme.live/shop/Ledyba/,scrapeme.live
Ledian,172.72,Pokemon Merchandise,,,https://scrapeme.live/wp-content/uploads/2018/08/166-350x350.png,https://scrapeme.live/shop/Ledian/,scrapeme.live
Spinarak,252.73,Pokemon Merchandise,,,https://scrapeme.live/wp-content/uploads/2018/08/167-350x350.png,https://scrapeme.live/shop/Spinarak/,scrapeme.live
Ariados,107.95,Pokemon Merchandise,,,https://scrapeme.live/wp-content/uploads/2018/08/168-350x350.png,https://scrapeme.live/shop/Ariados/,scrapeme.live
Crobat,247.65,Pokemon Merchandise,,,https://scrapeme.live/wp-content/uploads/2018/08/169-350x350.png,https://scrapeme.live/shop/Crobat/,scrapeme.live
Chinchou,74.93,Pokemon Merchandise,,,https://scrapeme.live/wp-content/uploads/2018/08/170-350x350.png,https://scrapeme.live/shop/Chinchou/,scrapeme.live
Lanturn,166.37,Pokemon Merchandise,,,https://scrapeme.live/wp-content/uploads/2018/08/171-350x350.png,https://scrapeme.live/shop/Lanturn/,scrapeme.live
Pichu,245.11,Pokemon Merchandise,,,https://scrapeme.live/wp-content/uploads/2018/08/172-350x350.png,https://scrapeme.live/shop/Pichu/,scrapeme.live
Cleffa,135.89,Pokemon Merchandise,,,https://scrapeme.live/wp-content/uploads/2018/08/173-350x350.png,https://scrapeme.live/shop/Cleffa/,scrapeme.live
Igglybuff,240.03,Pokemon Merchandise,,,https://scrapeme.live/wp-content/uploads/2018/08/174-350x350.png,https://scrapeme.live/shop/Igglybuff/,scrapeme.live
Togepi,59.69,Pokemon Merchandise,,,https://scrapeme.live/wp-content/uploads/2018/08/175-350x350.png,https://scrapeme.live/shop/Togepi/,scrapeme.live
Togetic,87.63,Pokemon Merchandise,,,https://scrapeme.live/wp-content/uploads/2018/08/176-350x350.png,https://scrapeme.live/shop/Togetic/,scrapeme.live
Natu,125.73,Pokemon Merchandise,,,https://scrapeme.live/wp-content/uploads/2018/08/177-350x350.png,https://scrapeme.live/shop/Natu/,scrapeme.live
Xatu,156.21,Pokemon Merchandise,,,https://scrapeme.live/wp-content/uploads/2018/08/178-350x350.png,https://scrapeme.live/shop/Xatu/,scrapeme.live
Mareep,100.33,Pokemon Merchandise,,,https://scrapeme.live/wp-content/uploads/2018/08/179-350x350.png,https://scrapeme.live/shop/Mareep/,scrapeme.live
Flaaffy,207.01,Pokemon Merchandise,,,https://scrapeme.live/wp-content/uploads/2018/08/180-350x350.png,https://scrapeme.live/shop/Flaaffy/,scrapeme.live
Ampharos,52.07,Pokemon Merchandise,,,https://scrapeme.live/wp-content/uploads/2018/08/181-350x350.png,https://scrapeme.live/shop/Ampharos/,scrapeme.live
Bellossom,31.75,Pokemon Merchandise,,,https://scrapeme.live/wp-content/uploads/2018/08/182-350x350.png,https://scrapeme.live/shop/Bellossom/,scrapeme.live
Marill,161.29,Pokemon Merchandise,,,https://scrapeme.live/wp-content/uploads/2018/08/183-350x350.png,https://scrapeme.live/shop/Marill/,scrapeme.live
Azumarill,222.25,Pokemon Merchandise,,,https://scrapeme.live/wp-content/uploads/2018/08/184-350x350.png,https://scrapeme.live/shop/Azumarill/,scrapeme.live
Sudowoodo,68.58,Pokemon Merchandise,,,https://scrapeme.live/wp-content/uploads/2018/08/185-350x350.png,https://scrapeme.live/shop/Sudowoodo/,scrapeme.live
Politoed,245.11,Pokemon Merchandise,,,https://scrapeme.live/wp-content/uploads/2018/08/186-350x350.png,https://scrapeme.live/shop/Politoed/,scrapeme.live
Hoppip,135.89,Pokemon Merchandise,,,https://scrapeme.live/wp-content/uploads/2018/08/187-350x350.png,https://scrapeme.live/shop/Hoppip/,scrapeme.live
Skiploom,234.95,Pokemon Merchandise,,,https://scrapeme.live/wp-content/uploads/2018/08/188-350x350.png,https://scrapeme.live/shop/Skiploom/,scrapeme.live
Jumpluff,135.89,Pokemon Merchandise,,,https://scrapeme.live/wp-content/uploads/2018/08/189-350x350.png,https://scrapeme.live/shop/Jumpluff/,scrapeme.live
Aipom,231.14,Pokemon Merchandise,,,https://scrapeme.live/wp-content/uploads/2018/08/190-350x350.png,https://scrapeme.live/shop/Aipom/,scrapeme.live
Sunkern,190.5,Pokemon Merchandise,,,https://scrapeme.live/wp-content/uploads/2018/08/191-350x350.png,https://scrapeme.live/shop/Sunkern/,scrapeme.live
Sunflora,41.91,Pokemon Merchandise,,,https://scrapeme.live/wp-content/uploads/2018/08/192-350x350.png,https://scrapeme.live/shop/Sunflora/,scrapeme.live
Yanma,165.1,Pokemon Merchandise,,,https://scrapeme.live/wp-content/uploads/2018/08/193-350x350.png,https://scrapeme.live/shop/Yanma/,scrapeme.live
Wooper,124.46,Pokemon Merchandise,,,https://scrapeme.live/wp-content/uploads/2018/08/194-350x350.png,https://scrapeme.live/shop/Wooper/,scrapeme.live
Quagsire,46.99,Pokemon Merchandise,,,https://scrapeme.live/wp-content/uploads/2018/08/195-350x350.png,https://scrapeme.live/shop/Quagsire/,scrapeme.live
Espeon,224.79,Pokemon Merchandise,,,https://scrapeme.live/wp-content/uploads/2018/08/196-350x350.png,https://scrapeme.live/shop/Espeon/,scrapeme.live
Umbreon,99.06,Pokemon Merchandise,,,https://scrapeme.live/wp-content/uploads/2018/08/197-350x350.png,https://scrapeme.live/shop/Umbreon/,scrapeme.live
Murkrow,226.06,Pokemon Merchandise,,,https://scrapeme.live/wp-content/uploads/2018/08/198-350x350.png,https://scrapeme.live/shop/Murkrow/,scrapeme.live
Slowking,220.98,Pokemon Merchandise,,,https://scrapeme.live/wp-content/uploads/2018/08/199-350x350.png,https://scrapeme.live/shop/Slowking/,scrapeme.live
Misdreavus,41.91,Pokemon Merchandise,,,https://scrapeme.live/wp-content/uploads/2018/08/200-350x350.png,https://scrapeme.live/shop/Misdreavus/,scrapeme.live
Unown,251.46,Pokemon Merchandise,,,https://scrapeme.live/wp-content/uploads/2018/08/201-350x350.png,https://scrapeme.live/shop/Unown/,scrapeme.live
Wobbuffet,135.89,Pokemon Merchandise,,,https://scrapeme.live/wp-content/uploads/2018/08/202-350x350.png,https://scrapeme.live/shop/Wobbuffet/,scrapeme.live
Girafarig,125.73,Pokemon Merchandise,,,https://scrapeme.live/wp-content/uploads/2018/08/203-350x350.png,https://scrapeme.live/shop/Girafarig/,scrapeme.live
Gligar,142.24,Pokemon Merchandise,,,https://scrapeme.live/wp-content/uploads/2018/08/207-350x350.png,https://scrapeme.live/shop/Gligar/,scrapeme.live
Steelix,147.32,Pokemon Merchandise,,,https://scrapeme.live/wp-content/uploads/2018/08/208-350x350.png,https://scrapeme.live/shop/Steelix/,scrapeme.live
Snubbull,80.01,Pokemon Merchandise,,,https://scrapeme.live/wp-content/uploads/2018/08/209-350x350.png,https://scrapeme.live/shop/Snubbull/,scrapeme.live
Granbull,74.93,Pokemon Merchandise,,,https://scrapeme.live/wp-content/uploads/2018/08/210-350x350.png,https://scrapeme.live/shop/Granbull/,scrapeme.live
Qwilfish,97.79,Pokemon Merchandise,,,https://scrapeme.live/wp-content/uploads/2018/08/211-350x350.png,https://scrapeme.live/shop/Qwilfish/,scrapeme.live
Scizor,218.44,Pokemon Merchandise,,,https://scrapeme.live/wp-content/uploads/2018/08/212-350x350.png,https://scrapeme.live/shop/Scizor/,scrapeme.live
Shuckle,246.38,Pokemon Merchandise,,,https://scrapeme.live/wp-content/uploads/2018/08/213-350x350.png,https://scrapeme.live/shop/Shuckle/,scrapeme.live
Heracross,181.61,Pokemon Merchandise,,,https://scrapeme.live/wp-content/uploads/2018/08/214-350x350.png,https://scrapeme.live/shop/Heracross/,scrapeme.live
Sneasel,137.16,Pokemon Merchandise,,,https://scrapeme.live/wp-content/uploads/2018/08/215-350x350.png,https://scrapeme.live/shop/Sneasel/,scrapeme.live
Teddiursa,219.71,Pokemon Merchandise,,,https://scrapeme.live/wp-content/uploads/2018/08/216-350x350.png,https://scrapeme.live/shop/Teddiursa/,scrapeme.live
Ursaring,39.37,Pokemon Merchandise,,,https://scrapeme.live/wp-content/uploads/2018/08/217-350x350.png,https://scrapeme.live/shop/Ursaring/,scrapeme.live
Magcargo,45.72,Pokemon Merchandise,,,https://scrapeme.live/wp-content/uploads/2018/08/219-350x350.png,https://scrapeme.live/shop/Magcargo/,scrapeme.live
Swinub,167.64,Pokemon Merchandise,,,https://scrapeme.live/wp-content/uploads/2018/08/220-350x350.png,https://scrapeme.live/shop/Swinub/,scrapeme.live
Piloswine,106.68,Pokemon Merchandise,,,https://scrapeme.live/wp-content/uploads/2018/08/221-350x350.png,https://scrapeme.live/shop/Piloswine/,scrapeme.live
Corsola,34.29,Pokemon Merchandise,,,https://scrapeme.live/wp-content/uploads/2018/08/222-350x350.png,https://scrapeme.live/shop/Corsola/,scrapeme.live
Remoraid,154.94,Pokemon Merchandise,,,https://scrapeme.live/wp-content/uploads/2018/08/223-350x350.png,https://scrapeme.live/shop/Remoraid/,scrapeme.live
Octillery,119.38,Pokemon Merchandise,,,https://scrapeme.live/wp-content/uploads/2018/08/224-350x350.png,https://scrapeme.live/shop/Octillery/,scrapeme.live
Delibird,153.67,Pokemon Merchandise,,,https://scrapeme.live/wp-content/uploads/2018/08/225-350x350.png,https://scrapeme.live/shop/Delibird/,scrapeme.live
Mantine,144.78,Pokemon Merchandise,,,https://scrapeme.live/wp-content/uploads/2018/08/226-350x350.png,https://scrapeme.live/shop/Mantine/,scrapeme.live
Skarmory,252.73,Pokemon Merchandise,,,https://scrapeme.live/wp-content/uploads/2018/08/227-350x350.png,https://scrapeme.live/shop/Skarmory/,scrapeme.live
Houndour,182.88,Pokemon Merchandise,,,https://scrapeme.live/wp-content/uploads/2018/08/228-350x350.png,https://scrapeme.live/shop/Houndour/,scrapeme.live
Houndoom,99.06,Pokemon Merchandise,,,https://scrapeme.live/wp-content/uploads/2018/08/229-350x350.png,https://scrapeme.live/shop/Houndoom/,scrapeme.live
Kingdra,157.48,Pokemon Merchandise,,,https://scrapeme.live/wp-content/uploads/2018/08/230-350x350.png,https://scrapeme.live/shop/Kingdra/,scrapeme.live
Phanpy,163.83,Pokemon Merchandise,,,https://scrapeme.live/wp-content/uploads/2018/08/231-350x350.png,https://scrapeme.live/shop/Phanpy/,scrapeme.live
Donphan,113.03,Pokemon Merchandise,,,https://scrapeme.live/wp-content/uploads/2018/08/232-350x350.png,https://scrapeme.live/shop/Donphan/,scrapeme.live
Porygon2,191.77,Pokemon Merchandise,,,https://scrapeme.live/wp-content/uploads/2018/08/233-350x350.png,https://scrapeme.live/shop/Porygon2/,scrapeme.live
Stantler,41.91,Pokemon Merchandise,,,https://scrapeme.live/wp-content/uploads/2018/08/234-350x350.png,https://scrapeme.live/shop/Stantler/,scrapeme.live
Smeargle,191.77,Pokemon Merchandise,,,https://scrapeme.live/wp-content/uploads/2018/08/235-350x350.png,https://scrapeme.live/shop/Smeargle/,scrapeme.live
Tyrogue,184.15,Pokemon Merchandise,,,https://scrapeme.live/wp-content/uploads/2018/08/236-350x350.png,https://scrapeme.live/shop/Tyrogue/,scrapeme.live
Hitmontop,189.23,Pokemon Merchandise,,,https://scrapeme.live/wp-content/uploads/2018/08/237-350x350.png,https://scrapeme.live/shop/Hitmontop/,scrapeme.live
Smoochum,210.82,Pokemon Merchandise,,,https://scrapeme.live/wp-content/uploads/2018/08/238-350x350.png,https://scrapeme.live/shop/Smoochum/,scrapeme.live
Elekid,132.08,Pokemon Merchandise,,,https://scrapeme.live/wp-content/uploads/2018/08/239-350x350.png,https://scrapeme.live/shop/Elekid/,scrapeme.live
Magby,50.8,Pokemon Merchandise,,,https://scrapeme.live/wp-content/uploads/2018/08/240-350x350.png,https://scrapeme.live/shop/Magby/,scrapeme.live
Miltank,33.02,Pokemon Merchandise,,,https://scrapeme.live/wp-content/uploads/2018/08/241-350x350.png,https://scrapeme.live/shop/Miltank/,scrapeme.live
Blissey,39.37,Pokemon Merchandise,,,https://scrapeme.live/wp-content/uploads/2018/08/242-350x350.png,https://scrapeme.live/shop/Blissey/,scrapeme.live
Raikou,83.82,Pokemon Merchandise,,,https://scrapeme.live/wp-content/uploads/2018/08/243-350x350.png,https://scrapeme.live/shop/Raikou/,scrapeme.live
Entei,34.29,Pokemon Merchandise,,,https://scrapeme.live/wp-content/uploads/2018/08/244-350x350.png,https://scrapeme.live/shop/Entei/,scrapeme.live
Suicune,86.36,Pokemon Merchandise,,,https://scrapeme.live/wp-content/uploads/2018/08/245-350x350.png,https://scrapeme.live/shop/Suicune/,scrapeme.live
Larvitar,33.02,Pokemon Merchandise,,,https://scrapeme.live/wp-content/uploads/2018/08/246-350x350.png,https://scrapeme.live/shop/Larvitar/,scrapeme.live
Pupitar,144.78,Pokemon Merchandise,,,https://scrapeme.live/wp-content/uploads/2018/08/247-350x350.png,https://scrapeme.live/shop/Pupitar/,scrapeme.live
Tyranitar,241.3,Pokemon Merchandise,,,https://scrapeme.live/wp-content/uploads/2018/08/248-350x350.png,https://scrapeme.live/shop/Tyranitar/,scrapeme.live
Lugia,109.22,Pokemon Merchandise,,,https://scrapeme.live/wp-content/uploads/2018/08/249-350x350.png,https://scrapeme.live/shop/Lugia/,scrapeme.live
Ho-oh,115.57,Pokemon Merchandise,,,https://scrapeme.live/wp-content/uploads/2018/08/250-350x350.png,https://scrapeme.live/shop/Ho-oh/,scrapeme.live
Celebi,140.97,Pokemon Merchandise,,,https://scrapeme.live/wp-content/uploads/2018/08/251-350x350.png,https://scrapeme.live/shop/Celebi/,scrapeme.live
Treecko,121.92,Pokemon Merchandise,,,https://scrapeme.live/wp-content/uploads/2018/08/252-350x350.png,https://scrapeme.live/shop/Treecko/,scrapeme.live
Grovyle,241.3,Pokemon Merchandise,,,https://scrapeme.live/wp-content/uploads/2018/08/253-350x350.png,https://scrapeme.live/shop/Grovyle/,scrapeme.live
Sceptile,46.99,Pokemon Merchandise,,,https://scrapeme.live/wp-content/uploads/2018/08/254-350x350.png,https://scrapeme.live/shop/Sceptile/,scrapeme.live
Torchic,35.56,Pokemon Merchandise,,,https://scrapeme.live/wp-content/uploads/2018/08/255-350x350.png,https://scrapeme.live/shop/Torchic/,scrapeme.live
Combusken,86.36,Pokemon Merchandise,,,https://scrapeme.live/wp-content/uploads/2018/08/256-350x350.png,https://scrapeme.live/shop/Combusken/,scrapeme.live
Blaziken,50.8,Pokemon Merchandise,,,https://scrapeme.live/wp-content/uploads/2018/08/257-350x350.png,https://scrapeme.live/shop/Blaziken/,scrapeme.live
Mudkip,177.8,Pokemon Merchandise,,,https://scrapeme.live/wp-content/uploads/2018/08/258-350x350.png,https://scrapeme.live/shop/Mudkip/,scrapeme.live
Marshtomp,193.04,Pokemon Merchandise,,,https://scrapeme.live/wp-content/uploads/2018/08/259-350x350.png,https://scrapeme.live/shop/Marshtomp/,scrapeme.live
Swampert,182.88,Pokemon Merchandise,,,https://scrapeme.live/wp-content/uploads/2018/08/260-350x350.png,https://scrapeme.live/shop/Swampert/,scrapeme.live
Poochyena,165.1,Pokemon Merchandise,,,https://scrapeme.live/wp-content/uploads/2018/08/261-350x350.png,https://scrapeme.live/shop/Poochyena/,scrapeme.live
Mightyena,222.25,Pokemon Merchandise,,,https://scrapeme.live/wp-content/uploads/2018/08/262-350x350.png,https://scrapeme.live/shop/Mightyena/,scrapeme.live
Zigzagoon,105.41,Pokemon Merchandise,,,https://scrapeme.live/wp-content/uploads/2018/08/263-350x350.png,https://scrapeme.live/shop/Zigzagoon/,scrapeme.live
Linoone,102.87,Pokemon Merchandise,,,https://scrapeme.live/wp-content/uploads/2018/08/264-350x350.png,https://scrapeme.live/shop/Linoone/,scrapeme.live
Wurmple,247.65,Pokemon Merchandise,,,https://scrapeme.live/wp-content/uploads/2018/08/265-350x350.png,https://scrapeme.live/shop/Wurmple/,scrapeme.live
Silcoon,101.6,Pokemon Merchandise,,,https://scrapeme.live/wp-content/uploads/2018/08/266-350x350.png,https://scrapeme.live/shop/Silcoon/,scrapeme.live
Beautifly,184.15,Pokemon Merchandise,,,https://scrapeme.live/wp-content/uploads/2018/08/267-350x350.png,https://scrapeme.live/shop/Beautifly/,scrapeme.live
Cascoon,210.82,Pokemon Merchandise,,,https://scrapeme.live/wp-content/uploads/2018/08/268-350x350.png,https://scrapeme.live/shop/Cascoon/,scrapeme.live
Dustox,115.57,Pokemon Merchandise,,,https://scrapeme.live/wp-content/uploads/2018/08/269-350x350.png,https://scrapeme.live/shop/Dustox/,scrapeme.live
Lotad,204.47,Pokemon Merchandise,,,https://scrapeme.live/wp-content/uploads/2018/08/270-350x350.png,https://scrapeme.live/shop/Lotad/,scrapeme.live
Lombre,100.33,Pokemon Merchandise,,,https://scrapeme.live/wp-content/uploads/2018/08/271-350x350.png,https://scrapeme.live/shop/Lombre/,scrapeme.live
Ludicolo,240.03,Pokemon Merchandise,,,https://scrapeme.live/wp-content/uploads/2018/08/272-350x350.png,https://scrapeme.live/shop/Ludicolo/,scrapeme.live
Seedot,33.02,Pokemon Merchandise,,,https://scrapeme.live/wp-content/uploads/2018/08/273-350x350.png,https://scrapeme.live/shop/Seedot/,scrapeme.live
Nuzleaf,33.02,Pokemon Merchandise,,,https://scrapeme.live/wp-content/uploads/2018/08/274-350x350.png,https://scrapeme.live/shop/Nuzleaf/,scrapeme.live
Shiftry,199.39,Pokemon Merchandise,,,https://scrapeme.live/wp-content/uploads/2018/08/275-350x350.png,https://scrapeme.live/shop/Shiftry/,scrapeme.live
Taillow,107.95,Pokemon Merchandise,,,https://scrapeme.live/wp-content/uploads/2018/08/276-350x350.png,https://scrapeme.live/shop/Taillow/,scrapeme.live
Swellow,111.76,Pokemon Merchandise,,,https://scrapeme.live/wp-content/uploads/2018/08/277-350x350.png,https://scrapeme.live/shop/Swellow/,scrapeme.live
Wingull,194.31,Pokemon Merchandise,,,https://scrapeme.live/wp-content/uploads/2018/08/278-350x350.png,https://scrapeme.live/shop/Wingull/,scrapeme.live
Pelipper,200.66,Pokemon Merchandise,,,https://scrapeme.live/wp-content/uploads/2018/08/279-350x350.png,https://scrapeme.live/shop/Pelipper/,scrapeme.live
Ralts,191.77,Pokemon Merchandise,,,https://scrapeme.live/wp-content/uploads/2018/08/280-350x350.png,https://scrapeme.live/shop/Ralts/,scrapeme.live
Kirlia,236.22,Pokemon Merchandise,,,https://scrapeme.live/wp-content/uploads/2018/08/281-350x350.png,https://scrapeme.live/shop/Kirlia/,scrapeme.live
Gardevoir,43.18,Pokemon Merchandise,,,https://scrapeme.live/wp-content/uploads/2018/08/282-350x350.png,https://scrapeme.live/shop/Gardevoir/,scrapeme.live
Surskit,142.24,Pokemon Merchandise,,,https://scrapeme.live/wp-content/uploads/2018/08/283-350x350.png,https://scrapeme.live/shop/Surskit/,scrapeme.live
Masquerain,49.53,Pokemon Merchandise,,,https://scrapeme.live/wp-content/uploads/2018/08/284-350x350.png,https://scrapeme.live/shop/Masquerain/,scrapeme.live
Shroomish,39.37,Pokemon Merchandise,,,https://scrapeme.live/wp-content/uploads/2018/08/285-350x350.png,https://scrapeme.live/shop/Shroomish/,scrapeme.live
Breloom,143.51,Pokemon Merchandise,,,https://scrapeme.live/wp-content/uploads/2018/08/286-350x350.png,https://scrapeme.live/shop/Breloom/,scrapeme.live
Slakoth,87.63,Pokemon Merchandise,,,https://scrapeme.live/wp-content/uploads/2018/08/287-350x350.png,https://scrapeme.live/shop/Slakoth/,scrapeme.live
Vigoroth,31.75,Pokemon Merchandise,,,https://scrapeme.live/wp-content/uploads/2018/08/288-350x350.png,https://scrapeme.live/shop/Vigoroth/,scrapeme.live
Slaking,151.13,Pokemon Merchandise,,,https://scrapeme.live/wp-content/uploads/2018/08/289-350x350.png,https://scrapeme.live/shop/Slaking/,scrapeme.live
Nincada,48.26,Pokemon Merchandise,,,https://scrapeme.live/wp-content/uploads/2018/08/290-350x350.png,https://scrapeme.live/shop/Nincada/,scrapeme.live
Ninjask,204.47,Pokemon Merchandise,,,https://scrapeme.live/wp-content/uploads/2018/08/291-350x350.png,https://scrapeme.live/shop/Ninjask/,scrapeme.live
Shedinja,162.56,Pokemon Merchandise,,,https://scrapeme.live/wp-content/uploads/2018/08/292-350x350.png,https://scrapeme.live/shop/Shedinja/,scrapeme.live
Whismur,173.99,Pokemon Merchandise,,,https://scrapeme.live/wp-content/uploads/2018/08/293-350x350.png,https://scrapeme.live/shop/Whismur/,scrapeme.live
Loudred,184.15,Pokemon Merchandise,,,https://scrapeme.live/wp-content/uploads/2018/08/294-350x350.png,https://scrapeme.live/shop/Loudred/,scrapeme.live
Exploud,204.47,Pokemon Merchandise,,,https://scrapeme.live/wp-content/uploads/2018/08/295-350x350.png,https://scrapeme.live/shop/Exploud/,scrapeme.live
Makuhita,38.1,Pokemon Merchandise,,,https://scrapeme.live/wp-content/uploads/2018/08/296-350x350.png,https://scrapeme.live/shop/Makuhita/,scrapeme.live
Hariyama,223.52,Pokemon Merchandise,,,https://scrapeme.live/wp-content/uploads/2018/08/297-350x350.png,https://scrapeme.live/shop/Hariyama/,scrapeme.live
Azurill,88.9,Pokemon Merchandise,,,https://scrapeme.live/wp-content/uploads/2018/08/298-350x350.png,https://scrapeme.live/shop/Azurill/,scrapeme.live
Nosepass,52.07,Pokemon Merchandise,,,https://scrapeme.live/wp-content/uploads/2018/08/299-350x350.png,https://scrapeme.live/shop/Nosepass/,scrapeme.live
Skitty,198.12,Pokemon Merchandise,,,https://scrapeme.live/wp-content/uploads/2018/08/300-350x350.png,https://scrapeme.live/shop/Skitty/,scrapeme.live
Delcatty,215.9,Pokemon Merchandise,,,https://scrapeme.live/wp-content/uploads/2018/08/301-350x350.png,https://scrapeme.live/shop/Delcatty/,scrapeme.live
Sableye,102.87,Pokemon Merchandise,,,https://scrapeme.live/wp-content/uploads/2018/08/302-350x350.png,https://scrapeme.live/shop/Sableye/,scrapeme.live
Mawile,151.13,Pokemon Merchandise,,,https://scrapeme.live/wp-content/uploads/2018/08/303-350x350.png,https://scrapeme.live/shop/Mawile/,scrapeme.live
Aron,189.23,Pokemon Merchandise,,,https://scrapeme.live/wp-content/uploads/2018/08/304-350x350.png,https://scrapeme.live/shop/Aron/,scrapeme.live
Lairon,88.9,Pokemon Merchandise,,,https://scrapeme.live/wp-content/uploads/2018/08/305-350x350.png,https://scrapeme.live/shop/Lairon/,scrapeme.live
Aggron,177.8,Pokemon Merchandise,,,https://scrapeme.live/wp-content/uploads/2018/08/306-350x350.png,https://scrapeme.live/shop/Aggron/,scrapeme.live
Meditite,123.19,Pokemon Merchandise,,,https://scrapeme.live/wp-content/uploads/2018/08/307-350x350.png,https://scrapeme.live/shop/Meditite/,scrapeme.live
Medicham,97.79,Pokemon Merchandise,,,https://scrapeme.live/wp-content/uploads/2018/08/308-350x350.png,https://scrapeme.live/shop/Medicham/,scrapeme.live
Electrike,184.15,Pokemon Merchandise,,,https://scrapeme.live/wp-content/uploads/2018/08/309-350x350.png,https://scrapeme.live/shop/Electrike/,scrapeme.live
Manectric,96.52,Pokemon Merchandise,,,https://scrapeme.live/wp-content/uploads/2018/08/310-350x350.png,https://scrapeme.live/shop/Manectric/,scrapeme.live
Plusle,71.12,Pokemon Merchandise,,,https://scrapeme.live/wp-content/uploads/2018/08/311-350x350.png,https://scrapeme.live/shop/Plusle/,scrapeme.live
Minun,245.11,Pokemon Merchandise,,,https://scrapeme.live/wp-content/uploads/2018/08/312-350x350.png,https://scrapeme.live/shop/Minun/,scrapeme.live
Volbeat,156.21,Pokemon Merchandise,,,https://scrapeme.live/wp-content/uploads/2018/08/313-350x350.png,https://scrapeme.live/shop/Volbeat/,scrapeme.live
Illumise,212.09,Pokemon Merchandise,,,https://scrapeme.live/wp-content/uploads/2018/08/314-350x350.png,https://scrapeme.live/shop/Illumise/,scrapeme.live
Roselia,114.3,Pokemon Merchandise,,,https://scrapeme.live/wp-content/uploads/2018/08/315-350x350.png,https://scrapeme.live/shop/Roselia/,scrapeme.live
Gulpin,172.72,Pokemon Merchandise,,,https://scrapeme.live/wp-content/uploads/2018/08/316-350x350.png,https://scrapeme.live/shop/Gulpin/,scrapeme.live
Swalot,165.1,Pokemon Merchandise,,,https://scrapeme.live/wp-content/uploads/2018/08/317-350x350.png,https://scrapeme.live/shop/Swalot/,scrapeme.live
Carvanha,31.75,Pokemon Merchandise,,,https://scrapeme.live/wp-content/uploads/2018/08/318-350x350.png,https://scrapeme.live/shop/Carvanha/,scrapeme.live
Sharpedo,163.83,Pokemon Merchandise,,,https://scrapeme.live/wp-content/uploads/2018/08/319-350x350.png,https://scrapeme.live/shop/Sharpedo/,scrapeme.live
Wailmer,114.3,Pokemon Merchandise,,,https://scrapeme.live/wp-content/uploads/2018/08/320-350x350.png,https://scrapeme.live/shop/Wailmer/,scrapeme.live
Wailord,190.5,Pokemon Merchandise,,,https://scrapeme.live/wp-content/uploads/2018/08/321-350x350.png,https://scrapeme.live/shop/Wailord/,scrapeme.live
Numel,215.9,Pokemon Merchandise,,,https://scrapeme.live/wp-content/uploads/2018/08/322-350x350.png,https://scrapeme.live/shop/Numel/,scrapeme.live
Camerupt,157.48,Pokemon Merchandise,,,https://scrapeme.live/wp-content/uploads/2018/08/323-350x350.png,https://scrapeme.live/shop/Camerupt/,scrapeme.live
Torkoal,124.46,Pokemon Merchandise,,,https://scrapeme.live/wp-content/uploads/2018/08/324-350x350.png,https://scrapeme.live/shop/Torkoal/,scrapeme.live
Spoink,207.01,Pokemon Merchandise,,,https://scrapeme.live/wp-content/uploads/2018/08/325-350x350.png,https://scrapeme.live/shop/Spoink/,scrapeme.live
Grumpig,231.14,Pokemon Merchandise,,,https://scrapeme.live/wp-content/uploads/2018/08/326-350x350.png,https://scrapeme.live/shop/Grumpig/,scrapeme.live
Spinda,189.23,Pokemon Merchandise,,,https://scrapeme.live/wp-content/uploads/2018/08/327-350x350.png,https://scrapeme.live/shop/Spinda/,scrapeme.live
Trapinch,147.32,Pokemon Merchandise,,,https://scrapeme.live/wp-content/uploads/2018/08/328-350x350.png,https://scrapeme.live/shop/Trapinch/,scrapeme.live
Vibrava,254.0,Pokemon Merchandise,,,https://scrapeme.live/wp-content/uploads/2018/08/329-350x350.png,https://scrapeme.live/shop/Vibrava/,scrapeme.live
Flygon,220.98,Pokemon Merchandise,,,https://scrapeme.live/wp-content/uploads/2018/08/330-350x350.png,https://scrapeme.live/shop/Flygon/,scrapeme.live
Cacnea,133.35,Pokemon Merchandise,,,https://scrapeme.live/wp-content/uploads/2018/08/331-350x350.png,https://scrapeme.live/shop/Cacnea/,scrapeme.live
Cacturne,39.37,Pokemon Merchandise,,,https://scrapeme.live/wp-content/uploads/2018/08/332-350x350.png,https://scrapeme.live/shop/Cacturne/,scrapeme.live
Swablu,153.67,Pokemon Merchandise,,,https://scrapeme.live/wp-content/uploads/2018/08/333-350x350.png,https://scrapeme.live/shop/Swablu/,scrapeme.live
Altaria,132.08,Pokemon Merchandise,,,https://scrapeme.live/wp-content/uploads/2018/08/334-350x350.png,https://scrapeme.live/shop/Altaria/,scrapeme.live
Seviper,135.89,Pokemon Merchandise,,,https://scrapeme.live/wp-content/uploads/2018/08/336-350x350.png,https://scrapeme.live/shop/Seviper/,scrapeme.live
Lunatone,224.79,Pokemon Merchandise,,,https://scrapeme.live/wp-content/uploads/2018/08/337-350x350.png,https://scrapeme.live/shop/Lunatone/,scrapeme.live
Solrock,72.39,Pokemon Merchandise,,,https://scrapeme.live/wp-content/uploads/2018/08/338-350x350.png,https://scrapeme.live/shop/Solrock/,scrapeme.live
Whiscash,227.33,Pokemon Merchandise,,,https://scrapeme.live/wp-content/uploads/2018/08/340-350x350.png,https://scrapeme.live/shop/Whiscash/,scrapeme.live
Corphish,226.06,Pokemon Merchandise,,,https://scrapeme.live/wp-content/uploads/2018/08/341-350x350.png,https://scrapeme.live/shop/Corphish/,scrapeme.live
Crawdaunt,219.71,Pokemon Merchandise,,,https://scrapeme.live/wp-content/uploads/2018/08/342-350x350.png,https://scrapeme.live/shop/Crawdaunt/,scrapeme.live
Baltoy,212.09,Pokemon Merchandise,,,https://scrapeme.live/wp-content/uploads/2018/08/343-350x350.png,https://scrapeme.live/shop/Baltoy/,scrapeme.live
Claydol,250.19,Pokemon Merchandise,,,https://scrapeme.live/wp-content/uploads/2018/08/344-350x350.png,https://scrapeme.live/shop/Claydol/,scrapeme.live
Lileep,110.49,Pokemon Merchandise,,,https://scrapeme.live/wp-content/uploads/2018/08/345-350x350.png,https://scrapeme.live/shop/Lileep/,scrapeme.live
Cradily,195.58,Pokemon Merchandise,,,https://scrapeme.live/wp-content/uploads/2018/08/346-350x350.png,https://scrapeme.live/shop/Cradily/,scrapeme.live
Anorith,81.28,Pokemon Merchandise,,,https://scrapeme.live/wp-content/uploads/2018/08/347-350x350.png,https://scrapeme.live/shop/Anorith/,scrapeme.live
Armaldo,53.34,Pokemon Merchandise,,,https://scrapeme.live/wp-content/uploads/2018/08/348-350x350.png,https://scrapeme.live/shop/Armaldo/,scrapeme.live
Feebas,246.38,Pokemon Merchandise,,,https://scrapeme.live/wp-content/uploads/2018/08/349-350x350.png,https://scrapeme.live/shop/Feebas/,scrapeme.live
Milotic,193.04,Pokemon Merchandise,,,https://scrapeme.live/wp-content/uploads/2018/08/350-350x350.png,https://scrapeme.live/shop/Milotic/,scrapeme.live
Castform,151.13,Pokemon Merchandise,,,https://scrapeme.live/wp-content/uploads/2018/08/351-350x350.png,https://scrapeme.live/shop/Castform/,scrapeme.live
Kecleon,127.0,Pokemon Merchandise,,,https://scrapeme.live/wp-content/uploads/2018/08/352-350x350.png,https://scrapeme.live/shop/Kecleon/,scrapeme.live
Shuppet,220.98,Pokemon Merchandise,,,https://scrapeme.live/wp-content/uploads/2018/08/353-350x350.png,https://scrapeme.live/shop/Shuppet/,scrapeme.live
Banette,132.08,Pokemon Merchandise,,,https://scrapeme.live/wp-content/uploads/2018/08/354-350x350.png,https://scrapeme.live/shop/Banette/,scrapeme.live
Duskull,176.53,Pokemon Merchandise,,,https://scrapeme.live/wp-content/uploads/2018/08/355-350x350.png,https://scrapeme.live/shop/Duskull/,scrapeme.live
Dusclops,49.53,Pokemon Merchandise,,,https://scrapeme.live/wp-content/uploads/2018/08/356-350x350.png,https://scrapeme.live/shop/Dusclops/,scrapeme.live
Tropius,248.92,Pokemon Merchandise,,,https://scrapeme.live/wp-content/uploads/2018/08/357-350x350.png,https://scrapeme.live/shop/Tropius/,scrapeme.live
Chimecho,64.77,Pokemon Merchandise,,,https://scrapeme.live/wp-content/uploads/2018/08/358-350x350.png,https://scrapeme.live/shop/Chimecho/,scrapeme.live
Absol,170.18,Pokemon Merchandise,,,https://scrapeme.live/wp-content/uploads/2018/08/359-350x350.png,https://scrapeme.live/shop/Absol/,scrapeme.live
Wynaut,213.36,Pokemon Merchandise,,,https://scrapeme.live/wp-content/uploads/2018/08/360-350x350.png,https://scrapeme.live/shop/Wynaut/,scrapeme.live
Snorunt,104.14,Pokemon Merchandise,,,https://scrapeme.live/wp-content/uploads/2018/08/361-350x350.png,https://scrapeme.live/shop/Snorunt/,scrapeme.live
Glalie,226.06,Pokemon Merchandise,,,https://scrapeme.live/wp-content/uploads/2018/08/362-350x350.png,https://scrapeme.live/shop/Glalie/,scrapeme.live
Spheal,245.11,Pokemon Merchandise,,,https://scrapeme.live/wp-content/uploads/2018/08/363-350x350.png,https://scrapeme.live/shop/Spheal/,scrapeme.live
Sealeo,203.2,Pokemon Merchandise,,,https://scrapeme.live/wp-content/uploads/2018/08/364-350x350.png,https://scrapeme.live/shop/Sealeo/,scrapeme.live
Walrein,34.29,Pokemon Merchandise,,,https://scrapeme.live/wp-content/uploads/2018/08/365-350x350.png,https://scrapeme.live/shop/Walrein/,scrapeme.live
Clamperl,60.96,Pokemon Merchandise,,,https://scrapeme.live/wp-content/uploads/2018/08/366-350x350.png,https://scrapeme.live/shop/Clamperl/,scrapeme.live
Huntail,66.04,Pokemon Merchandise,,,https://scrapeme.live/wp-content/uploads/2018/08/367-350x350.png,https://scrapeme.live/shop/Huntail/,scrapeme.live
Gorebyss,190.5,Pokemon Merchandise,,,https://scrapeme.live/wp-content/uploads/2018/08/368-350x350.png,https://scrapeme.live/shop/Gorebyss/,scrapeme.live
Relicanth,199.39,Pokemon Merchandise,,,https://scrapeme.live/wp-content/uploads/2018/08/369-350x350.png,https://scrapeme.live/shop/Relicanth/,scrapeme.live
Luvdisc,55.88,Pokemon Merchandise,,,https://scrapeme.live/wp-content/uploads/2018/08/370-350x350.png,https://scrapeme.live/shop/Luvdisc/,scrapeme.live
Bagon,43.18,Pokemon Merchandise,,,https://scrapeme.live/wp-content/uploads/2018/08/371-350x350.png,https://scrapeme.live/shop/Bagon/,scrapeme.live
Shelgon,71.12,Pokemon Merchandise,,,https://scrapeme.live/wp-content/uploads/2018/08/372-350x350.png,https://scrapeme.live/shop/Shelgon/,scrapeme.live
Salamence,78.74,Pokemon Merchandise,,,https://scrapeme.live/wp-content/uploads/2018/08/373-350x350.png,https://scrapeme.live/shop/Salamence/,scrapeme.live
Beldum,154.94,Pokemon Merchandise,,,https://scrapeme.live/wp-content/uploads/2018/08/374-350x350.png,https://scrapeme.live/shop/Beldum/,scrapeme.live
Metang,99.06,Pokemon Merchandise,,,https://scrapeme.live/wp-content/uploads/2018/08/375-350x350.png,https://scrapeme.live/shop/Metang/,scrapeme.live
Metagross,215.9,Pokemon Merchandise,,,https://scrapeme.live/wp-content/uploads/2018/08/376-350x350.png,https://scrapeme.live/shop/Metagross/,scrapeme.live
Regirock,83.82,Pokemon Merchandise,,,https://scrapeme.live/wp-content/uploads/2018/08/377-350x350.png,https://scrapeme.live/shop/Regirock/,scrapeme.live
Regice,209.55,Pokemon Merchandise,,,https://scrapeme.live/wp-content/uploads/2018/08/378-350x350.png,https://scrapeme.live/shop/Regice/,scrapeme.live
Registeel,248.92,Pokemon Merchandise,,,https://scrapeme.live/wp-content/uploads/2018/08/379-350x350.png,https://scrapeme.live/shop/Registeel/,scrapeme.live
Latias,160.02,Pokemon Merchandise,,,https://scrapeme.live/wp-content/uploads/2018/08/380-350x350.png,https://scrapeme.live/shop/Latias/,scrapeme.live
Latios,210.82,Pokemon Merchandise,,,https://scrapeme.live/wp-content/uploads/2018/08/381-350x350.png,https://scrapeme.live/shop/Latios/,scrapeme.live
Kyogre,34.29,Pokemon Merchandise,,,https://scrapeme.live/wp-content/uploads/2018/08/382-350x350.png,https://scrapeme.live/shop/Kyogre/,scrapeme.live
Groudon,157.48,Pokemon Merchandise,,,https://scrapeme.live/wp-content/uploads/2018/08/383-350x350.png,https://scrapeme.live/shop/Groudon/,scrapeme.live
Rayquaza,123.19,Pokemon Merchandise,,,https://scrapeme.live/wp-content/uploads/2018/08/384-350x350.png,https://scrapeme.live/shop/Rayquaza/,scrapeme.live
Jirachi,140.97,Pokemon Merchandise,,,https://scrapeme.live/wp-content/uploads/2018/08/385-350x350.png,https://scrapeme.live/shop/Jirachi/,scrapeme.live
Turtwig,128.27,Pokemon Merchandise,,,https://scrapeme.live/wp-content/uploads/2018/08/387-350x350.png,https://scrapeme.live/shop/Turtwig/,scrapeme.live
Grotle,195.58,Pokemon Merchandise,,,https://scrapeme.live/wp-content/uploads/2018/08/388-350x350.png,https://scrapeme.live/shop/Grotle/,scrapeme.live
Torterra,110.49,Pokemon Merchandise,,,https://scrapeme.live/wp-content/uploads/2018/08/389-350x350.png,https://scrapeme.live/shop/Torterra/,scrapeme.live
Chimchar,181.61,Pokemon Merchandise,,,https://scrapeme.live/wp-content/uploads/2018/08/390-350x350.png,https://scrapeme.live/shop/Chimchar/,scrapeme.live
Monferno,86.36,Pokemon Merchandise,,,https://scrapeme.live/wp-content/uploads/2018/08/391-350x350.png,https://scrapeme.live/shop/Monferno/,scrapeme.live
Infernape,209.55,Pokemon Merchandise,,,https://scrapeme.live/wp-content/uploads/2018/08/392-350x350.png,https://scrapeme.live/shop/Infernape/,scrapeme.live
Prinplup,224.79,Pokemon Merchandise,,,https://scrapeme.live/wp-content/uploads/2018/08/394-350x350.png,https://scrapeme.live/shop/Prinplup/,scrapeme.live
Empoleon,53.34,Pokemon Merchandise,,,https://scrapeme.live/wp-content/uploads/2018/08/395-350x350.png,https://scrapeme.live/shop/Empoleon/,scrapeme.live
Starly,74.93,Pokemon Merchandise,,,https://scrapeme.live/wp-content/uploads/2018/08/396-350x350.png,https://scrapeme.live/shop/Starly/,scrapeme.live
Staravia,200.66,Pokemon Merchandise,,,https://scrapeme.live/wp-content/uploads/2018/08/397-350x350.png,https://scrapeme.live/shop/Staravia/,scrapeme.live
Staraptor,53.34,Pokemon Merchandise,,,https://scrapeme.live/wp-content/uploads/2018/08/398-350x350.png,https://scrapeme.live/shop/Staraptor/,scrapeme.live
Bidoof,162.56,Pokemon Merchandise,,,https://scrapeme.live/wp-content/uploads/2018/08/399-350x350.png,https://scrapeme.live/shop/Bidoof/,scrapeme.live
Bibarel,144.78,Pokemon Merchandise,,,https://scrapeme.live/wp-content/uploads/2018/08/400-350x350.png,https://scrapeme.live/shop/Bibarel/,scrapeme.live
Kricketot,119.38,Pokemon Merchandise,,,https://scrapeme.live/wp-content/uploads/2018/08/401-350x350.png,https://scrapeme.live/shop/Kricketot/,scrapeme.live
Kricketune,67.31,Pokemon Merchandise,,,https://scrapeme.live/wp-content/uploads/2018/08/402-350x350.png,https://scrapeme.live/shop/Kricketune/,scrapeme.live
Shinx,189.23,Pokemon Merchandise,,,https://scrapeme.live/wp-content/uploads/2018/08/403-350x350.png,https://scrapeme.live/shop/Shinx/,scrapeme.live
Luxio,213.36,Pokemon Merchandise,,,https://scrapeme.live/wp-content/uploads/2018/08/404-350x350.png,https://scrapeme.live/shop/Luxio/,scrapeme.live
Luxray,54.61,Pokemon Merchandise,,,https://scrapeme.live/wp-content/uploads/2018/08/405-350x350.png,https://scrapeme.live/shop/Luxray/,scrapeme.live
Budew,217.17,Pokemon Merchandise,,,https://scrapeme.live/wp-content/uploads/2018/08/406-350x350.png,https://scrapeme.live/shop/Budew/,scrapeme.live
Roserade,196.85,Pokemon Merchandise,,,https://scrapeme.live/wp-content/uploads/2018/08/407-350x350.png,https://scrapeme.live/shop/Roserade/,scrapeme.live
Cranidos,59.69,Pokemon Merchandise,,,https://scrapeme.live/wp-content/uploads/2018/08/408-350x350.png,https://scrapeme.live/shop/Cranidos/,scrapeme.live
Rampardos,248.92,Pokemon Merchandise,,,https://scrapeme.live/wp-content/uploads/2018/08/409-350x350.png,https://scrapeme.live/shop/Rampardos/,scrapeme.live
Shieldon,53.34,Pokemon Merchandise,,,https://scrapeme.live/wp-content/uploads/2018/08/410-350x350.png,https://scrapeme.live/shop/Shieldon/,scrapeme.live
Bastiodon,242.57,Pokemon Merchandise,,,https://scrapeme.live/wp-content/uploads/2018/08/411-350x350.png,https://scrapeme.live/shop/Bastiodon/,scrapeme.live
Burmy,115.57,Pokemon Merchandise,,,https://scrapeme.live/wp-content/uploads/2018/08/412-350x350.png,https://scrapeme.live/shop/Burmy/,scrapeme.live
Mothim,224.79,Pokemon Merchandise,,,https://scrapeme.live/wp-content/uploads/2018/08/414-350x350.png,https://scrapeme.live/shop/Mothim/,scrapeme.live
Combee,140.97,Pokemon Merchandise,,,https://scrapeme.live/wp-content/uploads/2018/08/415-350x350.png,https://scrapeme.live/shop/Combee/,scrapeme.live
Vespiquen,132.08,Pokemon Merchandise,,,https://scrapeme.live/wp-content/uploads/2018/08/416-350x350.png,https://scrapeme.live/shop/Vespiquen/,scrapeme.live
Pachirisu,191.77,Pokemon Merchandise,,,https://scrapeme.live/wp-content/uploads/2018/08/417-350x350.png,https://scrapeme.live/shop/Pachirisu/,scrapeme.live
Buizel,69.85,Pokemon Merchandise,,,https://scrapeme.live/wp-content/uploads/2018/08/418-350x350.png,https://scrapeme.live/shop/Buizel/,scrapeme.live
Floatzel,50.8,Pokemon Merchandise,,,https://scrapeme.live/wp-content/uploads/2018/08/419-350x350.png,https://scrapeme.live/shop/Floatzel/,scrapeme.live
Cherubi,128.27,Pokemon Merchandise,,,https://scrapeme.live/wp-content/uploads/2018/08/420-350x350.png,https://scrapeme.live/shop/Cherubi/,scrapeme.live
Cherrim,204.47,Pokemon Merchandise,,,https://scrapeme.live/wp-content/uploads/2018/08/421-350x350.png,https://scrapeme.live/shop/Cherrim/,scrapeme.live
Shellos,207.01,Pokemon Merchandise,,,https://scrapeme.live/wp-content/uploads/2018/08/422-350x350.png,https://scrapeme.live/shop/Shellos/,scrapeme.live
Gastrodon,187.96,Pokemon Merchandise,,,https://scrapeme.live/wp-content/uploads/2018/08/423-350x350.png,https://scrapeme.live/shop/Gastrodon/,scrapeme.live
Ambipom,45.72,Pokemon Merchandise,,,https://scrapeme.live/wp-content/uploads/2018/08/424-350x350.png,https://scrapeme.live/shop/Ambipom/,scrapeme.live
Drifloon,88.9,Pokemon Merchandise,,,https://scrapeme.live/wp-content/uploads/2018/08/425-350x350.png,https://scrapeme.live/shop/Drifloon/,scrapeme.live
Drifblim,45.72,Pokemon Merchandise,,,https://scrapeme.live/wp-content/uploads/2018/08/426-350x350.png,https://scrapeme.live/shop/Drifblim/,scrapeme.live
Buneary,228.6,Pokemon Merchandise,,,https://scrapeme.live/wp-content/uploads/2018/08/427-350x350.png,https://scrapeme.live/shop/Buneary/,scrapeme.live
Lopunny,156.21,Pokemon Merchandise,,,https://scrapeme.live/wp-content/uploads/2018/08/428-350x350.png,https://scrapeme.live/shop/Lopunny/,scrapeme.live
Mismagius,48.26,Pokemon Merchandise,,,https://scrapeme.live/wp-content/uploads/2018/08/429-350x350.png,https://scrapeme.live/shop/Mismagius/,scrapeme.live
Honchkrow,59.69,Pokemon Merchandise,,,https://scrapeme.live/wp-content/uploads/2018/08/430-350x350.png,https://scrapeme.live/shop/Honchkrow/,scrapeme.live
Glameow,49.53,Pokemon Merchandise,,,https://scrapeme.live/wp-content/uploads/2018/08/431-350x350.png,https://scrapeme.live/shop/Glameow/,scrapeme.live
Purugly,162.56,Pokemon Merchandise,,,https://scrapeme.live/wp-content/uploads/2018/08/432-350x350.png,https://scrapeme.live/shop/Purugly/,scrapeme.live
Stunky,134.62,Pokemon Merchandise,,,https://scrapeme.live/wp-content/uploads/2018/08/434-350x350.png,https://scrapeme.live/shop/Stunky/,scrapeme.live
Skuntank,142.24,Pokemon Merchandise,,,https://scrapeme.live/wp-content/uploads/2018/08/435-350x350.png,https://scrapeme.live/shop/Skuntank/,scrapeme.live
Bronzong,139.7,Pokemon Merchandise,,,https://scrapeme.live/wp-content/uploads/2018/08/437-350x350.png,https://scrapeme.live/shop/Bronzong/,scrapeme.live
Bonsly,134.62,Pokemon Merchandise,,,https://scrapeme.live/wp-content/uploads/2018/08/438-350x350.png,https://scrapeme.live/shop/Bonsly/,scrapeme.live
Mime-jr,215.9,Pokemon Merchandise,,,https://scrapeme.live/wp-content/uploads/2018/08/439-350x350.png,https://scrapeme.live/shop/Mime-jr/,scrapeme.live
Happiny,85.09,Pokemon Merchandise,,,https://scrapeme.live/wp-content/uploads/2018/08/440-350x350.png,https://scrapeme.live/shop/Happiny/,scrapeme.live
Chatot,99.06,Pokemon Merchandise,,,https://scrapeme.live/wp-content/uploads/2018/08/441-350x350.png,https://scrapeme.live/shop/Chatot/,scrapeme.live
Spiritomb,209.55,Pokemon Merchandise,,,https://scrapeme.live/wp-content/uploads/2018/08/442-350x350.png,https://scrapeme.live/shop/Spiritomb/,scrapeme.live
Gible,246.38,Pokemon Merchandise,,,https://scrapeme.live/wp-content/uploads/2018/08/443-350x350.png,https://scrapeme.live/shop/Gible/,scrapeme.live
Gabite,195.58,Pokemon Merchandise,,,https://scrapeme.live/wp-content/uploads/2018/08/444-350x350.png,https://scrapeme.live/shop/Gabite/,scrapeme.live
Garchomp,78.74,Pokemon Merchandise,,,https://scrapeme.live/wp-content/uploads/2018/08/445-350x350.png,https://scrapeme.live/shop/Garchomp/,scrapeme.live
Munchlax,241.3,Pokemon Merchandise,,,https://scrapeme.live/wp-content/uploads/2018/08/446-350x350.png,https://scrapeme.live/shop/Munchlax/,scrapeme.live
Riolu,88.9,Pokemon Merchandise,,,https://scrapeme.live/wp-content/uploads/2018/08/447-350x350.png,https://scrapeme.live/shop/Riolu/,scrapeme.live
Lucario,129.54,Pokemon Merchandise,,,https://scrapeme.live/wp-content/uploads/2018/08/448-350x350.png,https://scrapeme.live/shop/Lucario/,scrapeme.live
Hippopotas,240.03,Pokemon Merchandise,,,https://scrapeme.live/wp-content/uploads/2018/08/449-350x350.png,https://scrapeme.live/shop/Hippopotas/,scrapeme.live
Hippowdon,177.8,Pokemon Merchandise,,,https://scrapeme.live/wp-content/uploads/2018/08/450-350x350.png,https://scrapeme.live/shop/Hippowdon/,scrapeme.live
Skorupi,64.77,Pokemon Merchandise,,,https://scrapeme.live/wp-content/uploads/2018/08/451-350x350.png,https://scrapeme.live/shop/Skorupi/,scrapeme.live
Drapion,91.44,Pokemon Merchandise,,,https://scrapeme.live/wp-content/uploads/2018/08/452-350x350.png,https://scrapeme.live/shop/Drapion/,scrapeme.live
Croagunk,184.15,Pokemon Merchandise,,,https://scrapeme.live/wp-content/uploads/2018/08/453-350x350.png,https://scrapeme.live/shop/Croagunk/,scrapeme.live
Toxicroak,184.15,Pokemon Merchandise,,,https://scrapeme.live/wp-content/uploads/2018/08/454-350x350.png,https://scrapeme.live/shop/Toxicroak/,scrapeme.live
Carnivine,76.2,Pokemon Merchandise,,,https://scrapeme.live/wp-content/uploads/2018/08/455-350x350.png,https://scrapeme.live/shop/Carnivine/,scrapeme.live
Finneon,218.44,Pokemon Merchandise,,,https://scrapeme.live/wp-content/uploads/2018/08/456-350x350.png,https://scrapeme.live/shop/Finneon/,scrapeme.live
Lumineon,91.44,Pokemon Merchandise,,,https://scrapeme.live/wp-content/uploads/2018/08/457-350x350.png,https://scrapeme.live/shop/Lumineon/,scrapeme.live
Mantyke,153.67,Pokemon Merchandise,,,https://scrapeme.live/wp-content/uploads/2018/08/458-350x350.png,https://scrapeme.live/shop/Mantyke/,scrapeme.live
Snover,132.08,Pokemon Merchandise,,,https://scrapeme.live/wp-content/uploads/2018/08/459-350x350.png,https://scrapeme.live/shop/Snover/,scrapeme.live
Abomasnow,58.42,Pokemon Merchandise,,,https://scrapeme.live/wp-content/uploads/2018/08/460-350x350.png,https://scrapeme.live/shop/Abomasnow/,scrapeme.live
Magnezone,241.3,Pokemon Merchandise,,,https://scrapeme.live/wp-content/uploads/2018/08/462-350x350.png,https://scrapeme.live/shop/Magnezone/,scrapeme.live
Lickilicky,128.27,Pokemon Merchandise,,,https://scrapeme.live/wp-content/uploads/2018/08/463-350x350.png,https://scrapeme.live/shop/Lickilicky/,scrapeme.live
Rhyperior,100.33,Pokemon Merchandise,,,https://scrapeme.live/wp-content/uploads/2018/08/464-350x350.png,https://scrapeme.live/shop/Rhyperior/,scrapeme.live
Tangrowth,137.16,Pokemon Merchandise,,,https://scrapeme.live/wp-content/uploads/2018/08/465-350x350.png,https://scrapeme.live/shop/Tangrowth/,scrapeme.live
Electivire,77.47,Pokemon Merchandise,,,https://scrapeme.live/wp-content/uploads/2018/08/466-350x350.png,https://scrapeme.live/shop/Electivire/,scrapeme.live
Magmortar,254.0,Pokemon Merchandise,,,https://scrapeme.live/wp-content/uploads/2018/08/467-350x350.png,https://scrapeme.live/shop/Magmortar/,scrapeme.live
Togekiss,200.66,Pokemon Merchandise,,,https://scrapeme.live/wp-content/uploads/2018/08/468-350x350.png,https://scrapeme.live/shop/Togekiss/,scrapeme.live
Yanmega,153.67,Pokemon Merchandise,,,https://scrapeme.live/wp-content/uploads/2018/08/469-350x350.png,https://scrapeme.live/shop/Yanmega/,scrapeme.live
Leafeon,118.11,Pokemon Merchandise,,,https://scrapeme.live/wp-content/uploads/2018/08/470-350x350.png,https://scrapeme.live/shop/Leafeon/,scrapeme.live
Glaceon,180.34,Pokemon Merchandise,,,https://scrapeme.live/wp-content/uploads/2018/08/471-350x350.png,https://scrapeme.live/shop/Glaceon/,scrapeme.live
Gliscor,35.56,Pokemon Merchandise,,,https://scrapeme.live/wp-content/uploads/2018/08/472-350x350.png,https://scrapeme.live/shop/Gliscor/,scrapeme.live
Mamoswine,132.08,Pokemon Merchandise,,,https://scrapeme.live/wp-content/uploads/2018/08/473-350x350.png,https://scrapeme.live/shop/Mamoswine/,scrapeme.live
Gallade,189.23,Pokemon Merchandise,,,https://scrapeme.live/wp-content/uploads/2018/08/475-350x350.png,https://scrapeme.live/shop/Gallade/,scrapeme.live
Probopass,229.87,Pokemon Merchandise,,,https://scrapeme.live/wp-content/uploads/2018/08/476-350x350.png,https://scrapeme.live/shop/Probopass/,scrapeme.live
Dusknoir,200.66,Pokemon Merchandise,,,https://scrapeme.live/wp-content/uploads/2018/08/477-350x350.png,https://scrapeme.live/shop/Dusknoir/,scrapeme.live
Froslass,109.22,Pokemon Merchandise,,,https://scrapeme.live/wp-content/uploads/2018/08/478-350x350.png,https://scrapeme.live/shop/Froslass/,scrapeme.live
Rotom,53.34,Pokemon Merchandise,,,https://scrapeme.live/wp-content/uploads/2018/08/479-350x350.png,https://scrapeme.live/shop/Rotom/,scrapeme.live
Uxie,254.0,Pokemon Merchandise,,,https://scrapeme.live/wp-content/uploads/2018/08/480-350x350.png,https://scrapeme.live/shop/Uxie/,scrapeme.live
Mesprit,31.75,Pokemon Merchandise,,,https://scrapeme.live/wp-content/uploads/2018/08/481-350x350.png,https://scrapeme.live/shop/Mesprit/,scrapeme.live
Azelf,40.64,Pokemon Merchandise,,,https://scrapeme.live/wp-content/uploads/2018/08/482-350x350.png,https://scrapeme.live/shop/Azelf/,scrapeme.live
Dialga,227.33,Pokemon Merchandise,,,https://scrapeme.live/wp-content/uploads/2018/08/483-350x350.png,https://scrapeme.live/shop/Dialga/,scrapeme.live
Palkia,191.77,Pokemon Merchandise,,,https://scrapeme.live/wp-content/uploads/2018/08/484-350x350.png,https://scrapeme.live/shop/Palkia/,scrapeme.live
Heatran,180.34,Pokemon Merchandise,,,https://scrapeme.live/wp-content/uploads/2018/08/485-350x350.png,https://scrapeme.live/shop/Heatran/,scrapeme.live
Regigigas,97.79,Pokemon Merchandise,,,https://scrapeme.live/wp-content/uploads/2018/08/486-350x350.png,https://scrapeme.live/shop/Regigigas/,scrapeme.live
Cresselia,43.18,Pokemon Merchandise,,,https://scrapeme.live/wp-content/uploads/2018/08/488-350x350.png,https://scrapeme.live/shop/Cresselia/,scrapeme.live
Phione,196.85,Pokemon Merchandise,,,https://scrapeme.live/wp-content/uploads/2018/08/489-350x350.png,https://scrapeme.live/shop/Phione/,scrapeme.live
Manaphy,93.98,Pokemon Merchandise,,,https://scrapeme.live/wp-content/uploads/2018/08/490-350x350.png,https://scrapeme.live/shop/Manaphy/,scrapeme.live
Darkrai,74.93,Pokemon Merchandise,,,https://scrapeme.live/wp-content/uploads/2018/08/491-350x350.png,https://scrapeme.live/shop/Darkrai/,scrapeme.live
Arceus,67.31,Pokemon Merchandise,,,https://scrapeme.live/wp-content/uploads/2018/08/493-350x350.png,https://scrapeme.live/shop/Arceus/,scrapeme.live
Victini,138.43,Pokemon Merchandise,,,https://scrapeme.live/wp-content/uploads/2018/08/494-350x350.png,https://scrapeme.live/shop/Victini/,scrapeme.live
Snivy,129.54,Pokemon Merchandise,,,https://scrapeme.live/wp-content/uploads/2018/08/495-350x350.png,https://scrapeme.live/shop/Snivy/,scrapeme.live
Servine,195.58,Pokemon Merchandise,,,https://scrapeme.live/wp-content/uploads/2018/08/496-350x350.png,https://scrapeme.live/shop/Servine/,scrapeme.live
Serperior,111.76,Pokemon Merchandise,,,https://scrapeme.live/wp-content/uploads/2018/08/497-350x350.png,https://scrapeme.live/shop/Serperior/,scrapeme.live
Tepig,247.65,Pokemon Merchandise,,,https://scrapeme.live/wp-content/uploads/2018/08/498-350x350.png,https://scrapeme.live/shop/Tepig/,scrapeme.live
Pignite,189.23,Pokemon Merchandise,,,https://scrapeme.live/wp-content/uploads/2018/08/499-350x350.png,https://scrapeme.live/shop/Pignite/,scrapeme.live
Emboar,40.64,Pokemon Merchandise,,,https://scrapeme.live/wp-content/uploads/2018/08/500-350x350.png,https://scrapeme.live/shop/Emboar/,scrapeme.live
Oshawott,246.38,Pokemon Merchandise,,,https://scrapeme.live/wp-content/uploads/2018/08/501-350x350.png,https://scrapeme.live/shop/Oshawott/,scrapeme.live
Dewott,72.39,Pokemon Merchandise,,,https://scrapeme.live/wp-content/uploads/2018/08/502-350x350.png,https://scrapeme.live/shop/Dewott/,scrapeme.live
Samurott,134.62,Pokemon Merchandise,,,https://scrapeme.live/wp-content/uploads/2018/08/503-350x350.png,https://scrapeme.live/shop/Samurott/,scrapeme.live
Patrat,147.32,Pokemon Merchandise,,,https://scrapeme.live/wp-content/uploads/2018/08/504-350x350.png,https://scrapeme.live/shop/Patrat/,scrapeme.live
Watchog,179.07,Pokemon Merchandise,,,https://scrapeme.live/wp-content/uploads/2018/08/505-350x350.png,https://scrapeme.live/shop/Watchog/,scrapeme.live
Lillipup,35.56,Pokemon Merchandise,,,https://scrapeme.live/wp-content/uploads/2018/08/506-350x350.png,https://scrapeme.live/shop/Lillipup/,scrapeme.live
Herdier,208.28,Pokemon Merchandise,,,https://scrapeme.live/wp-content/uploads/2018/08/507-350x350.png,https://scrapeme.live/shop/Herdier/,scrapeme.live
Stoutland,46.99,Pokemon Merchandise,,,https://scrapeme.live/wp-content/uploads/2018/08/508-350x350.png,https://scrapeme.live/shop/Stoutland/,scrapeme.live
Purrloin,212.09,Pokemon Merchandise,,,https://scrapeme.live/wp-content/uploads/2018/08/509-350x350.png,https://scrapeme.live/shop/Purrloin/,scrapeme.live
Liepard,132.08,Pokemon Merchandise,,,https://scrapeme.live/wp-content/uploads/2018/08/510-350x350.png,https://scrapeme.live/shop/Liepard/,scrapeme.live
Pansage,250.19,Pokemon Merchandise,,,https://scrapeme.live/wp-content/uploads/2018/08/511-350x350.png,https://scrapeme.live/shop/Pansage/,scrapeme.live
Simisage,124.46,Pokemon Merchandise,,,https://scrapeme.live/wp-content/uploads/2018/08/512-350x350.png,https://scrapeme.live/shop/Simisage/,scrapeme.live
Pansear,246.38,Pokemon Merchandise,,,https://scrapeme.live/wp-content/uploads/2018/08/513-350x350.png,https://scrapeme.live/shop/Pansear/,scrapeme.live
Simisear,48.26,Pokemon Merchandise,,,https://scrapeme.live/wp-content/uploads/2018/08/514-350x350.png,https://scrapeme.live/shop/Simisear/,scrapeme.live
Panpour,66.04,Pokemon Merchandise,,,https://scrapeme.live/wp-content/uploads/2018/08/515-350x350.png,https://scrapeme.live/shop/Panpour/,scrapeme.live
Simipour,77.47,Pokemon Merchandise,,,https://scrapeme.live/wp-content/uploads/2018/08/516-350x350.png,https://scrapeme.live/shop/Simipour/,scrapeme.live
Munna,218.44,Pokemon Merchandise,,,https://scrapeme.live/wp-content/uploads/2018/08/517-350x350.png,https://scrapeme.live/shop/Munna/,scrapeme.live
Musharna,73.66,Pokemon Merchandise,,,https://scrapeme.live/wp-content/uploads/2018/08/518-350x350.png,https://scrapeme.live/shop/Musharna/,scrapeme.live
Pidove,218.44,Pokemon Merchandise,,,https://scrapeme.live/wp-content/uploads/2018/08/519-350x350.png,https://scrapeme.live/shop/Pidove/,scrapeme.live
Tranquill,252.73,Pokemon Merchandise,,,https://scrapeme.live/wp-content/uploads/2018/08/520-350x350.png,https://scrapeme.live/shop/Tranquill/,scrapeme.live
Unfezant,171.45,Pokemon Merchandise,,,https://scrapeme.live/wp-content/uploads/2018/08/521-350x350.png,https://scrapeme.live/shop/Unfezant/,scrapeme.live
Zebstrika,175.26,Pokemon Merchandise,,,https://scrapeme.live/wp-content/uploads/2018/08/523-350x350.png,https://scrapeme.live/shop/Zebstrika/,scrapeme.live
Roggenrola,52.07,Pokemon Merchandise,,,https://scrapeme.live/wp-content/uploads/2018/08/524-350x350.png,https://scrapeme.live/shop/Roggenrola/,scrapeme.live
Boldore,96.52,Pokemon Merchandise,,,https://scrapeme.live/wp-content/uploads/2018/08/525-350x350.png,https://scrapeme.live/shop/Boldore/,scrapeme.live
Gigalith,85.09,Pokemon Merchandise,,,https://scrapeme.live/wp-content/uploads/2018/08/526-350x350.png,https://scrapeme.live/shop/Gigalith/,scrapeme.live
Woobat,34.29,Pokemon Merchandise,,,https://scrapeme.live/wp-content/uploads/2018/08/527-350x350.png,https://scrapeme.live/shop/Woobat/,scrapeme.live
Swoobat,62.23,Pokemon Merchandise,,,https://scrapeme.live/wp-content/uploads/2018/08/528-350x350.png,https://scrapeme.live/shop/Swoobat/,scrapeme.live
Drilbur,167.64,Pokemon Merchandise,,,https://scrapeme.live/wp-content/uploads/2018/08/529-350x350.png,https://scrapeme.live/shop/Drilbur/,scrapeme.live
Excadrill,45.72,Pokemon Merchandise,,,https://scrapeme.live/wp-content/uploads/2018/08/530-350x350.png,https://scrapeme.live/shop/Excadrill/,scrapeme.live
Audino,120.65,Pokemon Merchandise,,,https://scrapeme.live/wp-content/uploads/2018/08/531-350x350.png,https://scrapeme.live/shop/Audino/,scrapeme.live
Timburr,246.38,Pokemon Merchandise,,,https://scrapeme.live/wp-content/uploads/2018/08/532-350x350.png,https://scrapeme.live/shop/Timburr/,scrapeme.live
Gurdurr,227.33,Pokemon Merchandise,,,https://scrapeme.live/wp-content/uploads/2018/08/533-350x350.png,https://scrapeme.live/shop/Gurdurr/,scrapeme.live
Conkeldurr,91.44,Pokemon Merchandise,,,https://scrapeme.live/wp-content/uploads/2018/08/534-350x350.png,https://scrapeme.live/shop/Conkeldurr/,scrapeme.live
Palpitoad,148.59,Pokemon Merchandise,,,https://scrapeme.live/wp-content/uploads/2018/08/536-350x350.png,https://scrapeme.live/shop/Palpitoad/,scrapeme.live
Seismitoad,114.3,Pokemon Merchandise,,,https://scrapeme.live/wp-content/uploads/2018/08/537-350x350.png,https://scrapeme.live/shop/Seismitoad/,scrapeme.live
Throh,54.61,Pokemon Merchandise,,,https://scrapeme.live/wp-content/uploads/2018/08/538-350x350.png,https://scrapeme.live/shop/Throh/,scrapeme.live
Sawk,163.83,Pokemon Merchandise,,,https://scrapeme.live/wp-content/uploads/2018/08/539-350x350.png,https://scrapeme.live/shop/Sawk/,scrapeme.live
Sewaddle,50.8,Pokemon Merchandise,,,https://scrapeme.live/wp-content/uploads/2018/08/540-350x350.png,https://scrapeme.live/shop/Sewaddle/,scrapeme.live
Swadloon,135.89,Pokemon Merchandise,,,https://scrapeme.live/wp-content/uploads/2018/08/541-350x350.png,https://scrapeme.live/shop/Swadloon/,scrapeme.live
Leavanny,165.1,Pokemon Merchandise,,,https://scrapeme.live/wp-content/uploads/2018/08/542-350x350.png,https://scrapeme.live/shop/Leavanny/,scrapeme.live
Venipede,110.49,Pokemon Merchandise,,,https://scrapeme.live/wp-content/uploads/2018/08/543-350x350.png,https://scrapeme.live/shop/Venipede/,scrapeme.live
Whirlipede,106.68,Pokemon Merchandise,,,https://scrapeme.live/wp-content/uploads/2018/08/544-350x350.png,https://scrapeme.live/shop/Whirlipede/,scrapeme.live
Scolipede,194.31,Pokemon Merchandise,,,https://scrapeme.live/wp-content/uploads/2018/08/545-350x350.png,https://scrapeme.live/shop/Scolipede/,scrapeme.live
Cottonee,97.79,Pokemon Merchandise,,,https://scrapeme.live/wp-content/uploads/2018/08/546-350x350.png,https://scrapeme.live/shop/Cottonee/,scrapeme.live
Whimsicott,33.02,Pokemon Merchandise,,,https://scrapeme.live/wp-content/uploads/2018/08/547-350x350.png,https://scrapeme.live/shop/Whimsicott/,scrapeme.live
Petilil,149.86,Pokemon Merchandise,,,https://scrapeme.live/wp-content/uploads/2018/08/548-350x350.png,https://scrapeme.live/shop/Petilil/,scrapeme.live
Lilligant,173.99,Pokemon Merchandise,,,https://scrapeme.live/wp-content/uploads/2018/08/549-350x350.png,https://scrapeme.live/shop/Lilligant/,scrapeme.live
Sandile,172.72,Pokemon Merchandise,,,https://scrapeme.live/wp-content/uploads/2018/08/551-350x350.png,https://scrapeme.live/shop/Sandile/,scrapeme.live
Krokorok,171.45,Pokemon Merchandise,,,https://scrapeme.live/wp-content/uploads/2018/08/552-350x350.png,https://scrapeme.live/shop/Krokorok/,scrapeme.live
Krookodile,234.95,Pokemon Merchandise,,,https://scrapeme.live/wp-content/uploads/2018/08/553-350x350.png,https://scrapeme.live/shop/Krookodile/,scrapeme.live
Darumaka,134.62,Pokemon Merchandise,,,https://scrapeme.live/wp-content/uploads/2018/08/554-350x350.png,https://scrapeme.live/shop/Darumaka/,scrapeme.live
Maractus,39.37,Pokemon Merchandise,,,https://scrapeme.live/wp-content/uploads/2018/08/556-350x350.png,https://scrapeme.live/shop/Maractus/,scrapeme.live
Dwebble,95.25,Pokemon Merchandise,,,https://scrapeme.live/wp-content/uploads/2018/08/557-350x350.png,https://scrapeme.live/shop/Dwebble/,scrapeme.live
Crustle,133.35,Pokemon Merchandise,,,https://scrapeme.live/wp-content/uploads/2018/08/558-350x350.png,https://scrapeme.live/shop/Crustle/,scrapeme.live
Scraggy,142.24,Pokemon Merchandise,,,https://scrapeme.live/wp-content/uploads/2018/08/559-350x350.png,https://scrapeme.live/shop/Scraggy/,scrapeme.live
Scrafty,173.99,Pokemon Merchandise,,,https://scrapeme.live/wp-content/uploads/2018/08/560-350x350.png,https://scrapeme.live/shop/Scrafty/,scrapeme.live
Sigilyph,86.36,Pokemon Merchandise,,,https://scrapeme.live/wp-content/uploads/2018/08/561-350x350.png,https://scrapeme.live/shop/Sigilyph/,scrapeme.live
Yamask,217.17,Pokemon Merchandise,,,https://scrapeme.live/wp-content/uploads/2018/08/562-350x350.png,https://scrapeme.live/shop/Yamask/,scrapeme.live
Cofagrigus,203.2,Pokemon Merchandise,,,https://scrapeme.live/wp-content/uploads/2018/08/563-350x350.png,https://scrapeme.live/shop/Cofagrigus/,scrapeme.live
Tirtouga,76.2,Pokemon Merchandise,,,https://scrapeme.live/wp-content/uploads/2018/08/564-350x350.png,https://scrapeme.live/shop/Tirtouga/,scrapeme.live
Carracosta,200.66,Pokemon Merchandise,,,https://scrapeme.live/wp-content/uploads/2018/08/565-350x350.png,https://scrapeme.live/shop/Carracosta/,scrapeme.live
Archen,177.8,Pokemon Merchandise,,,https://scrapeme.live/wp-content/uploads/2018/08/566-350x350.png,https://scrapeme.live/shop/Archen/,scrapeme.live
Archeops,160.02,Pokemon Merchandise,,,https://scrapeme.live/wp-content/uploads/2018/08/567-350x350.png,https://scrapeme.live/shop/Archeops/,scrapeme.live
Trubbish,214.63,Pokemon Merchandise,,,https://scrapeme.live/wp-content/uploads/2018/08/568-350x350.png,https://scrapeme.live/shop/Trubbish/,scrapeme.live
Garbodor,226.06,Pokemon Merchandise,,,https://scrapeme.live/wp-content/uploads/2018/08/569-350x350.png,https://scrapeme.live/shop/Garbodor/,scrapeme.live
Zorua,102.87,Pokemon Merchandise,,,https://scrapeme.live/wp-content/uploads/2018/08/570-350x350.png,https://scrapeme.live/shop/Zorua/,scrapeme.live
Minccino,100.33,Pokemon Merchandise,,,https://scrapeme.live/wp-content/uploads/2018/08/572-350x350.png,https://scrapeme.live/shop/Minccino/,scrapeme.live
Cinccino,195.58,Pokemon Merchandise,,,https://scrapeme.live/wp-content/uploads/2018/08/573-350x350.png,https://scrapeme.live/shop/Cinccino/,scrapeme.live
Gothita,86.36,Pokemon Merchandise,,,https://scrapeme.live/wp-content/uploads/2018/08/574-350x350.png,https://scrapeme.live/shop/Gothita/,scrapeme.live
Gothorita,240.03,Pokemon Merchandise,,,https://scrapeme.live/wp-content/uploads/2018/08/575-350x350.png,https://scrapeme.live/shop/Gothorita/,scrapeme.live
Gothitelle,208.28,Pokemon Merchandise,,,https://scrapeme.live/wp-content/uploads/2018/08/576-350x350.png,https://scrapeme.live/shop/Gothitelle/,scrapeme.live
Solosis,170.18,Pokemon Merchandise,,,https://scrapeme.live/wp-content/uploads/2018/08/577-350x350.png,https://scrapeme.live/shop/Solosis/,scrapeme.live
Duosion,90.17,Pokemon Merchandise,,,https://scrapeme.live/wp-content/uploads/2018/08/578-350x350.png,https://scrapeme.live/shop/Duosion/,scrapeme.live
Reuniclus,213.36,Pokemon Merchandise,,,https://scrapeme.live/wp-content/uploads/2018/08/579-350x350.png,https://scrapeme.live/shop/Reuniclus/,scrapeme.live
Ducklett,201.93,Pokemon Merchandise,,,https://scrapeme.live/wp-content/uploads/2018/08/580-350x350.png,https://scrapeme.live/shop/Ducklett/,scrapeme.live
Swanna,45.72,Pokemon Merchandise,,,https://scrapeme.live/wp-content/uploads/2018/08/581-350x350.png,https://scrapeme.live/shop/Swanna/,scrapeme.live
Vanillite,137.16,Pokemon Merchandise,,,https://scrapeme.live/wp-content/uploads/2018/08/582-350x350.png,https://scrapeme.live/shop/Vanillite/,scrapeme.live
Vanillish,118.11,Pokemon Merchandise,,,https://scrapeme.live/wp-content/uploads/2018/08/583-350x350.png,https://scrapeme.live/shop/Vanillish/,scrapeme.live
Vanilluxe,113.03,Pokemon Merchandise,,,https://scrapeme.live/wp-content/uploads/2018/08/584-350x350.png,https://scrapeme.live/shop/Vanilluxe/,scrapeme.live
Deerling,179.07,Pokemon Merchandise,,,https://scrapeme.live/wp-content/uploads/2018/08/585-350x350.png,https://scrapeme.live/shop/Deerling/,scrapeme.live
Sawsbuck,96.52,Pokemon Merchandise,,,https://scrapeme.live/wp-content/uploads/2018/08/586-350x350.png,https://scrapeme.live/shop/Sawsbuck/,scrapeme.live
Karrablast,52.07,Pokemon Merchandise,,,https://scrapeme.live/wp-content/uploads/2018/08/588-350x350.png,https://scrapeme.live/shop/Karrablast/,scrapeme.live
Escavalier,240.03,Pokemon Merchandise,,,https://scrapeme.live/wp-content/uploads/2018/08/589-350x350.png,https://scrapeme.live/shop/Escavalier/,scrapeme.live
Foongus,163.83,Pokemon Merchandise,,,https://scrapeme.live/wp-content/uploads/2018/08/590-350x350.png,https://scrapeme.live/shop/Foongus/,scrapeme.live
Frillish,80.01,Pokemon Merchandise,,,https://scrapeme.live/wp-content/uploads/2018/08/592-350x350.png,https://scrapeme.live/shop/Frillish/,scrapeme.live
Jellicent,144.78,Pokemon Merchandise,,,https://scrapeme.live/wp-content/uploads/2018/08/593-350x350.png,https://scrapeme.live/shop/Jellicent/,scrapeme.live
Alomomola,44.45,Pokemon Merchandise,,,https://scrapeme.live/wp-content/uploads/2018/08/594-350x350.png,https://scrapeme.live/shop/Alomomola/,scrapeme.live
Joltik,74.93,Pokemon Merchandise,,,https://scrapeme.live/wp-content/uploads/2018/08/595-350x350.png,https://scrapeme.live/shop/Joltik/,scrapeme.live
Galvantula,72.39,Pokemon Merchandise,,,https://scrapeme.live/wp-content/uploads/2018/08/596-350x350.png,https://scrapeme.live/shop/Galvantula/,scrapeme.live
Ferroseed,102.87,Pokemon Merchandise,,,https://scrapeme.live/wp-content/uploads/2018/08/597-350x350.png,https://scrapeme.live/shop/Ferroseed/,scrapeme.live
Ferrothorn,231.14,Pokemon Merchandise,,,https://scrapeme.live/wp-content/uploads/2018/08/598-350x350.png,https://scrapeme.live/shop/Ferrothorn/,scrapeme.live
Klink,95.25,Pokemon Merchandise,,,https://scrapeme.live/wp-content/uploads/2018/08/599-350x350.png,https://scrapeme.live/shop/Klink/,scrapeme.live
Klang,205.74,Pokemon Merchandise,,,https://scrapeme.live/wp-content/uploads/2018/08/600-350x350.png,https://scrapeme.live/shop/Klang/,scrapeme.live
Klinklang,226.06,Pokemon Merchandise,,,https://scrapeme.live/wp-content/uploads/2018/08/601-350x350.png,https://scrapeme.live/shop/Klinklang/,scrapeme.live
Tynamo,104.14,Pokemon Merchandise,,,https://scrapeme.live/wp-content/uploads/2018/08/602-350x350.png,https://scrapeme.live/shop/Tynamo/,scrapeme.live
Eelektrik,251.46,Pokemon Merchandise,,,https://scrapeme.live/wp-content/uploads/2018/08/603-350x350.png,https://scrapeme.live/shop/Eelektrik/,scrapeme.live
Eelektross,156.21,Pokemon Merchandise,,,https://scrapeme.live/wp-content/uploads/2018/08/604-350x350.png,https://scrapeme.live/shop/Eelektross/,scrapeme.live
Elgyem,135.89,Pokemon Merchandise,,,https://scrapeme.live/wp-content/uploads/2018/08/605-350x350.png,https://scrapeme.live/shop/Elgyem/,scrapeme.live
Beheeyem,43.18,Pokemon Merchandise,,,https://scrapeme.live/wp-content/uploads/2018/08/606-350x350.png,https://scrapeme.live/shop/Beheeyem/,scrapeme.live
Litwick,46.99,Pokemon Merchandise,,,https://scrapeme.live/wp-content/uploads/2018/08/607-350x350.png,https://scrapeme.live/shop/Litwick/,scrapeme.live
Lampent,199.39,Pokemon Merchandise,,,https://scrapeme.live/wp-content/uploads/2018/08/608-350x350.png,https://scrapeme.live/shop/Lampent/,scrapeme.live
Axew,156.21,Pokemon Merchandise,,,https://scrapeme.live/wp-content/uploads/2018/08/610-350x350.png,https://scrapeme.live/shop/Axew/,scrapeme.live
Fraxure,81.28,Pokemon Merchandise,,,https://scrapeme.live/wp-content/uploads/2018/08/611-350x350.png,https://scrapeme.live/shop/Fraxure/,scrapeme.live
Haxorus,171.45,Pokemon Merchandise,,,https://scrapeme.live/wp-content/uploads/2018/08/612-350x350.png,https://scrapeme.live/shop/Haxorus/,scrapeme.live
Cubchoo,78.74,Pokemon Merchandise,,,https://scrapeme.live/wp-content/uploads/2018/08/613-350x350.png,https://scrapeme.live/shop/Cubchoo/,scrapeme.live
Beartic,35.56,Pokemon Merchandise,,,https://scrapeme.live/wp-content/uploads/2018/08/614-350x350.png,https://scrapeme.live/shop/Beartic/,scrapeme.live
Cryogonal,91.44,Pokemon Merchandise,,,https://scrapeme.live/wp-content/uploads/2018/08/615-350x350.png,https://scrapeme.live/shop/Cryogonal/,scrapeme.live
Shelmet,241.3,Pokemon Merchandise,,,https://scrapeme.live/wp-content/uploads/2018/08/616-350x350.png,https://scrapeme.live/shop/Shelmet/,scrapeme.live
Accelgor,163.83,Pokemon Merchandise,,,https://scrapeme.live/wp-content/uploads/2018/08/617-350x350.png,https://scrapeme.live/shop/Accelgor/,scrapeme.live
Stunfisk,85.09,Pokemon Merchandise,,,https://scrapeme.live/wp-content/uploads/2018/08/618-350x350.png,https://scrapeme.live/shop/Stunfisk/,scrapeme.live
Mienfoo,250.19,Pokemon Merchandise,,,https://scrapeme.live/wp-content/uploads/2018/08/619-350x350.png,https://scrapeme.live/shop/Mienfoo/,scrapeme.live
Mienshao,63.5,Pokemon Merchandise,,,https://scrapeme.live/wp-content/uploads/2018/08/620-350x350.png,https://scrapeme.live/shop/Mienshao/,scrapeme.live
Druddigon,139.7,Pokemon Merchandise,,,https://scrapeme.live/wp-content/uploads/2018/08/621-350x350.png,https://scrapeme.live/shop/Druddigon/,scrapeme.live
Golett,113.03,Pokemon Merchandise,,,https://scrapeme.live/wp-content/uploads/2018/08/622-350x350.png,https://scrapeme.live/shop/Golett/,scrapeme.live
Golurk,93.98,Pokemon Merchandise,,,https://scrapeme.live/wp-content/uploads/2018/08/623-350x350.png,https://scrapeme.live/shop/Golurk/,scrapeme.live
Pawniard,46.99,Pokemon Merchandise,,,https://scrapeme.live/wp-content/uploads/2018/08/624-350x350.png,https://scrapeme.live/shop/Pawniard/,scrapeme.live
Bisharp,163.83,Pokemon Merchandise,,,https://scrapeme.live/wp-content/uploads/2018/08/625-350x350.png,https://scrapeme.live/shop/Bisharp/,scrapeme.live
Bouffalant,74.93,Pokemon Merchandise,,,https://scrapeme.live/wp-content/uploads/2018/08/626-350x350.png,https://scrapeme.live/shop/Bouffalant/,scrapeme.live
Rufflet,76.2,Pokemon Merchandise,,,https://scrapeme.live/wp-content/uploads/2018/08/627-350x350.png,https://scrapeme.live/shop/Rufflet/,scrapeme.live
Braviary,105.41,Pokemon Merchandise,,,https://scrapeme.live/wp-content/uploads/2018/08/628-350x350.png,https://scrapeme.live/shop/Braviary/,scrapeme.live
Vullaby,77.47,Pokemon Merchandise,,,https://scrapeme.live/wp-content/uploads/2018/08/629-350x350.png,https://scrapeme.live/shop/Vullaby/,scrapeme.live
Mandibuzz,113.03,Pokemon Merchandise,,,https://scrapeme.live/wp-content/uploads/2018/08/630-350x350.png,https://scrapeme.live/shop/Mandibuzz/,scrapeme.live
Heatmor,102.87,Pokemon Merchandise,,,https://scrapeme.live/wp-content/uploads/2018/08/631-350x350.png,https://scrapeme.live/shop/Heatmor/,scrapeme.live
Durant,35.56,Pokemon Merchandise,,,https://scrapeme.live/wp-content/uploads/2018/08/632-350x350.png,https://scrapeme.live/shop/Durant/,scrapeme.live
Deino,80.01,Pokemon Merchandise,,,https://scrapeme.live/wp-content/uploads/2018/08/633-350x350.png,https://scrapeme.live/shop/Deino/,scrapeme.live
Zweilous,252.73,Pokemon Merchandise,,,https://scrapeme.live/wp-content/uploads/2018/08/634-350x350.png,https://scrapeme.live/shop/Zweilous/,scrapeme.live
Hydreigon,109.22,Pokemon Merchandise,,,https://scrapeme.live/wp-content/uploads/2018/08/635-350x350.png,https://scrapeme.live/shop/Hydreigon/,scrapeme.live
Volcarona,119.38,Pokemon Merchandise,,,https://scrapeme.live/wp-content/uploads/2018/08/637-350x350.png,https://scrapeme.live/shop/Volcarona/,scrapeme.live
Cobalion,140.97,Pokemon Merchandise,,,https://scrapeme.live/wp-content/uploads/2018/08/638-350x350.png,https://scrapeme.live/shop/Cobalion/,scrapeme.live
Terrakion,110.49,Pokemon Merchandise,,,https://scrapeme.live/wp-content/uploads/2018/08/639-350x350.png,https://scrapeme.live/shop/Terrakion/,scrapeme.live
Virizion,198.12,Pokemon Merchandise,,,https://scrapeme.live/wp-content/uploads/2018/08/640-350x350.png,https://scrapeme.live/shop/Virizion/,scrapeme.live
Reshiram,186.69,Pokemon Merchandise,,,https://scrapeme.live/wp-content/uploads/2018/08/643-350x350.png,https://scrapeme.live/shop/Reshiram/,scrapeme.live
Zekrom,171.45,Pokemon Merchandise,,,https://scrapeme.live/wp-content/uploads/2018/08/644-350x350.png,https://scrapeme.live/shop/Zekrom/,scrapeme.live
Genesect,219.71,Pokemon Merchandise,,,https://scrapeme.live/wp-content/uploads/2018/08/649-350x350.png,https://scrapeme.live/shop/Genesect/,scrapeme.live
Chespin,234.95,Pokemon Merchandise,,,https://scrapeme.live/wp-content/uploads/2018/08/650-350x350.png,https://scrapeme.live/shop/Chespin/,scrapeme.live
Quilladin,204.47,Pokemon Merchandise,,,https://scrapeme.live/wp-content/uploads/2018/08/651-350x350.png,https://scrapeme.live/shop/Quilladin/,scrapeme.live
Chesnaught,121.92,Pokemon Merchandise,,,https://scrapeme.live/wp-content/uploads/2018/08/652-350x350.png,https://scrapeme.live/shop/Chesnaught/,scrapeme.live
Fennekin,156.21,Pokemon Merchandise,,,https://scrapeme.live/wp-content/uploads/2018/08/653-350x350.png,https://scrapeme.live/shop/Fennekin/,scrapeme.live
Braixen,74.93,Pokemon Merchandise,,,https://scrapeme.live/wp-content/uploads/2018/08/654-350x350.png,https://scrapeme.live/shop/Braixen/,scrapeme.live
Delphox,215.9,Pokemon Merchandise,,,https://scrapeme.live/wp-content/uploads/2018/08/655-350x350.png,https://scrapeme.live/shop/Delphox/,scrapeme.live
Froakie,48.26,Pokemon Merchandise,,,https://scrapeme.live/wp-content/uploads/2018/08/656-350x350.png,https://scrapeme.live/shop/Froakie/,scrapeme.live
Frogadier,158.75,Pokemon Merchandise,,,https://scrapeme.live/wp-content/uploads/2018/08/657-350x350.png,https://scrapeme.live/shop/Frogadier/,scrapeme.live
Greninja,53.34,Pokemon Merchandise,,,https://scrapeme.live/wp-content/uploads/2018/08/658-350x350.png,https://scrapeme.live/shop/Greninja/,scrapeme.live
Bunnelby,83.82,Pokemon Merchandise,,,https://scrapeme.live/wp-content/uploads/2018/08/659-350x350.png,https://scrapeme.live/shop/Bunnelby/,scrapeme.live
Fletchling,54.61,Pokemon Merchandise,,,https://scrapeme.live/wp-content/uploads/2018/08/661-350x350.png,https://scrapeme.live/shop/Fletchling/,scrapeme.live
Fletchinder,186.69,Pokemon Merchandise,,,https://scrapeme.live/wp-content/uploads/2018/08/662-350x350.png,https://scrapeme.live/shop/Fletchinder/,scrapeme.live
Talonflame,106.68,Pokemon Merchandise,,,https://scrapeme.live/wp-content/uploads/2018/08/663-350x350.png,https://scrapeme.live/shop/Talonflame/,scrapeme.live
Scatterbug,50.8,Pokemon Merchandise,,,https://scrapeme.live/wp-content/uploads/2018/08/664-350x350.png,https://scrapeme.live/shop/Scatterbug/,scrapeme.live
Spewpa,196.85,Pokemon Merchandise,,,https://scrapeme.live/wp-content/uploads/2018/08/665-350x350.png,https://scrapeme.live/shop/Spewpa/,scrapeme.live
Vivillon,224.79,Pokemon Merchandise,,,https://scrapeme.live/wp-content/uploads/2018/08/666-350x350.png,https://scrapeme.live/shop/Vivillon/,scrapeme.live
Litleo,43.18,Pokemon Merchandise,,,https://scrapeme.live/wp-content/uploads/2018/08/667-350x350.png,https://scrapeme.live/shop/Litleo/,scrapeme.live
Pyroar,161.29,Pokemon Merchandise,,,https://scrapeme.live/wp-content/uploads/2018/08/668-350x350.png,https://scrapeme.live/shop/Pyroar/,scrapeme.live
Flabebe,100.33,Pokemon Merchandise,,,https://scrapeme.live/wp-content/uploads/2018/08/669-350x350.png,https://scrapeme.live/shop/Flabebe/,scrapeme.live
Floette,189.23,Pokemon Merchandise,,,https://scrapeme.live/wp-content/uploads/2018/08/670-350x350.png,https://scrapeme.live/shop/Floette/,scrapeme.live
Florges,118.11,Pokemon Merchandise,,,https://scrapeme.live/wp-content/uploads/2018/08/671-350x350.png,https://scrapeme.live/shop/Florges/,scrapeme.live
Skiddo,163.83,Pokemon Merchandise,,,https://scrapeme.live/wp-content/uploads/2018/08/672-350x350.png,https://scrapeme.live/shop/Skiddo/,scrapeme.live
Gogoat,123.19,Pokemon Merchandise,,,https://scrapeme.live/wp-content/uploads/2018/08/673-350x350.png,https://scrapeme.live/shop/Gogoat/,scrapeme.live
Pangoro,96.52,Pokemon Merchandise,,,https://scrapeme.live/wp-content/uploads/2018/08/675-350x350.png,https://scrapeme.live/shop/Pangoro/,scrapeme.live
Furfrou,209.55,Pokemon Merchandise,,,https://scrapeme.live/wp-content/uploads/2018/08/676-350x350.png,https://scrapeme.live/shop/Furfrou/,scrapeme.live
Espurr,189.23,Pokemon Merchandise,,,https://scrapeme.live/wp-content/uploads/2018/08/677-350x350.png,https://scrapeme.live/shop/Espurr/,scrapeme.live
Honedge,128.27,Pokemon Merchandise,,,https://scrapeme.live/wp-content/uploads/2018/08/679-350x350.png,https://scrapeme.live/shop/Honedge/,scrapeme.live
Doublade,208.28,Pokemon Merchandise,,,https://scrapeme.live/wp-content/uploads/2018/08/680-350x350.png,https://scrapeme.live/shop/Doublade/,scrapeme.live
Spritzee,73.66,Pokemon Merchandise,,,https://scrapeme.live/wp-content/uploads/2018/08/682-350x350.png,https://scrapeme.live/shop/Spritzee/,scrapeme.live
Aromatisse,246.38,Pokemon Merchandise,,,https://scrapeme.live/wp-content/uploads/2018/08/683-350x350.png,https://scrapeme.live/shop/Aromatisse/,scrapeme.live
Swirlix,114.3,Pokemon Merchandise,,,https://scrapeme.live/wp-content/uploads/2018/08/684-350x350.png,https://scrapeme.live/shop/Swirlix/,scrapeme.live
Slurpuff,83.82,Pokemon Merchandise,,,https://scrapeme.live/wp-content/uploads/2018/08/685-350x350.png,https://scrapeme.live/shop/Slurpuff/,scrapeme.live
Inkay,48.26,Pokemon Merchandise,,,https://scrapeme.live/wp-content/uploads/2018/08/686-350x350.png,https://scrapeme.live/shop/Inkay/,scrapeme.live
Malamar,73.66,Pokemon Merchandise,,,https://scrapeme.live/wp-content/uploads/2018/08/687-350x350.png,https://scrapeme.live/shop/Malamar/,scrapeme.live
Binacle,129.54,Pokemon Merchandise,,,https://scrapeme.live/wp-content/uploads/2018/08/688-350x350.png,https://scrapeme.live/shop/Binacle/,scrapeme.live
Barbaracle,209.55,Pokemon Merchandise,,,https://scrapeme.live/wp-content/uploads/2018/08/689-350x350.png,https://scrapeme.live/shop/Barbaracle/,scrapeme.live
Skrelp,80.01,Pokemon Merchandise,,,https://scrapeme.live/wp-content/uploads/2018/08/690-350x350.png,https://scrapeme.live/shop/Skrelp/,scrapeme.live
Dragalge,191.77,Pokemon Merchandise,,,https://scrapeme.live/wp-content/uploads/2018/08/691-350x350.png,https://scrapeme.live/shop/Dragalge/,scrapeme.live
Clauncher,36.83,Pokemon Merchandise,,,https://scrapeme.live/wp-content/uploads/2018/08/692-350x350.png,https://scrapeme.live/shop/Clauncher/,scrapeme.live
Clawitzer,87.63,Pokemon Merchandise,,,https://scrapeme.live/wp-content/uploads/2018/08/693-350x350.png,https://scrapeme.live/shop/Clawitzer/,scrapeme.live
Helioptile,78.74,Pokemon Merchandise,,,https://scrapeme.live/wp-content/uploads/2018/08/694-350x350.png,https://scrapeme.live/shop/Helioptile/,scrapeme.live
Heliolisk,105.41,Pokemon Merchandise,,,https://scrapeme.live/wp-content/uploads/2018/08/695-350x350.png,https://scrapeme.live/shop/Heliolisk/,scrapeme.live
Tyrunt,78.74,Pokemon Merchandise,,,https://scrapeme.live/wp-content/uploads/2018/08/696-350x350.png,https://scrapeme.live/shop/Tyrunt/,scrapeme.live
Tyrantrum,33.02,Pokemon Merchandise,,,https://scrapeme.live/wp-content/uploads/2018/08/697-350x350.png,https://scrapeme.live/shop/Tyrantrum/,scrapeme.live
Amaura,196.85,Pokemon Merchandise,,,https://scrapeme.live/wp-content/uploads/2018/08/698-350x350.png,https://scrapeme.live/shop/Amaura/,scrapeme.live
Aurorus,240.03,Pokemon Merchandise,,,https://scrapeme.live/wp-content/uploads/2018/08/699-350x350.png,https://scrapeme.live/shop/Aurorus/,scrapeme.live
Sylveon,60.96,Pokemon Merchandise,,,https://scrapeme.live/wp-content/uploads/2018/08/700-350x350.png,https://scrapeme.live/shop/Sylveon/,scrapeme.live
Hawlucha,55.88,Pokemon Merchandise,,,https://scrapeme.live/wp-content/uploads/2018/08/701-350x350.png,https://scrapeme.live/shop/Hawlucha/,scrapeme.live
Dedenne,149.86,Pokemon Merchandise,,,https://scrapeme.live/wp-content/uploads/2018/08/702-350x350.png,https://scrapeme.live/shop/Dedenne/,scrapeme.live
Carbink,217.17,Pokemon Merchandise,,,https://scrapeme.live/wp-content/uploads/2018/08/703-350x350.png,https://scrapeme.live/shop/Carbink/,scrapeme.live
Goomy,139.7,Pokemon Merchandise,,,https://scrapeme.live/wp-content/uploads/2018/08/704-350x350.png,https://scrapeme.live/shop/Goomy/,scrapeme.live
Sliggoo,138.43,Pokemon Merchandise,,,https://scrapeme.live/wp-content/uploads/2018/08/705-350x350.png,https://scrapeme.live/shop/Sliggoo/,scrapeme.live
Goodra,243.84,Pokemon Merchandise,,,https://scrapeme.live/wp-content/uploads/2018/08/706-350x350.png,https://scrapeme.live/shop/Goodra/,scrapeme.live
Klefki,227.33,Pokemon Merchandise,,,https://scrapeme.live/wp-content/uploads/2018/08/707-350x350.png,https://scrapeme.live/shop/Klefki/,scrapeme.live
Trevenant,67.31,Pokemon Merchandise,,,https://scrapeme.live/wp-content/uploads/2018/08/709-350x350.png,https://scrapeme.live/shop/Trevenant/,scrapeme.live
Bergmite,151.13,Pokemon Merchandise,,,https://scrapeme.live/wp-content/uploads/2018/08/712-350x350.png,https://scrapeme.live/shop/Bergmite/,scrapeme.live
Avalugg,90.17,Pokemon Merchandise,,,https://scrapeme.live/wp-content/uploads/2018/08/713-350x350.png,https://scrapeme.live/shop/Avalugg/,scrapeme.live
Noibat,160.02,Pokemon Merchandise,,,https://scrapeme.live/wp-content/uploads/2018/08/714-350x350.png,https://scrapeme.live/shop/Noibat/,scrapeme.live
Noivern,95.25,Pokemon Merchandise,,,https://scrapeme.live/wp-content/uploads/2018/08/715-350x350.png,https://scrapeme.live/shop/Noivern/,scrapeme.live
Xerneas,38.1,Pokemon Merchandise,,,https://scrapeme.live/wp-content/uploads/2018/08/716-350x350.png,https://scrapeme.live/shop/Xerneas/,scrapeme.live
Yveltal,74.93,Pokemon Merchandise,,,https://scrapeme.live/wp-content/uploads/2018/08/717-350x350.png,https://scrapeme.live/shop/Yveltal/,scrapeme.live
Zygarde,105.41,Pokemon Merchandise,,,https://scrapeme.live/wp-content/uploads/2018/08/718-350x350.png,https://scrapeme.live/shop/Zygarde/,scrapeme.live
Diancie,34.29,Pokemon Merchandise,,,https://scrapeme.live/wp-content/uploads/2018/08/719-350x350.png,https://scrapeme.live/shop/Diancie/,scrapeme.live
Hoopa,240.03,Pokemon Merchandise,,,https://scrapeme.live/wp-content/uploads/2018/08/720-350x350.png,https://scrapeme.live/shop/Hoopa/,scrapeme.live
Volcanion,57.15,Pokemon Merchandise,,,https://scrapeme.live/wp-content/uploads/2018/08/721-350x350.png,https://scrapeme.live/shop/Volcanion/,scrapeme.live
Dartrix,214.63,Pokemon Merchandise,,,https://scrapeme.live/wp-content/uploads/2018/08/723-350x350.png,https://scrapeme.live/shop/Dartrix/,scrapeme.live
Decidueye,134.62,Pokemon Merchandise,,,https://scrapeme.live/wp-content/uploads/2018/08/724-350x350.png,https://scrapeme.live/shop/Decidueye/,scrapeme.live
Litten,167.64,Pokemon Merchandise,,,https://scrapeme.live/wp-content/uploads/2018/08/725-350x350.png,https://scrapeme.live/shop/Litten/,scrapeme.live
Torracat,233.68,Pokemon Merchandise,,,https://scrapeme.live/wp-content/uploads/2018/08/726-350x350.png,https://scrapeme.live/shop/Torracat/,scrapeme.live
Incineroar,45.72,Pokemon Merchandise,,,https://scrapeme.live/wp-content/uploads/2018/08/727-350x350.png,https://scrapeme.live/shop/Incineroar/,scrapeme.live
Popplio,200.66,Pokemon Merchandise,,,https://scrapeme.live/wp-content/uploads/2018/08/728-350x350.png,https://scrapeme.live/shop/Popplio/,scrapeme.live
Brionne,218.44,Pokemon Merchandise,,,https://scrapeme.live/wp-content/uploads/2018/08/729-350x350.png,https://scrapeme.live/shop/Brionne/,scrapeme.live
Primarina,181.61,Pokemon Merchandise,,,https://scrapeme.live/wp-content/uploads/2018/08/730-350x350.png,https://scrapeme.live/shop/Primarina/,scrapeme.live
Pikipek,64.77,Pokemon Merchandise,,,https://scrapeme.live/wp-content/uploads/2018/08/731-350x350.png,https://scrapeme.live/shop/Pikipek/,scrapeme.live
Trumbeak,74.93,Pokemon Merchandise,,,https://scrapeme.live/wp-content/uploads/2018/08/732-350x350.png,https://scrapeme.live/shop/Trumbeak/,scrapeme.live
Toucannon,97.79,Pokemon Merchandise,,,https://scrapeme.live/wp-content/uploads/2018/08/733-350x350.png,https://scrapeme.live/shop/Toucannon/,scrapeme.live
Yungoos,201.93,Pokemon Merchandise,,,https://scrapeme.live/wp-content/uploads/2018/08/734-350x350.png,https://scrapeme.live/shop/Yungoos/,scrapeme.live
Gumshoos,156.21,Pokemon Merchandise,,,https://scrapeme.live/wp-content/uploads/2018/08/735-350x350.png,https://scrapeme.live/shop/Gumshoos/,scrapeme.live
Grubbin,97.79,Pokemon Merchandise,,,https://scrapeme.live/wp-content/uploads/2018/08/736-350x350.png,https://scrapeme.live/shop/Grubbin/,scrapeme.live
Charjabug,96.52,Pokemon Merchandise,,,https://scrapeme.live/wp-content/uploads/2018/08/737-350x350.png,https://scrapeme.live/shop/Charjabug/,scrapeme.live
Vikavolt,111.76,Pokemon Merchandise,,,https://scrapeme.live/wp-content/uploads/2018/08/738-350x350.png,https://scrapeme.live/shop/Vikavolt/,scrapeme.live
Crabrawler,229.87,Pokemon Merchandise,,,https://scrapeme.live/wp-content/uploads/2018/08/739-350x350.png,https://scrapeme.live/shop/Crabrawler/,scrapeme.live
Crabominable,82.55,Pokemon Merchandise,,,https://scrapeme.live/wp-content/uploads/2018/08/740-350x350.png,https://scrapeme.live/shop/Crabominable/,scrapeme.live
Cutiefly,149.86,Pokemon Merchandise,,,https://scrapeme.live/wp-content/uploads/2018/08/742-350x350.png,https://scrapeme.live/shop/Cutiefly/,scrapeme.live
Ribombee,127.0,Pokemon Merchandise,,,https://scrapeme.live/wp-content/uploads/2018/08/743-350x350.png,https://scrapeme.live/shop/Ribombee/,scrapeme.live
Rockruff,189.23,Pokemon Merchandise,,,https://scrapeme.live/wp-content/uploads/2018/08/744-350x350.png,https://scrapeme.live/shop/Rockruff/,scrapeme.live
Mareanie,59.69,Pokemon Merchandise,,,https://scrapeme.live/wp-content/uploads/2018/08/747-350x350.png,https://scrapeme.live/shop/Mareanie/,scrapeme.live
Toxapex,115.57,Pokemon Merchandise,,,https://scrapeme.live/wp-content/uploads/2018/08/748-350x350.png,https://scrapeme.live/shop/Toxapex/,scrapeme.live
Mudbray,121.92,Pokemon Merchandise,,,https://scrapeme.live/wp-content/uploads/2018/08/749-350x350.png,https://scrapeme.live/shop/Mudbray/,scrapeme.live
Mudsdale,140.97,Pokemon Merchandise,,,https://scrapeme.live/wp-content/uploads/2018/08/750-350x350.png,https://scrapeme.live/shop/Mudsdale/,scrapeme.live
Dewpider,106.68,Pokemon Merchandise,,,https://scrapeme.live/wp-content/uploads/2018/08/751-350x350.png,https://scrapeme.live/shop/Dewpider/,scrapeme.live
Araquanid,60.96,Pokemon Merchandise,,,https://scrapeme.live/wp-content/uploads/2018/08/752-350x350.png,https://scrapeme.live/shop/Araquanid/,scrapeme.live
Fomantis,132.08,Pokemon Merchandise,,,https://scrapeme.live/wp-content/uploads/2018/08/753-350x350.png,https://scrapeme.live/shop/Fomantis/,scrapeme.live
Lurantis,201.93,Pokemon Merchandise,,,https://scrapeme.live/wp-content/uploads/2018/08/754-350x350.png,https://scrapeme.live/shop/Lurantis/,scrapeme.live
Morelull,110.49,Pokemon Merchandise,,,https://scrapeme.live/wp-content/uploads/2018/08/755-350x350.png,https://scrapeme.live/shop/Morelull/,scrapeme.live
Shiinotic,95.25,Pokemon Merchandise,,,https://scrapeme.live/wp-content/uploads/2018/08/756-350x350.png,https://scrapeme.live/shop/Shiinotic/,scrapeme.live
Salandit,200.66,Pokemon Merchandise,,,https://scrapeme.live/wp-content/uploads/2018/08/757-350x350.png,https://scrapeme.live/shop/Salandit/,scrapeme.live
Salazzle,210.82,Pokemon Merchandise,,,https://scrapeme.live/wp-content/uploads/2018/08/758-350x350.png,https://scrapeme.live/shop/Salazzle/,scrapeme.live
Stufful,88.9,Pokemon Merchandise,,,https://scrapeme.live/wp-content/uploads/2018/08/759-350x350.png,https://scrapeme.live/shop/Stufful/,scrapeme.live
Bewear,148.59,Pokemon Merchandise,,,https://scrapeme.live/wp-content/uploads/2018/08/760-350x350.png,https://scrapeme.live/shop/Bewear/,scrapeme.live
Bounsweet,245.11,Pokemon Merchandise,,,https://scrapeme.live/wp-content/uploads/2018/08/761-350x350.png,https://scrapeme.live/shop/Bounsweet/,scrapeme.live
Steenee,34.29,Pokemon Merchandise,,,https://scrapeme.live/wp-content/uploads/2018/08/762-350x350.png,https://scrapeme.live/shop/Steenee/,scrapeme.live
Tsareena,236.22,Pokemon Merchandise,,,https://scrapeme.live/wp-content/uploads/2018/08/763-350x350.png,https://scrapeme.live/shop/Tsareena/,scrapeme.live
Comfey,35.56,Pokemon Merchandise,,,https://scrapeme.live/wp-content/uploads/2018/08/764-350x350.png,https://scrapeme.live/shop/Comfey/,scrapeme.live
Oranguru,176.53,Pokemon Merchandise,,,https://scrapeme.live/wp-content/uploads/2018/08/765-350x350.png,https://scrapeme.live/shop/Oranguru/,scrapeme.live
Passimian,231.14,Pokemon Merchandise,,,https://scrapeme.live/wp-content/uploads/2018/08/766-350x350.png,https://scrapeme.live/shop/Passimian/,scrapeme.live
Wimpod,173.99,Pokemon Merchandise,,,https://scrapeme.live/wp-content/uploads/2018/08/767-350x350.png,https://scrapeme.live/shop/Wimpod/,scrapeme.live
Golisopod,40.64,Pokemon Merchandise,,,https://scrapeme.live/wp-content/uploads/2018/08/768-350x350.png,https://scrapeme.live/shop/Golisopod/,scrapeme.live
Sandygast,166.37,Pokemon Merchandise,,,https://scrapeme.live/wp-content/uploads/2018/08/769-350x350.png,https://scrapeme.live/shop/Sandygast/,scrapeme.live
Palossand,237.49,Pokemon Merchandise,,,https://scrapeme.live/wp-content/uploads/2018/08/770-350x350.png,https://scrapeme.live/shop/Palossand/,scrapeme.live
Pyukumuku,123.19,Pokemon Merchandise,,,https://scrapeme.live/wp-content/uploads/2018/08/771-350x350.png,https://scrapeme.live/shop/Pyukumuku/,scrapeme.live
Silvally,168.91,Pokemon Merchandise,,,https://scrapeme.live/wp-content/uploads/2018/08/773-350x350.png,https://scrapeme.live/shop/Silvally/,scrapeme.live
Komala,82.55,Pokemon Merchandise,,,https://scrapeme.live/wp-content/uploads/2018/08/775-350x350.png,https://scrapeme.live/shop/Komala/,scrapeme.live
Turtonator,148.59,Pokemon Merchandise,,,https://scrapeme.live/wp-content/uploads/2018/08/776-350x350.png,https://scrapeme.live/shop/Turtonator/,scrapeme.live
Togedemaru,57.15,Pokemon Merchandise,,,https://scrapeme.live/wp-content/uploads/2018/08/777-350x350.png,https://scrapeme.live/shop/Togedemaru/,scrapeme.live
Drampa,168.91,Pokemon Merchandise,,,https://scrapeme.live/wp-content/uploads/2018/08/780-350x350.png,https://scrapeme.live/shop/Drampa/,scrapeme.live
Jangmo-o,135.89,Pokemon Merchandise,,,https://scrapeme.live/wp-content/uploads/2018/08/782-350x350.png,https://scrapeme.live/shop/Jangmo-o/,scrapeme.live
Hakamo-o,72.39,Pokemon Merchandise,,,https://scrapeme.live/wp-content/uploads/2018/08/783-350x350.png,https://scrapeme.live/shop/Hakamo-o/,scrapeme.live
Kommo-o,215.9,Pokemon Merchandise,,,https://scrapeme.live/wp-content/uploads/2018/08/784-350x350.png,https://scrapeme.live/shop/Kommo-o/,scrapeme.live
Tapu-koko,201.93,Pokemon Merchandise,,,https://scrapeme.live/wp-content/uploads/2018/08/785-350x350.png,https://scrapeme.live/shop/Tapu-koko/,scrapeme.live
Tapu-lele,78.74,Pokemon Merchandise,,,https://scrapeme.live/wp-content/uploads/2018/08/786-350x350.png,https://scrapeme.live/shop/Tapu-lele/,scrapeme.live
Tapu-bulu,209.55,Pokemon Merchandise,,,https://scrapeme.live/wp-content/uploads/2018/08/787-350x350.png,https://scrapeme.live/shop/Tapu-bulu/,scrapeme.live
Tapu-fini,156.21,Pokemon Merchandise,,,https://scrapeme.live/wp-content/uploads/2018/08/788-350x350.png,https://scrapeme.live/shop/Tapu-fini/,scrapeme.live
Solgaleo,158.75,Pokemon Merchandise,,,https://scrapeme.live/wp-content/uploads/2018/08/791-350x350.png,https://scrapeme.live/shop/Solgaleo/,scrapeme.live
Lunala,73.66,Pokemon Merchandise,,,https://scrapeme.live/wp-content/uploads/2018/08/792-350x350.png,https://scrapeme.live/shop/Lunala/,scrapeme.live
Nihilego,85.09,Pokemon Merchandise,,,https://scrapeme.live/wp-content/uploads/2018/08/793-350x350.png,https://scrapeme.live/shop/Nihilego/,scrapeme.live
Buzzwole,218.44,Pokemon Merchandise,,,https://scrapeme.live/wp-content/uploads/2018/08/794-350x350.png,https://scrapeme.live/shop/Buzzwole/,scrapeme.live
Pheromosa,78.74,Pokemon Merchandise,,,https://scrapeme.live/wp-content/uploads/2018/08/795-350x350.png,https://scrapeme.live/shop/Pheromosa/,scrapeme.live
Xurkitree,220.98,Pokemon Merchandise,,,https://scrapeme.live/wp-content/uploads/2018/08/796-350x350.png,https://scrapeme.live/shop/Xurkitree/,scrapeme.live
Celesteela,191.77,Pokemon Merchandise,,,https://scrapeme.live/wp-content/uploads/2018/08/797-350x350.png,https://scrapeme.live/shop/Celesteela/,scrapeme.live
Kartana,250.19,Pokemon Merchandise,,,https://scrapeme.live/wp-content/uploads/2018/08/798-350x350.png,https://scrapeme.live/shop/Kartana/,scrapeme.live
Guzzlord,92.71,Pokemon Merchandise,,,https://scrapeme.live/wp-content/uploads/2018/08/799-350x350.png,https://scrapeme.live/shop/Guzzlord/,scrapeme.live
Necrozma,86.36,Pokemon Merchandise,,,https://scrapeme.live/wp-content/uploads/2018/08/800-350x350.png,https://scrapeme.live/shop/Necrozma/,scrapeme.live
Marshadow,135.89,Pokemon Merchandise,,,https://scrapeme.live/wp-content/uploads/2018/08/802-350x350.png,https://scrapeme.live/shop/Marshadow/,scrapeme.live
Poipole,165.1,Pokemon Merchandise,,,https://scrapeme.live/wp-content/uploads/2018/08/803-350x350.png,https://scrapeme.live/shop/Poipole/,scrapeme.live
Naganadel,38.1,Pokemon Merchandise,,,https://scrapeme.live/wp-content/uploads/2018/08/804-350x350.png,https://scrapeme.live/shop/Naganadel/,scrapeme.live
Stakataka,241.3,Pokemon Merchandise,,,https://scrapeme.live/wp-content/uploads/2018/08/805-350x350.png,https://scrapeme.live/shop/Stakataka/,scrapeme.live
Blacephalon,189.23,Pokemon Merchandise,,,https://scrapeme.live/wp-content/uploads/2018/08/806-350x350.png,https://scrapeme.live/shop/Blacephalon/,scrapeme.live
Nokia 123,24.99,Phones - Touch,,11.0,,https://webscraper.io/test-sites/e-commerce/allinone/product/1,webscraper.io
LG Optimus,57.99,Phones - Touch,,11.0,,https://webscraper.io/test-sites/e-commerce/allinone/product/2,webscraper.io
Samsung Galaxy,93.99,Phones - Touch,,3.0,,https://webscraper.io/test-sites/e-commerce/allinone/product/3,webscraper.io
Nokia X,109.99,Phones - Touch,,4.0,,https://webscraper.io/test-sites/e-commerce/allinone/product/4,webscraper.io
Sony Xperia,118.99,Phones - Touch,,6.0,,https://webscraper.io/test-sites/e-commerce/allinone/product/5,webscraper.io
Ubuntu Edge,499.99,Phones - Touch,,2.0,,https://webscraper.io/test-sites/e-commerce/allinone/product/6,webscraper.io
Iphone,899.99,Phones - Touch,,10.0,,https://webscraper.io/test-sites/e-commerce/allinone/product/7,webscraper.io
Iphone,899.99,Phones - Touch,,8.0,,https://webscraper.io/test-sites/e-commerce/allinone/product/8,webscraper.io
Iphone,899.99,Phones - Touch,,1.0,,https://webscraper.io/test-sites/e-commerce/allinone/product/9,webscraper.io
Asus VivoBook X441NA-GA190,295.99,Computers - Laptops,,14.0,,https://webscraper.io/test-sites/e-commerce/allinone/product/60,webscraper.io
Prestigio SmartBook 133S Dark Grey,299.0,Computers - Laptops,,8.0,,https://webscraper.io/test-sites/e-commerce/allinone/product/61,webscraper.io
Prestigio SmartBook 133S Gold,299.0,Computers - Laptops,,12.0,,https://webscraper.io/test-sites/e-commerce/allinone/product/62,webscraper.io
Aspire E1-510,306.99,Computers - Laptops,,2.0,,https://webscraper.io/test-sites/e-commerce/allinone/product/32,webscraper.io
Lenovo V110-15IAP,321.94,Computers - Laptops,,5.0,,https://webscraper.io/test-sites/e-commerce/allinone/product/63,webscraper.io
Lenovo V110-15IAP,356.49,Computers - Laptops,,6.0,,https://webscraper.io/test-sites/e-commerce/allinone/product/64,webscraper.io
Hewlett Packard 250 G6 Dark Ash Silver,364.46,Computers - Laptops,,12.0,,https://webscraper.io/test-sites/e-commerce/allinone/product/65,webscraper.io
Acer Aspire 3 A315-31 Black,372.7,Computers - Laptops,,2.0,,https://webscraper.io/test-sites/e-commerce/allinone/product/66,webscraper.io
Acer Aspire A315-31-C33J,379.94,Computers - Laptops,,0.0,,https://webscraper.io/test-sites/e-commerce/allinone/product/67,webscraper.io
Acer Aspire ES1-572 Black,379.95,Computers - Laptops,,9.0,,https://webscraper.io/test-sites/e-commerce/allinone/product/68,webscraper.io
Acer Aspire 3 A315-31 Black,391.48,Computers - Laptops,,10.0,,https://webscraper.io/test-sites/e-commerce/allinone/product/69,webscraper.io
Acer Aspire 3 A315-21,393.88,Computers - Laptops,,9.0,,https://webscraper.io/test-sites/e-commerce/allinone/product/70,webscraper.io
Asus VivoBook Max,399.0,Computers - Laptops,,4.0,,https://webscraper.io/test-sites/e-commerce/allinone/product/45,webscraper.io
Asus VivoBook E502NA-GO022T Dark Blue,399.99,Computers - Laptops,,3.0,,https://webscraper.io/test-sites/e-commerce/allinone/product/71,webscraper.io
Lenovo ThinkPad E31-80,404.23,Computers - Laptops,,12.0,,https://webscraper.io/test-sites/e-commerce/allinone/product/72,webscraper.io
Acer Aspire 3 A315-31 Black,408.98,Computers - Laptops,,10.0,,https://webscraper.io/test-sites/e-commerce/allinone/product/73,webscraper.io
Lenovo V110-15ISK,409.63,Computers - Laptops,,9.0,,https://webscraper.io/test-sites/e-commerce/allinone/product/74,webscraper.io
Acer Aspire ES1-732 Black,410.46,Computers - Laptops,,14.0,,https://webscraper.io/test-sites/e-commerce/allinone/product/75,webscraper.io
Asus VivoBook 15 X540NA-GQ026T,410.66,Computers - Laptops,,4.0,,https://webscraper.io/test-sites/e-commerce/allinone/product/76,webscraper.io
Packard 255 G2,416.99,Computers - Laptops,,2.0,,https://webscraper.io/test-sites/e-commerce/allinone/product/31,webscraper.io
Asus EeeBook R416NA-FA014T,433.3,Computers - Laptops,,1.0,,https://webscraper.io/test-sites/e-commerce/allinone/product/77,webscraper.io
Acer Aspire 3 A315-51,436.29,Computers - Laptops,,1.0,,https://webscraper.io/test-sites/e-commerce/allinone/product/78,webscraper.io
Acer Aspire ES1-572 Black,436.29,Computers - Laptops,,2.0,,https://webscraper.io/test-sites/e-commerce/allinone/product/79,webscraper.io
Acer Extensa 15 (2540) Black,439.73,Computers - Laptops,,6.0,,https://webscraper.io/test-sites/e-commerce/allinone/product/80,webscraper.io
Acer Aspire ES1-572 Black,454.62,Computers - Laptops,,9.0,,https://webscraper.io/test-sites/e-commerce/allinone/product/81,webscraper.io
Lenovo V110-15ISK,454.73,Computers - Laptops,,2.0,,https://webscraper.io/test-sites/e-commerce/allinone/product/82,webscraper.io
Acer Aspire A315-51-33TG,457.38,Computers - Laptops,,9.0,,https://webscraper.io/test-sites/e-commerce/allinone/product/83,webscraper.io
Lenovo V110-15IKB,465.95,Computers - Laptops,,7.0,,https://webscraper.io/test-sites/e-commerce/allinone/product/84,webscraper.io
Asus VivoBook 15 X540UA-DM260 Chocolate Black,468.56,Computers - Laptops,,1.0,,https://webscraper.io/test-sites/e-commerce/allinone/product/85,webscraper.io
Acer Aspire ES1-572 Black,469.1,Computers - Laptops,,5.0,,https://webscraper.io/test-sites/e-commerce/allinone/product/86,webscraper.io
Lenovo V510 Black,484.23,Computers - Laptops,,8.0,,https://webscraper.io/test-sites/e-commerce/allinone/product/87,webscraper.io
Acer Aspire ES1-572 Black,485.9,Computers - Laptops,,6.0,,https://webscraper.io/test-sites/e-commerce/allinone/product/88,webscraper.io
Lenovo V510 Black,487.8,Computers - Laptops,,9.0,,https://webscraper.io/test-sites/e-commerce/allinone/product/89,webscraper.io
Acer Swift 1 SF113-31 Silver,488.64,Computers - Laptops,,4.0,,https://webscraper.io/test-sites/e-commerce/allinone/product/90,webscraper.io
Dell Vostro 15,488.78,Computers - Laptops,,14.0,,https://webscraper.io/test-sites/e-commerce/allinone/product/46,webscraper.io
Acer Aspire 3 A315-51 Black,494.71,Computers - Laptops,,2.0,,https://webscraper.io/test-sites/e-commerce/allinone/product/91,webscraper.io
Dell Vostro 15 (3568) Red,497.17,Computers - Laptops,,9.0,,https://webscraper.io/test-sites/e-commerce/allinone/product/92,webscraper.io
Lenovo V510 Black,498.23,Computers - Laptops,,5.0,,https://webscraper.io/test-sites/e-commerce/allinone/product/93,webscraper.io
HP 250 G3,520.99,Computers - Laptops,,13.0,,https://webscraper.io/test-sites/e-commerce/allinone/product/42,webscraper.io
Acer Spin 5,564.98,Computers - Laptops,,0.0,,https://webscraper.io/test-sites/e-commerce/allinone/product/47,webscraper.io
HP 350 G1,577.99,Computers - Laptops,,10.0,,https://webscraper.io/test-sites/e-commerce/allinone/product/44,webscraper.io
Aspire E1-572G,581.99,Computers - Laptops,,2.0,,https://webscraper.io/test-sites/e-commerce/allinone/product/36,webscraper.io
Pavilion,609.99,Computers - Laptops,,4.0,,https://webscraper.io/test-sites/e-commerce/allinone/product/38,webscraper.io
Acer Aspire A515-51-5654,679.0,Computers - Laptops,,9.0,,https://webscraper.io/test-sites/e-commerce/allinone/product/48,webscraper.io
Dell Inspiron 15,679.0,Computers - Laptops,,7.0,,https://webscraper.io/test-sites/e-commerce/allinone/product/49,webscraper.io
Asus VivoBook S14,729.0,Computers - Laptops,,2.0,,https://webscraper.io/test-sites/e-commerce/allinone/product/50,webscraper.io
ProBook,739.99,Computers - Laptops,,8.0,,https://webscraper.io/test-sites/e-commerce/allinone/product/34,webscraper.io
Inspiron 15,745.99,Computers - Laptops,,12.0,,https://webscraper.io/test-sites/e-commerce/allinone/product/39,webscraper.io
Asus ROG STRIX GL553VD-DM256,799.0,Computers - Laptops,,7.0,,https://webscraper.io/test-sites/e-commerce/allinone/product/51,webscraper.io
Acer Nitro 5 AN515-51,809.0,Computers - Laptops,,0.0,,https://webscraper.io/test-sites/e-commerce/allinone/product/52,webscraper.io
Asus ROG STRIX GL553VD-DM256,899.0,Computers - Laptops,,7.0,,https://webscraper.io/test-sites/e-commerce/allinone/product/53,webscraper.io
Lenovo ThinkPad L570,999.0,Computers - Laptops,,11.0,,https://webscraper.io/test-sites/e-commerce/allinone/product/54,webscraper.io
ThinkPad Yoga,1033.99,Computers - Laptops,,13.0,,https://webscraper.io/test-sites/e-commerce/allinone/product/37,webscraper.io
Lenovo ThinkPad L460,1096.02,Computers - Laptops,,14.0,,https://webscraper.io/test-sites/e-commerce/allinone/product/94,webscraper.io
Dell Inspiron 15 (7567) Black,1098.42,Computers - Laptops,,7.0,,https://webscraper.io/test-sites/e-commerce/allinone/product/95,webscraper.io
MSI GL72M 7RDX,1099.0,Computers - Laptops,,1.0,,https://webscraper.io/test-sites/e-commerce/allinone/product/96,webscraper.io
MSI GL72M 7RDX,1099.0,Computers - Laptops,,9.0,,https://webscraper.io/test-sites/e-commerce/allinone/product/97,webscraper.io
Asus ROG Strix GL553VD-DM535T,1101.83,Computers - Laptops,,4.0,,https://webscraper.io/test-sites/e-commerce/allinone/product/98,webscraper.io
Dell Latitude 5280,1102.66,Computers - Laptops,,8.0,,https://webscraper.io/test-sites/e-commerce/allinone/product/99,webscraper.io
Dell Latitude 5480,1110.14,Computers - Laptops,,4.0,,https://webscraper.io/test-sites/e-commerce/allinone/product/100,webscraper.io
Lenovo Legion Y520-15IKBM,1112.91,Computers - Laptops,,1.0,,https://webscraper.io/test-sites/e-commerce/allinone/product/101,webscraper.io
Toshiba Portege Z30-C-16J Grey,1114.55,Computers - Laptops,,0.0,,https://webscraper.io/test-sites/e-commerce/allinone/product/102,webscraper.io
Acer Predator Helios 300 (PH317-51),1123.87,Computers - Laptops,,1.0,,https://webscraper.io/test-sites/e-commerce/allinone/product/103,webscraper.io
Acer Aspire 7 A715-71G,1123.87,Computers - Laptops,,4.0,,https://webscraper.io/test-sites/e-commerce/allinone/product/104,webscraper.io
Dell Inspiron 17 2in1 (7779) Silver,1124.2,Computers - Laptops,,10.0,,https://webscraper.io/test-sites/e-commerce/allinone/product/105,webscraper.io
Dell Latitude 5480,1133.82,Computers - Laptops,,14.0,,https://webscraper.io/test-sites/e-commerce/allinone/product/106,webscraper.io
Lenovo Legion Y520,1133.91,Computers - Laptops,,13.0,,https://webscraper.io/test-sites/e-commerce/allinone/product/107,webscraper.io
Asus AsusPro Advanced BU401LA-FA271G Dark Grey,1139.54,Computers - Laptops,,7.0,,https://webscraper.io/test-sites/e-commerce/allinone/product/108,webscraper.io
Acer Nitro 5 AN515-51,1140.62,Computers - Laptops,,14.0,,https://webscraper.io/test-sites/e-commerce/allinone/product/109,webscraper.io
Dell Latitude 5480,1143.4,Computers - Laptops,,5.0,,https://webscraper.io/test-sites/e-commerce/allinone/product/110,webscraper.io
Dell Inspiron 15 (7567) Black,1144.2,Computers - Laptops,,2.0,,https://webscraper.io/test-sites/e-commerce/allinone/product/111,webscraper.io
Dell Latitude 5580,1144.4,Computers - Laptops,,10.0,,https://webscraper.io/test-sites/e-commerce/allinone/product/112,webscraper.io
Lenovo Legion Y520-15IKBM,1149.0,Computers - Laptops,,11.0,,https://webscraper.io/test-sites/e-commerce/allinone/product/55,webscraper.io
MSI GP62M 7RDX Leopard,1149.0,Computers - Laptops,,11.0,,https://webscraper.io/test-sites/e-commerce/allinone/product/113,webscraper.io
Lenovo Yoga 720 Grey,1149.73,Computers - Laptops,,12.0,,https://webscraper.io/test-sites/e-commerce/allinone/product/114,webscraper.io
Toshiba Portege Z30-C-16L Grey,1154.04,Computers - Laptops,,7.0,,https://webscraper.io/test-sites/e-commerce/allinone/product/115,webscraper.io
Acer TravelMate P645-S-511A Black,1170.1,Computers - Laptops,,0.0,,https://webscraper.io/test-sites/e-commerce/allinone/product/116,webscraper.io
Dell Latitude 5580,1178.19,Computers - Laptops,,6.0,,https://webscraper.io/test-sites/e-commerce/allinone/product/117,webscraper.io
ThinkPad T540p,1178.99,Computers - Laptops,,2.0,,https://webscraper.io/test-sites/e-commerce/allinone/product/33,webscraper.io
MSI GS63 7RD Stealth,1179.0,Computers - Laptops,,2.0,,https://webscraper.io/test-sites/e-commerce/allinone/product/118,webscraper.io
Dell Latitude 5480,1187.88,Computers - Laptops,,5.0,,https://webscraper.io/test-sites/e-commerce/allinone/product/119,webscraper.io
Acer Predator Helios 300 (PH317-51),1187.98,Computers - Laptops,,14.0,,https://webscraper.io/test-sites/e-commerce/allinone/product/120,webscraper.io
MSI GL62M 7REX,1199.0,Computers - Laptops,,7.0,,https://webscraper.io/test-sites/e-commerce/allinone/product/121,webscraper.io
MSI GL62M 7REX2,1199.0,Computers - Laptops,,12.0,,https://webscraper.io/test-sites/e-commerce/allinone/product/122,webscraper.io
Lenovo Yoga 910 Grey,1199.73,Computers - Laptops,,7.0,,https://webscraper.io/test-sites/e-commerce/allinone/product/123,webscraper.io
Toshiba Portege X30-D-10J Black/Blue,1203.41,Computers - Laptops,,13.0,,https://webscraper.io/test-sites/e-commerce/allinone/product/124,webscraper.io
Lenovo IdeaPad Miix 510 Platinum Silver,1212.16,Computers - Laptops,,0.0,,https://webscraper.io/test-sites/e-commerce/allinone/product/125,webscraper.io
Acer Predator Helios 300 (PH317-51),1221.58,Computers - Laptops,,9.0,,https://webscraper.io/test-sites/e-commerce/allinone/product/126,webscraper.io
ThinkPad Yoga,1223.99,Computers - Laptops,,2.0,,https://webscraper.io/test-sites/e-commerce/allinone/product/43,webscraper.io
Asus VivoBook Pro 15 N580VN-FI006T Gold Metal,1235.49,Computers - Laptops,,10.0,,https://webscraper.io/test-sites/e-commerce/allinone/product/127,webscraper.io
Dell Latitude 5480,1238.37,Computers - Laptops,,0.0,,https://webscraper.io/test-sites/e-commerce/allinone/product/128,webscraper.io
Asus ZenBook UX530UX-FY040T Blue,1239.2,Computers - Laptops,,14.0,,https://webscraper.io/test-sites/e-commerce/allinone/product/129,webscraper.io
ThinkPad X230,1244.99,Computers - Laptops,,10.0,,https://webscraper.io/test-sites/e-commerce/allinone/product/41,webscraper.io
Asus ROG Strix GL753VE-GC096T,1259.0,Computers - Laptops,,7.0,,https://webscraper.io/test-sites/e-commerce/allinone/product/130,webscraper.io
"Apple MacBook Air 13""",1260.13,Computers - Laptops,,8.0,,https://webscraper.io/test-sites/e-commerce/allinone/product/131,webscraper.io
Dell Latitude 5480,1271.06,Computers - Laptops,,13.0,,https://webscraper.io/test-sites/e-commerce/allinone/product/132,webscraper.io
Hewlett Packard Spectre 13-v106na Dark Ash Silver,1273.11,Computers - Laptops,,8.0,,https://webscraper.io/test-sites/e-commerce/allinone/product/133,webscraper.io
Dell XPS 13,1281.99,Computers - Laptops,,4.0,,https://webscraper.io/test-sites/e-commerce/allinone/product/40,webscraper.io
Toshiba Portege Z30-C-16K Grey,1294.74,Computers - Laptops,,6.0,,https://webscraper.io/test-sites/e-commerce/allinone/product/134,webscraper.io
MSI GL62VR 7RFX,1299.0,Computers - Laptops,,1.0,,https://webscraper.io/test-sites/e-commerce/allinone/product/135,webscraper.io
Dell Latitude 5480,1310.39,Computers - Laptops,,8.0,,https://webscraper.io/test-sites/e-commerce/allinone/product/136,webscraper.io
ThinkPad X240,1311.99,Computers - Laptops,,12.0,,https://webscraper.io/test-sites/e-commerce/allinone/product/35,webscraper.io
Hewlett Packard ProBook 640 G3,1326.83,Computers - Laptops,,2.0,,https://webscraper.io/test-sites/e-commerce/allinone/product/137,webscraper.io
"Apple MacBook Pro 13"" Space Gray",1333.0,Computers - Laptops,,0.0,,https://webscraper.io/test-sites/e-commerce/allinone/product/138,webscraper.io
Dell Latitude 5580,1337.28,Computers - Laptops,,6.0,,https://webscraper.io/test-sites/e-commerce/allinone/product/139,webscraper.io
Dell Latitude 5480,1338.37,Computers - Laptops,,11.0,,https://webscraper.io/test-sites/e-commerce/allinone/product/140,webscraper.io
Dell Latitude 5580,1341.22,Computers - Laptops,,3.0,,https://webscraper.io/test-sites/e-commerce/allinone/product/141,webscraper.io
"Apple MacBook Air 13""",1347.78,Computers - Laptops,,11.0,,https://webscraper.io/test-sites/e-commerce/allinone/product/142,webscraper.io
Lenovo ThinkPad T470,1349.23,Computers - Laptops,,5.0,,https://webscraper.io/test-sites/e-commerce/allinone/product/143,webscraper.io
Lenovo ThinkPad Yoga 370 Black,1362.24,Computers - Laptops,,12.0,,https://webscraper.io/test-sites/e-commerce/allinone/product/144,webscraper.io
Toshiba Portege X20W-D-10V Black/Blue,1366.32,Computers - Laptops,,11.0,,https://webscraper.io/test-sites/e-commerce/allinone/product/145,webscraper.io
Asus ASUSPRO B9440UA-GV0279R Gray,1381.13,Computers - Laptops,,4.0,,https://webscraper.io/test-sites/e-commerce/allinone/product/146,webscraper.io
Lenovo Legion Y720,1399.0,Computers - Laptops,,8.0,,https://webscraper.io/test-sites/e-commerce/allinone/product/56,webscraper.io
Asus ROG Strix GL702VM-GC146T,1399.0,Computers - Laptops,,10.0,,https://webscraper.io/test-sites/e-commerce/allinone/product/147,webscraper.io
Asus ROG Strix GL702ZC-GC154T,1769.0,Computers - Laptops,,7.0,,https://webscraper.io/test-sites/e-commerce/allinone/product/57,webscraper.io
Asus ROG Strix GL702ZC-GC209T,1769.0,Computers - Laptops,,8.0,,https://webscraper.io/test-sites/e-commerce/allinone/product/58,webscraper.io
Asus ROG Strix SCAR Edition GL503VM-ED115T,1799.0,Computers - Laptops,,8.0,,https://webscraper.io/test-sites/e-commerce/allinone/product/59,webscraper.io
Lenovo IdeaTab,69.99,Computers - Tablets,,7.0,,https://webscraper.io/test-sites/e-commerce/allinone/product/10,webscraper.io
IdeaTab A3500L,88.99,Computers - Tablets,,7.0,,https://webscraper.io/test-sites/e-commerce/allinone/product/15,webscraper.io
Acer Iconia,96.99,Computers - Tablets,,7.0,,https://webscraper.io/test-sites/e-commerce/allinone/product/11,webscraper.io
Galaxy Tab 3,97.99,Computers - Tablets,,2.0,,https://webscraper.io/test-sites/e-commerce/allinone/product/18,webscraper.io
Iconia B1-730HD,99.99,Computers - Tablets,,1.0,,https://webscraper.io/test-sites/e-commerce/allinone/product/27,webscraper.io
Memo Pad HD 7,101.99,Computers - Tablets,,10.0,,https://webscraper.io/test-sites/e-commerce/allinone/product/23,webscraper.io
Asus MeMO Pad,102.99,Computers - Tablets,,14.0,,https://webscraper.io/test-sites/e-commerce/allinone/product/12,webscraper.io
Amazon Kindle,103.99,Computers - Tablets,,3.0,,https://webscraper.io/test-sites/e-commerce/allinone/product/13,webscraper.io
Galaxy Tab 3,107.99,Computers - Tablets,,14.0,,https://webscraper.io/test-sites/e-commerce/allinone/product/22,webscraper.io
IdeaTab A8-50,121.99,Computers - Tablets,,13.0,,https://webscraper.io/test-sites/e-commerce/allinone/product/28,webscraper.io
MeMO Pad 7,130.99,Computers - Tablets,,11.0,,https://webscraper.io/test-sites/e-commerce/allinone/product/20,webscraper.io
IdeaTab A3500-H,148.99,Computers - Tablets,,9.0,,https://webscraper.io/test-sites/e-commerce/allinone/product/17,webscraper.io
IdeaTab S5000,172.99,Computers - Tablets,,8.0,,https://webscraper.io/test-sites/e-commerce/allinone/product/26,webscraper.io
Galaxy Tab 4,233.99,Computers - Tablets,,1.0,,https://webscraper.io/test-sites/e-commerce/allinone/product/21,webscraper.io
Galaxy Tab,251.99,Computers - Tablets,,14.0,,https://webscraper.io/test-sites/e-commerce/allinone/product/16,webscraper.io
MeMo PAD FHD 10,320.99,Computers - Tablets,,7.0,,https://webscraper.io/test-sites/e-commerce/allinone/product/25,webscraper.io
Galaxy Note,399.99,Computers - Tablets,,12.0,,https://webscraper.io/test-sites/e-commerce/allinone/product/29,webscraper.io
Galaxy Note,489.99,Computers - Tablets,,9.0,,https://webscraper.io/test-sites/e-commerce/allinone/product/19,webscraper.io
iPad Mini Retina,537.99,Computers - Tablets,,8.0,,https://webscraper.io/test-sites/e-commerce/allinone/product/14,webscraper.io
Galaxy Note 10.1,587.99,Computers - Tablets,,6.0,,https://webscraper.io/test-sites/e-commerce/allinone/product/24,webscraper.io
Apple iPad Air,603.99,Computers - Tablets,,7.0,,https://webscraper.io/test-sites/e-commerce/allinone/product/30,webscraper.io
Essence Mascara Lash Princess,9.99,Beauty,2.56,3.0,https://cdn.dummyjson.com/product-images/beauty/essence-mascara-lash-princess/thumbnail.webp,https://dummyjson.com/products/1,dummyjson.com
Eyeshadow Palette with Mirror,19.99,Beauty,2.86,3.0,https://cdn.dummyjson.com/product-images/beauty/eyeshadow-palette-with-mirror/thumbnail.webp,https://dummyjson.com/products/2,dummyjson.com
Powder Canister,14.99,Beauty,4.64,3.0,https://cdn.dummyjson.com/product-images/beauty/powder-canister/thumbnail.webp,https://dummyjson.com/products/3,dummyjson.com
Red Lipstick,12.99,Beauty,4.36,3.0,https://cdn.dummyjson.com/product-images/beauty/red-lipstick/thumbnail.webp,https://dummyjson.com/products/4,dummyjson.com
Red Nail Polish,8.99,Beauty,4.32,3.0,https://cdn.dummyjson.com/product-images/beauty/red-nail-polish/thumbnail.webp,https://dummyjson.com/products/5,dummyjson.com
Calvin Klein CK One,49.99,Fragrances,4.37,3.0,https://cdn.dummyjson.com/product-images/fragrances/calvin-klein-ck-one/thumbnail.webp,https://dummyjson.com/products/6,dummyjson.com
Chanel Coco Noir Eau De,129.99,Fragrances,4.26,3.0,https://cdn.dummyjson.com/product-images/fragrances/chanel-coco-noir-eau-de/thumbnail.webp,https://dummyjson.com/products/7,dummyjson.com
Dior J'adore,89.99,Fragrances,3.8,3.0,https://cdn.dummyjson.com/product-images/fragrances/dior-j'adore/thumbnail.webp,https://dummyjson.com/products/8,dummyjson.com
Dolce Shine Eau de,69.99,Fragrances,3.96,3.0,https://cdn.dummyjson.com/product-images/fragrances/dolce-shine-eau-de/thumbnail.webp,https://dummyjson.com/products/9,dummyjson.com
Gucci Bloom Eau de,79.99,Fragrances,2.74,3.0,https://cdn.dummyjson.com/product-images/fragrances/gucci-bloom-eau-de/thumbnail.webp,https://dummyjson.com/products/10,dummyjson.com
Annibale Colombo Bed,1899.99,Furniture,4.77,3.0,https://cdn.dummyjson.com/product-images/furniture/annibale-colombo-bed/thumbnail.webp,https://dummyjson.com/products/11,dummyjson.com
Annibale Colombo Sofa,2499.99,Furniture,3.92,3.0,https://cdn.dummyjson.com/product-images/furniture/annibale-colombo-sofa/thumbnail.webp,https://dummyjson.com/products/12,dummyjson.com
Bedside Table African Cherry,299.99,Furniture,2.87,3.0,https://cdn.dummyjson.com/product-images/furniture/bedside-table-african-cherry/thumbnail.webp,https://dummyjson.com/products/13,dummyjson.com
Knoll Saarinen Executive Conference Chair,499.99,Furniture,4.88,3.0,https://cdn.dummyjson.com/product-images/furniture/knoll-saarinen-executive-conference-chair/thumbnail.webp,https://dummyjson.com/products/14,dummyjson.com
Wooden Bathroom Sink With Mirror,799.99,Furniture,3.59,3.0,https://cdn.dummyjson.com/product-images/furniture/wooden-bathroom-sink-with-mirror/thumbnail.webp,https://dummyjson.com/products/15,dummyjson.com
Apple,1.99,Groceries,4.19,3.0,https://cdn.dummyjson.com/product-images/groceries/apple/thumbnail.webp,https://dummyjson.com/products/16,dummyjson.com
Beef Steak,12.99,Groceries,4.47,3.0,https://cdn.dummyjson.com/product-images/groceries/beef-steak/thumbnail.webp,https://dummyjson.com/products/17,dummyjson.com
Cat Food,8.99,Groceries,3.13,3.0,https://cdn.dummyjson.com/product-images/groceries/cat-food/thumbnail.webp,https://dummyjson.com/products/18,dummyjson.com
Chicken Meat,9.99,Groceries,3.19,3.0,https://cdn.dummyjson.com/product-images/groceries/chicken-meat/thumbnail.webp,https://dummyjson.com/products/19,dummyjson.com
Cooking Oil,4.99,Groceries,4.8,3.0,https://cdn.dummyjson.com/product-images/groceries/cooking-oil/thumbnail.webp,https://dummyjson.com/products/20,dummyjson.com
Cucumber,1.49,Groceries,4.07,3.0,https://cdn.dummyjson.com/product-images/groceries/cucumber/thumbnail.webp,https://dummyjson.com/products/21,dummyjson.com
Dog Food,10.99,Groceries,4.55,3.0,https://cdn.dummyjson.com/product-images/groceries/dog-food/thumbnail.webp,https://dummyjson.com/products/22,dummyjson.com
Eggs,2.99,Groceries,2.53,3.0,https://cdn.dummyjson.com/product-images/groceries/eggs/thumbnail.webp,https://dummyjson.com/products/23,dummyjson.com
Fish Steak,14.99,Groceries,3.78,3.0,https://cdn.dummyjson.com/product-images/groceries/fish-steak/thumbnail.webp,https://dummyjson.com/products/24,dummyjson.com
Green Bell Pepper,1.29,Groceries,3.25,3.0,https://cdn.dummyjson.com/product-images/groceries/green-bell-pepper/thumbnail.webp,https://dummyjson.com/products/25,dummyjson.com
Green Chili Pepper,0.99,Groceries,3.66,3.0,https://cdn.dummyjson.com/product-images/groceries/green-chili-pepper/thumbnail.webp,https://dummyjson.com/products/26,dummyjson.com
Honey Jar,6.99,Groceries,3.97,3.0,https://cdn.dummyjson.com/product-images/groceries/honey-jar/thumbnail.webp,https://dummyjson.com/products/27,dummyjson.com
Ice Cream,5.49,Groceries,3.39,3.0,https://cdn.dummyjson.com/product-images/groceries/ice-cream/thumbnail.webp,https://dummyjson.com/products/28,dummyjson.com
Juice,3.99,Groceries,3.94,3.0,https://cdn.dummyjson.com/product-images/groceries/juice/thumbnail.webp,https://dummyjson.com/products/29,dummyjson.com
Kiwi,2.49,Groceries,4.93,3.0,https://cdn.dummyjson.com/product-images/groceries/kiwi/thumbnail.webp,https://dummyjson.com/products/30,dummyjson.com
Lemon,0.79,Groceries,3.53,3.0,https://cdn.dummyjson.com/product-images/groceries/lemon/thumbnail.webp,https://dummyjson.com/products/31,dummyjson.com
Milk,3.49,Groceries,2.61,3.0,https://cdn.dummyjson.com/product-images/groceries/milk/thumbnail.webp,https://dummyjson.com/products/32,dummyjson.com
Mulberry,4.99,Groceries,4.95,3.0,https://cdn.dummyjson.com/product-images/groceries/mulberry/thumbnail.webp,https://dummyjson.com/products/33,dummyjson.com
Nescafe Coffee,7.99,Groceries,4.82,3.0,https://cdn.dummyjson.com/product-images/groceries/nescafe-coffee/thumbnail.webp,https://dummyjson.com/products/34,dummyjson.com
Potatoes,2.29,Groceries,4.81,3.0,https://cdn.dummyjson.com/product-images/groceries/potatoes/thumbnail.webp,https://dummyjson.com/products/35,dummyjson.com
Protein Powder,19.99,Groceries,4.18,3.0,https://cdn.dummyjson.com/product-images/groceries/protein-powder/thumbnail.webp,https://dummyjson.com/products/36,dummyjson.com
Red Onions,1.99,Groceries,4.2,3.0,https://cdn.dummyjson.com/product-images/groceries/red-onions/thumbnail.webp,https://dummyjson.com/products/37,dummyjson.com
Rice,5.99,Groceries,3.18,3.0,https://cdn.dummyjson.com/product-images/groceries/rice/thumbnail.webp,https://dummyjson.com/products/38,dummyjson.com
Soft Drinks,1.99,Groceries,4.75,3.0,https://cdn.dummyjson.com/product-images/groceries/soft-drinks/thumbnail.webp,https://dummyjson.com/products/39,dummyjson.com
Strawberry,3.99,Groceries,3.08,3.0,https://cdn.dummyjson.com/product-images/groceries/strawberry/thumbnail.webp,https://dummyjson.com/products/40,dummyjson.com
Tissue Paper Box,2.49,Groceries,2.69,3.0,https://cdn.dummyjson.com/product-images/groceries/tissue-paper-box/thumbnail.webp,https://dummyjson.com/products/41,dummyjson.com
Water,0.99,Groceries,4.96,3.0,https://cdn.dummyjson.com/product-images/groceries/water/thumbnail.webp,https://dummyjson.com/products/42,dummyjson.com
Decoration Swing,59.99,Home Decoration,3.16,3.0,https://cdn.dummyjson.com/product-images/home-decoration/decoration-swing/thumbnail.webp,https://dummyjson.com/products/43,dummyjson.com
Family Tree Photo Frame,29.99,Home Decoration,4.53,3.0,https://cdn.dummyjson.com/product-images/home-decoration/family-tree-photo-frame/thumbnail.webp,https://dummyjson.com/products/44,dummyjson.com
House Showpiece Plant,39.99,Home Decoration,4.67,3.0,https://cdn.dummyjson.com/product-images/home-decoration/house-showpiece-plant/thumbnail.webp,https://dummyjson.com/products/45,dummyjson.com
Plant Pot,14.99,Home Decoration,3.01,3.0,https://cdn.dummyjson.com/product-images/home-decoration/plant-pot/thumbnail.webp,https://dummyjson.com/products/46,dummyjson.com
Table Lamp,49.99,Home Decoration,3.55,3.0,https://cdn.dummyjson.com/product-images/home-decoration/table-lamp/thumbnail.webp,https://dummyjson.com/products/47,dummyjson.com
Bamboo Spatula,7.99,Kitchen Accessories,3.27,3.0,https://cdn.dummyjson.com/product-images/kitchen-accessories/bamboo-spatula/thumbnail.webp,https://dummyjson.com/products/48,dummyjson.com
Black Aluminium Cup,5.99,Kitchen Accessories,4.46,3.0,https://cdn.dummyjson.com/product-images/kitchen-accessories/black-aluminium-cup/thumbnail.webp,https://dummyjson.com/products/49,dummyjson.com
Black Whisk,9.99,Kitchen Accessories,3.9,3.0,https://cdn.dummyjson.com/product-images/kitchen-accessories/black-whisk/thumbnail.webp,https://dummyjson.com/products/50,dummyjson.com
Boxed Blender,39.99,Kitchen Accessories,4.56,3.0,https://cdn.dummyjson.com/product-images/kitchen-accessories/boxed-blender/thumbnail.webp,https://dummyjson.com/products/51,dummyjson.com
Carbon Steel Wok,29.99,Kitchen Accessories,4.05,3.0,https://cdn.dummyjson.com/product-images/kitchen-accessories/carbon-steel-wok/thumbnail.webp,https://dummyjson.com/products/52,dummyjson.com
Chopping Board,12.99,Kitchen Accessories,3.7,3.0,https://cdn.dummyjson.com/product-images/kitchen-accessories/chopping-board/thumbnail.webp,https://dummyjson.com/products/53,dummyjson.com
Citrus Squeezer Yellow,8.99,Kitchen Accessories,4.63,3.0,https://cdn.dummyjson.com/product-images/kitchen-accessories/citrus-squeezer-yellow/thumbnail.webp,https://dummyjson.com/products/54,dummyjson.com
Egg Slicer,6.99,Kitchen Accessories,3.09,3.0,https://cdn.dummyjson.com/product-images/kitchen-accessories/egg-slicer/thumbnail.webp,https://dummyjson.com/products/55,dummyjson.com
Electric Stove,49.99,Kitchen Accessories,4.11,3.0,https://cdn.dummyjson.com/product-images/kitchen-accessories/electric-stove/thumbnail.webp,https://dummyjson.com/products/56,dummyjson.com
Fine Mesh Strainer,9.99,Kitchen Accessories,3.04,3.0,https://cdn.dummyjson.com/product-images/kitchen-accessories/fine-mesh-strainer/thumbnail.webp,https://dummyjson.com/products/57,dummyjson.com
Fork,3.99,Kitchen Accessories,3.11,3.0,https://cdn.dummyjson.com/product-images/kitchen-accessories/fork/thumbnail.webp,https://dummyjson.com/products/58,dummyjson.com
Glass,4.99,Kitchen Accessories,4.02,3.0,https://cdn.dummyjson.com/product-images/kitchen-accessories/glass/thumbnail.webp,https://dummyjson.com/products/59,dummyjson.com
Grater Black,10.99,Kitchen Accessories,3.21,3.0,https://cdn.dummyjson.com/product-images/kitchen-accessories/grater-black/thumbnail.webp,https://dummyjson.com/products/60,dummyjson.com
Hand Blender,34.99,Kitchen Accessories,3.86,3.0,https://cdn.dummyjson.com/product-images/kitchen-accessories/hand-blender/thumbnail.webp,https://dummyjson.com/products/61,dummyjson.com
Ice Cube Tray,5.99,Kitchen Accessories,4.71,3.0,https://cdn.dummyjson.com/product-images/kitchen-accessories/ice-cube-tray/thumbnail.webp,https://dummyjson.com/products/62,dummyjson.com
Kitchen Sieve,7.99,Kitchen Accessories,3.09,3.0,https://cdn.dummyjson.com/product-images/kitchen-accessories/kitchen-sieve/thumbnail.webp,https://dummyjson.com/products/63,dummyjson.com
Knife,14.99,Kitchen Accessories,3.26,3.0,https://cdn.dummyjson.com/product-images/kitchen-accessories/knife/thumbnail.webp,https://dummyjson.com/products/64,dummyjson.com
Lunch Box,12.99,Kitchen Accessories,4.93,3.0,https://cdn.dummyjson.com/product-images/kitchen-accessories/lunch-box/thumbnail.webp,https://dummyjson.com/products/65,dummyjson.com
Microwave Oven,89.99,Kitchen Accessories,4.82,3.0,https://cdn.dummyjson.com/product-images/kitchen-accessories/microwave-oven/thumbnail.webp,https://dummyjson.com/products/66,dummyjson.com
Mug Tree Stand,15.99,Kitchen Accessories,2.64,3.0,https://cdn.dummyjson.com/product-images/kitchen-accessories/mug-tree-stand/thumbnail.webp,https://dummyjson.com/products/67,dummyjson.com
Pan,24.99,Kitchen Accessories,2.79,3.0,https://cdn.dummyjson.com/product-images/kitchen-accessories/pan/thumbnail.webp,https://dummyjson.com/products/68,dummyjson.com
Plate,3.99,Kitchen Accessories,3.65,3.0,https://cdn.dummyjson.com/product-images/kitchen-accessories/plate/thumbnail.webp,https://dummyjson.com/products/69,dummyjson.com
Red Tongs,6.99,Kitchen Accessories,4.42,3.0,https://cdn.dummyjson.com/product-images/kitchen-accessories/red-tongs/thumbnail.webp,https://dummyjson.com/products/70,dummyjson.com
Silver Pot With Glass Cap,39.99,Kitchen Accessories,3.22,3.0,https://cdn.dummyjson.com/product-images/kitchen-accessories/silver-pot-with-glass-cap/thumbnail.webp,https://dummyjson.com/products/71,dummyjson.com
Slotted Turner,8.99,Kitchen Accessories,3.4,3.0,https://cdn.dummyjson.com/product-images/kitchen-accessories/slotted-turner/thumbnail.webp,https://dummyjson.com/products/72,dummyjson.com
Spice Rack,19.99,Kitchen Accessories,4.87,3.0,https://cdn.dummyjson.com/product-images/kitchen-accessories/spice-rack/thumbnail.webp,https://dummyjson.com/products/73,dummyjson.com
Spoon,4.99,Kitchen Accessories,4.03,3.0,https://cdn.dummyjson.com/product-images/kitchen-accessories/spoon/thumbnail.webp,https://dummyjson.com/products/74,dummyjson.com
Tray,16.99,Kitchen Accessories,4.62,3.0,https://cdn.dummyjson.com/product-images/kitchen-accessories/tray/thumbnail.webp,https://dummyjson.com/products/75,dummyjson.com
Wooden Rolling Pin,11.99,Kitchen Accessories,2.92,3.0,https://cdn.dummyjson.com/product-images/kitchen-accessories/wooden-rolling-pin/thumbnail.webp,https://dummyjson.com/products/76,dummyjson.com
Yellow Peeler,5.99,Kitchen Accessories,4.24,3.0,https://cdn.dummyjson.com/product-images/kitchen-accessories/yellow-peeler/thumbnail.webp,https://dummyjson.com/products/77,dummyjson.com
Apple MacBook Pro 14 Inch Space Grey,1999.99,Laptops,3.65,3.0,https://cdn.dummyjson.com/product-images/laptops/apple-macbook-pro-14-inch-space-grey/thumbnail.webp,https://dummyjson.com/products/78,dummyjson.com
Asus Zenbook Pro Dual Screen Laptop,1799.99,Laptops,3.95,3.0,https://cdn.dummyjson.com/product-images/laptops/asus-zenbook-pro-dual-screen-laptop/thumbnail.webp,https://dummyjson.com/products/79,dummyjson.com
Huawei Matebook X Pro,1399.99,Laptops,4.98,3.0,https://cdn.dummyjson.com/product-images/laptops/huawei-matebook-x-pro/thumbnail.webp,https://dummyjson.com/products/80,dummyjson.com
Lenovo Yoga 920,1099.99,Laptops,2.86,3.0,https://cdn.dummyjson.com/product-images/laptops/lenovo-yoga-920/thumbnail.webp,https://dummyjson.com/products/81,dummyjson.com
New DELL XPS 13 9300 Laptop,1499.99,Laptops,2.67,3.0,https://cdn.dummyjson.com/product-images/laptops/new-dell-xps-13-9300-laptop/thumbnail.webp,https://dummyjson.com/products/82,dummyjson.com
Blue & Black Check Shirt,29.99,Mens Shirts,3.64,3.0,https://cdn.dummyjson.com/product-images/mens-shirts/blue-&-black-check-shirt/thumbnail.webp,https://dummyjson.com/products/83,dummyjson.com
Gigabyte Aorus Men Tshirt,24.99,Mens Shirts,3.18,3.0,https://cdn.dummyjson.com/product-images/mens-shirts/gigabyte-aorus-men-tshirt/thumbnail.webp,https://dummyjson.com/products/84,dummyjson.com
Man Plaid Shirt,34.99,Mens Shirts,3.46,3.0,https://cdn.dummyjson.com/product-images/mens-shirts/man-plaid-shirt/thumbnail.webp,https://dummyjson.com/products/85,dummyjson.com
Man Short Sleeve Shirt,19.99,Mens Shirts,2.9,3.0,https://cdn.dummyjson.com/product-images/mens-shirts/man-short-sleeve-shirt/thumbnail.webp,https://dummyjson.com/products/86,dummyjson.com
Men Check Shirt,27.99,Mens Shirts,2.72,3.0,https://cdn.dummyjson.com/product-images/mens-shirts/men-check-shirt/thumbnail.webp,https://dummyjson.com/products/87,dummyjson.com
Nike Air Jordan 1 Red And Black,149.99,Mens Shoes,4.77,3.0,https://cdn.dummyjson.com/product-images/mens-shoes/nike-air-jordan-1-red-and-black/thumbnail.webp,https://dummyjson.com/products/88,dummyjson.com
Nike Baseball Cleats,79.99,Mens Shoes,3.88,3.0,https://cdn.dummyjson.com/product-images/mens-shoes/nike-baseball-cleats/thumbnail.webp,https://dummyjson.com/products/89,dummyjson.com
Puma Future Rider Trainers,89.99,Mens Shoes,4.9,3.0,https://cdn.dummyjson.com/product-images/mens-shoes/puma-future-rider-trainers/thumbnail.webp,https://dummyjson.com/products/90,dummyjson.com
Sports Sneakers Off White & Red,119.99,Mens Shoes,4.77,3.0,https://cdn.dummyjson.com/product-images/mens-shoes/sports-sneakers-off-white-&-red/thumbnail.webp,https://dummyjson.com/products/91,dummyjson.com
Sports Sneakers Off White Red,109.99,Mens Shoes,4.69,3.0,https://cdn.dummyjson.com/product-images/mens-shoes/sports-sneakers-off-white-red/thumbnail.webp,https://dummyjson.com/products/92,dummyjson.com
Brown Leather Belt Watch,89.99,Mens Watches,4.19,3.0,https://cdn.dummyjson.com/product-images/mens-watches/brown-leather-belt-watch/thumbnail.webp,https://dummyjson.com/products/93,dummyjson.com
Longines Master Collection,1499.99,Mens Watches,3.87,3.0,https://cdn.dummyjson.com/product-images/mens-watches/longines-master-collection/thumbnail.webp,https://dummyjson.com/products/94,dummyjson.com
Rolex Cellini Date Black Dial,8999.99,Mens Watches,4.97,3.0,https://cdn.dummyjson.com/product-images/mens-watches/rolex-cellini-date-black-dial/thumbnail.webp,https://dummyjson.com/products/95,dummyjson.com
Rolex Cellini Moonphase,12999.99,Mens Watches,2.58,3.0,https://cdn.dummyjson.com/product-images/mens-watches/rolex-cellini-moonphase/thumbnail.webp,https://dummyjson.com/products/96,dummyjson.com
Rolex Datejust,10999.99,Mens Watches,3.66,3.0,https://cdn.dummyjson.com/product-images/mens-watches/rolex-datejust/thumbnail.webp,https://dummyjson.com/products/97,dummyjson.com
Rolex Submariner Watch,13999.99,Mens Watches,2.69,3.0,https://cdn.dummyjson.com/product-images/mens-watches/rolex-submariner-watch/thumbnail.webp,https://dummyjson.com/products/98,dummyjson.com
Amazon Echo Plus,99.99,Mobile Accessories,4.99,3.0,https://cdn.dummyjson.com/product-images/mobile-accessories/amazon-echo-plus/thumbnail.webp,https://dummyjson.com/products/99,dummyjson.com
Apple Airpods,129.99,Mobile Accessories,4.15,3.0,https://cdn.dummyjson.com/product-images/mobile-accessories/apple-airpods/thumbnail.webp,https://dummyjson.com/products/100,dummyjson.com
Apple AirPods Max Silver,549.99,Mobile Accessories,3.47,3.0,https://cdn.dummyjson.com/product-images/mobile-accessories/apple-airpods-max-silver/thumbnail.webp,https://dummyjson.com/products/101,dummyjson.com
Apple Airpower Wireless Charger,79.99,Mobile Accessories,3.68,3.0,https://cdn.dummyjson.com/product-images/mobile-accessories/apple-airpower-wireless-charger/thumbnail.webp,https://dummyjson.com/products/102,dummyjson.com
Apple HomePod Mini Cosmic Grey,99.99,Mobile Accessories,4.62,3.0,https://cdn.dummyjson.com/product-images/mobile-accessories/apple-homepod-mini-cosmic-grey/thumbnail.webp,https://dummyjson.com/products/103,dummyjson.com
Apple iPhone Charger,19.99,Mobile Accessories,4.15,3.0,https://cdn.dummyjson.com/product-images/mobile-accessories/apple-iphone-charger/thumbnail.webp,https://dummyjson.com/products/104,dummyjson.com
Apple MagSafe Battery Pack,99.99,Mobile Accessories,3.62,3.0,https://cdn.dummyjson.com/product-images/mobile-accessories/apple-magsafe-battery-pack/thumbnail.webp,https://dummyjson.com/products/105,dummyjson.com
Apple Watch Series 4 Gold,349.99,Mobile Accessories,2.74,3.0,https://cdn.dummyjson.com/product-images/mobile-accessories/apple-watch-series-4-gold/thumbnail.webp,https://dummyjson.com/products/106,dummyjson.com
Beats Flex Wireless Earphones,49.99,Mobile Accessories,4.24,3.0,https://cdn.dummyjson.com/product-images/mobile-accessories/beats-flex-wireless-earphones/thumbnail.webp,https://dummyjson.com/products/107,dummyjson.com
iPhone 12 Silicone Case with MagSafe Plum,29.99,Mobile Accessories,3.62,3.0,https://cdn.dummyjson.com/product-images/mobile-accessories/iphone-12-silicone-case-with-magsafe-plum/thumbnail.webp,https://dummyjson.com/products/108,dummyjson.com
Monopod,19.99,Mobile Accessories,4.43,3.0,https://cdn.dummyjson.com/product-images/mobile-accessories/monopod/thumbnail.webp,https://dummyjson.com/products/109,dummyjson.com
Selfie Lamp with iPhone,14.99,Mobile Accessories,3.55,3.0,https://cdn.dummyjson.com/product-images/mobile-accessories/selfie-lamp-with-iphone/thumbnail.webp,https://dummyjson.com/products/110,dummyjson.com
Selfie Stick Monopod,12.99,Mobile Accessories,3.88,3.0,https://cdn.dummyjson.com/product-images/mobile-accessories/selfie-stick-monopod/thumbnail.webp,https://dummyjson.com/products/111,dummyjson.com
TV Studio Camera Pedestal,499.99,Mobile Accessories,2.78,3.0,https://cdn.dummyjson.com/product-images/mobile-accessories/tv-studio-camera-pedestal/thumbnail.webp,https://dummyjson.com/products/112,dummyjson.com
Generic Motorcycle,3999.99,Motorcycle,4.91,3.0,https://cdn.dummyjson.com/product-images/motorcycle/generic-motorcycle/thumbnail.webp,https://dummyjson.com/products/113,dummyjson.com
Kawasaki Z800,8999.99,Motorcycle,3.98,3.0,https://cdn.dummyjson.com/product-images/motorcycle/kawasaki-z800/thumbnail.webp,https://dummyjson.com/products/114,dummyjson.com
MotoGP CI.H1,14999.99,Motorcycle,2.97,3.0,https://cdn.dummyjson.com/product-images/motorcycle/motogp-ci.h1/thumbnail.webp,https://dummyjson.com/products/115,dummyjson.com
Scooter Motorcycle,2999.99,Motorcycle,2.53,3.0,https://cdn.dummyjson.com/product-images/motorcycle/scooter-motorcycle/thumbnail.webp,https://dummyjson.com/products/116,dummyjson.com
Sportbike Motorcycle,7499.99,Motorcycle,3.94,3.0,https://cdn.dummyjson.com/product-images/motorcycle/sportbike-motorcycle/thumbnail.webp,https://dummyjson.com/products/117,dummyjson.com
Attitude Super Leaves Hand Soap,8.99,Skin Care,3.19,3.0,https://cdn.dummyjson.com/product-images/skin-care/attitude-super-leaves-hand-soap/thumbnail.webp,https://dummyjson.com/products/118,dummyjson.com
Olay Ultra Moisture Shea Butter Body Wash,12.99,Skin Care,4.51,3.0,https://cdn.dummyjson.com/product-images/skin-care/olay-ultra-moisture-shea-butter-body-wash/thumbnail.webp,https://dummyjson.com/products/119,dummyjson.com
Vaseline Men Body and Face Lotion,9.99,Skin Care,3.16,3.0,https://cdn.dummyjson.com/product-images/skin-care/vaseline-men-body-and-face-lotion/thumbnail.webp,https://dummyjson.com/products/120,dummyjson.com
iPhone 5s,199.99,Smartphones,2.83,3.0,https://cdn.dummyjson.com/product-images/smartphones/iphone-5s/thumbnail.webp,https://dummyjson.com/products/121,dummyjson.com
iPhone 6,299.99,Smartphones,3.41,3.0,https://cdn.dummyjson.com/product-images/smartphones/iphone-6/thumbnail.webp,https://dummyjson.com/products/122,dummyjson.com
iPhone 13 Pro,1099.99,Smartphones,4.12,3.0,https://cdn.dummyjson.com/product-images/smartphones/iphone-13-pro/thumbnail.webp,https://dummyjson.com/products/123,dummyjson.com
iPhone X,899.99,Smartphones,2.51,3.0,https://cdn.dummyjson.com/product-images/smartphones/iphone-x/thumbnail.webp,https://dummyjson.com/products/124,dummyjson.com
Oppo A57,249.99,Smartphones,3.94,3.0,https://cdn.dummyjson.com/product-images/smartphones/oppo-a57/thumbnail.webp,https://dummyjson.com/products/125,dummyjson.com
Oppo F19 Pro Plus,399.99,Smartphones,3.51,3.0,https://cdn.dummyjson.com/product-images/smartphones/oppo-f19-pro-plus/thumbnail.webp,https://dummyjson.com/products/126,dummyjson.com
Oppo K1,299.99,Smartphones,4.25,3.0,https://cdn.dummyjson.com/product-images/smartphones/oppo-k1/thumbnail.webp,https://dummyjson.com/products/127,dummyjson.com
Realme C35,149.99,Smartphones,4.2,3.0,https://cdn.dummyjson.com/product-images/smartphones/realme-c35/thumbnail.webp,https://dummyjson.com/products/128,dummyjson.com
Realme X,299.99,Smartphones,3.7,3.0,https://cdn.dummyjson.com/product-images/smartphones/realme-x/thumbnail.webp,https://dummyjson.com/products/129,dummyjson.com
Realme XT,349.99,Smartphones,4.58,3.0,https://cdn.dummyjson.com/product-images/smartphones/realme-xt/thumbnail.webp,https://dummyjson.com/products/130,dummyjson.com
Samsung Galaxy S7,299.99,Smartphones,3.3,3.0,https://cdn.dummyjson.com/product-images/smartphones/samsung-galaxy-s7/thumbnail.webp,https://dummyjson.com/products/131,dummyjson.com
Samsung Galaxy S8,499.99,Smartphones,4.4,3.0,https://cdn.dummyjson.com/product-images/smartphones/samsung-galaxy-s8/thumbnail.webp,https://dummyjson.com/products/132,dummyjson.com
Samsung Galaxy S10,699.99,Smartphones,3.06,3.0,https://cdn.dummyjson.com/product-images/smartphones/samsung-galaxy-s10/thumbnail.webp,https://dummyjson.com/products/133,dummyjson.com
Vivo S1,249.99,Smartphones,3.5,3.0,https://cdn.dummyjson.com/product-images/smartphones/vivo-s1/thumbnail.webp,https://dummyjson.com/products/134,dummyjson.com
Vivo V9,299.99,Smartphones,3.6,3.0,https://cdn.dummyjson.com/product-images/smartphones/vivo-v9/thumbnail.webp,https://dummyjson.com/products/135,dummyjson.com
Vivo X21,499.99,Smartphones,4.26,3.0,https://cdn.dummyjson.com/product-images/smartphones/vivo-x21/thumbnail.webp,https://dummyjson.com/products/136,dummyjson.com
American Football,19.99,Sports Accessories,4.91,3.0,https://cdn.dummyjson.com/product-images/sports-accessories/american-football/thumbnail.webp,https://dummyjson.com/products/137,dummyjson.com
Baseball Ball,8.99,Sports Accessories,2.57,3.0,https://cdn.dummyjson.com/product-images/sports-accessories/baseball-ball/thumbnail.webp,https://dummyjson.com/products/138,dummyjson.com
Baseball Glove,24.99,Sports Accessories,3.96,3.0,https://cdn.dummyjson.com/product-images/sports-accessories/baseball-glove/thumbnail.webp,https://dummyjson.com/products/139,dummyjson.com
Basketball,14.99,Sports Accessories,4.66,3.0,https://cdn.dummyjson.com/product-images/sports-accessories/basketball/thumbnail.webp,https://dummyjson.com/products/140,dummyjson.com
Basketball Rim,39.99,Sports Accessories,4.6,3.0,https://cdn.dummyjson.com/product-images/sports-accessories/basketball-rim/thumbnail.webp,https://dummyjson.com/products/141,dummyjson.com
Cricket Ball,12.99,Sports Accessories,3.53,3.0,https://cdn.dummyjson.com/product-images/sports-accessories/cricket-ball/thumbnail.webp,https://dummyjson.com/products/142,dummyjson.com
Cricket Bat,29.99,Sports Accessories,3.17,3.0,https://cdn.dummyjson.com/product-images/sports-accessories/cricket-bat/thumbnail.webp,https://dummyjson.com/products/143,dummyjson.com
Cricket Helmet,44.99,Sports Accessories,4.69,3.0,https://cdn.dummyjson.com/product-images/sports-accessories/cricket-helmet/thumbnail.webp,https://dummyjson.com/products/144,dummyjson.com
Cricket Wicket,29.99,Sports Accessories,4.73,3.0,https://cdn.dummyjson.com/product-images/sports-accessories/cricket-wicket/thumbnail.webp,https://dummyjson.com/products/145,dummyjson.com
Feather Shuttlecock,5.99,Sports Accessories,2.85,3.0,https://cdn.dummyjson.com/product-images/sports-accessories/feather-shuttlecock/thumbnail.webp,https://dummyjson.com/products/146,dummyjson.com
Football,17.99,Sports Accessories,3.28,3.0,https://cdn.dummyjson.com/product-images/sports-accessories/football/thumbnail.webp,https://dummyjson.com/products/147,dummyjson.com
Golf Ball,9.99,Sports Accessories,4.3,3.0,https://cdn.dummyjson.com/product-images/sports-accessories/golf-ball/thumbnail.webp,https://dummyjson.com/products/148,dummyjson.com
Iron Golf,49.99,Sports Accessories,4.41,3.0,https://cdn.dummyjson.com/product-images/sports-accessories/iron-golf/thumbnail.webp,https://dummyjson.com/products/149,dummyjson.com
Metal Baseball Bat,29.99,Sports Accessories,4.66,3.0,https://cdn.dummyjson.com/product-images/sports-accessories/metal-baseball-bat/thumbnail.webp,https://dummyjson.com/products/150,dummyjson.com
Tennis Ball,6.99,Sports Accessories,4.06,3.0,https://cdn.dummyjson.com/product-images/sports-accessories/tennis-ball/thumbnail.webp,https://dummyjson.com/products/151,dummyjson.com
Tennis Racket,49.99,Sports Accessories,4.03,3.0,https://cdn.dummyjson.com/product-images/sports-accessories/tennis-racket/thumbnail.webp,https://dummyjson.com/products/152,dummyjson.com
Volleyball,11.99,Sports Accessories,3.84,3.0,https://cdn.dummyjson.com/product-images/sports-accessories/volleyball/thumbnail.webp,https://dummyjson.com/products/153,dummyjson.com
Black Sun Glasses,29.99,Sunglasses,4.41,3.0,https://cdn.dummyjson.com/product-images/sunglasses/black-sun-glasses/thumbnail.webp,https://dummyjson.com/products/154,dummyjson.com
Classic Sun Glasses,24.99,Sunglasses,3.86,3.0,https://cdn.dummyjson.com/product-images/sunglasses/classic-sun-glasses/thumbnail.webp,https://dummyjson.com/products/155,dummyjson.com
Green and Black Glasses,34.99,Sunglasses,4.55,3.0,https://cdn.dummyjson.com/product-images/sunglasses/green-and-black-glasses/thumbnail.webp,https://dummyjson.com/products/156,dummyjson.com
Party Glasses,19.99,Sunglasses,2.79,3.0,https://cdn.dummyjson.com/product-images/sunglasses/party-glasses/thumbnail.webp,https://dummyjson.com/products/157,dummyjson.com
Sunglasses,22.99,Sunglasses,3.02,3.0,https://cdn.dummyjson.com/product-images/sunglasses/sunglasses/thumbnail.webp,https://dummyjson.com/products/158,dummyjson.com
iPad Mini 2021 Starlight,499.99,Tablets,3.18,3.0,https://cdn.dummyjson.com/product-images/tablets/ipad-mini-2021-starlight/thumbnail.webp,https://dummyjson.com/products/159,dummyjson.com
Samsung Galaxy Tab S8 Plus Grey,599.99,Tablets,4.68,3.0,https://cdn.dummyjson.com/product-images/tablets/samsung-galaxy-tab-s8-plus-grey/thumbnail.webp,https://dummyjson.com/products/160,dummyjson.com
Samsung Galaxy Tab White,349.99,Tablets,3.72,3.0,https://cdn.dummyjson.com/product-images/tablets/samsung-galaxy-tab-white/thumbnail.webp,https://dummyjson.com/products/161,dummyjson.com
Blue Frock,29.99,Tops,4.17,3.0,https://cdn.dummyjson.com/product-images/tops/blue-frock/thumbnail.webp,https://dummyjson.com/products/162,dummyjson.com
Girl Summer Dress,19.99,Tops,4.77,3.0,https://cdn.dummyjson.com/product-images/tops/girl-summer-dress/thumbnail.webp,https://dummyjson.com/products/163,dummyjson.com
Gray Dress,34.99,Tops,2.72,3.0,https://cdn.dummyjson.com/product-images/tops/gray-dress/thumbnail.webp,https://dummyjson.com/products/164,dummyjson.com
Short Frock,24.99,Tops,3.23,3.0,https://cdn.dummyjson.com/product-images/tops/short-frock/thumbnail.webp,https://dummyjson.com/products/165,dummyjson.com
Tartan Dress,39.99,Tops,4.05,3.0,https://cdn.dummyjson.com/product-images/tops/tartan-dress/thumbnail.webp,https://dummyjson.com/products/166,dummyjson.com
300 Touring,28999.99,Vehicle,4.05,3.0,https://cdn.dummyjson.com/product-images/vehicle/300-touring/thumbnail.webp,https://dummyjson.com/products/167,dummyjson.com
Charger SXT RWD,32999.99,Vehicle,2.58,3.0,https://cdn.dummyjson.com/product-images/vehicle/charger-sxt-rwd/thumbnail.webp,https://dummyjson.com/products/168,dummyjson.com
Dodge Hornet GT Plus,24999.99,Vehicle,2.65,3.0,https://cdn.dummyjson.com/product-images/vehicle/dodge-hornet-gt-plus/thumbnail.webp,https://dummyjson.com/products/169,dummyjson.com
Durango SXT RWD,36999.99,Vehicle,4.07,3.0,https://cdn.dummyjson.com/product-images/vehicle/durango-sxt-rwd/thumbnail.webp,https://dummyjson.com/products/170,dummyjson.com
Pacifica Touring,31999.99,Vehicle,3.62,3.0,https://cdn.dummyjson.com/product-images/vehicle/pacifica-touring/thumbnail.webp,https://dummyjson.com/products/171,dummyjson.com
Blue Women's Handbag,49.99,Womens Bags,2.92,3.0,https://cdn.dummyjson.com/product-images/womens-bags/blue-women's-handbag/thumbnail.webp,https://dummyjson.com/products/172,dummyjson.com
Heshe Women's Leather Bag,129.99,Womens Bags,4.92,3.0,https://cdn.dummyjson.com/product-images/womens-bags/heshe-women's-leather-bag/thumbnail.webp,https://dummyjson.com/products/173,dummyjson.com
Prada Women Bag,599.99,Womens Bags,2.71,3.0,https://cdn.dummyjson.com/product-images/womens-bags/prada-women-bag/thumbnail.webp,https://dummyjson.com/products/174,dummyjson.com
White Faux Leather Backpack,39.99,Womens Bags,3.36,3.0,https://cdn.dummyjson.com/product-images/womens-bags/white-faux-leather-backpack/thumbnail.webp,https://dummyjson.com/products/175,dummyjson.com
Women Handbag Black,59.99,Womens Bags,2.89,3.0,https://cdn.dummyjson.com/product-images/womens-bags/women-handbag-black/thumbnail.webp,https://dummyjson.com/products/176,dummyjson.com
Black Women's Gown,129.99,Womens Dresses,3.64,3.0,https://cdn.dummyjson.com/product-images/womens-dresses/black-women's-gown/thumbnail.webp,https://dummyjson.com/products/177,dummyjson.com
Corset Leather With Skirt,89.99,Womens Dresses,3.05,3.0,https://cdn.dummyjson.com/product-images/womens-dresses/corset-leather-with-skirt/thumbnail.webp,https://dummyjson.com/products/178,dummyjson.com
Corset With Black Skirt,79.99,Womens Dresses,4.52,3.0,https://cdn.dummyjson.com/product-images/womens-dresses/corset-with-black-skirt/thumbnail.webp,https://dummyjson.com/products/179,dummyjson.com
Dress Pea,49.99,Womens Dresses,4.88,3.0,https://cdn.dummyjson.com/product-images/womens-dresses/dress-pea/thumbnail.webp,https://dummyjson.com/products/180,dummyjson.com
Marni Red & Black Suit,179.99,Womens Dresses,4.48,3.0,https://cdn.dummyjson.com/product-images/womens-dresses/marni-red-&-black-suit/thumbnail.webp,https://dummyjson.com/products/181,dummyjson.com
Green Crystal Earring,29.99,Womens Jewellery,3.96,3.0,https://cdn.dummyjson.com/product-images/womens-jewellery/green-crystal-earring/thumbnail.webp,https://dummyjson.com/products/182,dummyjson.com
Green Oval Earring,24.99,Womens Jewellery,3.57,3.0,https://cdn.dummyjson.com/product-images/womens-jewellery/green-oval-earring/thumbnail.webp,https://dummyjson.com/products/183,dummyjson.com
Tropical Earring,19.99,Womens Jewellery,4.4,3.0,https://cdn.dummyjson.com/product-images/womens-jewellery/tropical-earring/thumbnail.webp,https://dummyjson.com/products/184,dummyjson.com
Black & Brown Slipper,19.99,Womens Shoes,2.53,3.0,https://cdn.dummyjson.com/product-images/womens-shoes/black-&-brown-slipper/thumbnail.webp,https://dummyjson.com/products/185,dummyjson.com
Calvin Klein Heel Shoes,79.99,Womens Shoes,4.92,3.0,https://cdn.dummyjson.com/product-images/womens-shoes/calvin-klein-heel-shoes/thumbnail.webp,https://dummyjson.com/products/186,dummyjson.com
Golden Shoes Woman,49.99,Womens Shoes,3.26,3.0,https://cdn.dummyjson.com/product-images/womens-shoes/golden-shoes-woman/thumbnail.webp,https://dummyjson.com/products/187,dummyjson.com
Pampi Shoes,29.99,Womens Shoes,3.05,3.0,https://cdn.dummyjson.com/product-images/womens-shoes/pampi-shoes/thumbnail.webp,https://dummyjson.com/products/188,dummyjson.com
Red Shoes,34.99,Womens Shoes,3.25,3.0,https://cdn.dummyjson.com/product-images/womens-shoes/red-shoes/thumbnail.webp,https://dummyjson.com/products/189,dummyjson.com
IWC Ingenieur Automatic Steel,4999.99,Womens Watches,2.93,3.0,https://cdn.dummyjson.com/product-images/womens-watches/iwc-ingenieur-automatic-steel/thumbnail.webp,https://dummyjson.com/products/190,dummyjson.com
Rolex Cellini Moonphase,15999.99,Womens Watches,3.83,3.0,https://cdn.dummyjson.com/product-images/womens-watches/rolex-cellini-moonphase/thumbnail.webp,https://dummyjson.com/products/191,dummyjson.com
Rolex Datejust Women,10999.99,Womens Watches,2.86,3.0,https://cdn.dummyjson.com/product-images/womens-watches/rolex-datejust-women/thumbnail.webp,https://dummyjson.com/products/192,dummyjson.com
Watch Gold for Women,799.99,Womens Watches,4.24,3.0,https://cdn.dummyjson.com/product-images/womens-watches/watch-gold-for-women/thumbnail.webp,https://dummyjson.com/products/193,dummyjson.com
Women's Wrist Watch,129.99,Womens Watches,3.52,3.0,https://cdn.dummyjson.com/product-images/womens-watches/women's-wrist-watch/thumbnail.webp,https://dummyjson.com/products/194,dummyjson.com
