name,price_usd,category,rating,review_count,image_url,product_url,source,name_length,price_band,price_log,segment,segment_label
Bulbasaur,80.01,Pokemon Merchandise,,,https://scrapeme.live/wp-content/uploads/2018/08/001-350x350.png,https://scrapeme.live/shop/Bulbasaur/,scrapeme.live,9,premium,1.9031442704095387,0.0,Short-named budget-mid items
Ivysaur,110.49,Pokemon Merchandise,,,https://scrapeme.live/wp-content/uploads/2018/08/002-350x350.png,https://scrapeme.live/shop/Ivysaur/,scrapeme.live,7,premium,2.0433229735745755,0.0,Short-named budget-mid items
Venusaur,133.35,Pokemon Merchandise,,,https://scrapeme.live/wp-content/uploads/2018/08/003-350x350.png,https://scrapeme.live/shop/Venusaur/,scrapeme.live,8,premium,2.124993020025895,0.0,Short-named budget-mid items
Charmander,60.96,Pokemon Merchandise,,,https://scrapeme.live/wp-content/uploads/2018/08/004-350x350.png,https://scrapeme.live/shop/Charmander/,scrapeme.live,10,premium,1.7850449583315442,0.0,Short-named budget-mid items
Charmeleon,209.55,Pokemon Merchandise,,,https://scrapeme.live/wp-content/uploads/2018/08/005-350x350.png,https://scrapeme.live/shop/Charmeleon/,scrapeme.live,10,luxury,2.321287665169863,0.0,Short-named budget-mid items
Charizard,198.12,Pokemon Merchandise,,,https://scrapeme.live/wp-content/uploads/2018/08/006-350x350.png,https://scrapeme.live/shop/Charizard/,scrapeme.live,9,luxury,2.2969283193104184,0.0,Short-named budget-mid items
Squirtle,165.1,Pokemon Merchandise,,,https://scrapeme.live/wp-content/uploads/2018/08/007-350x350.png,https://scrapeme.live/shop/Squirtle/,scrapeme.live,8,luxury,2.2177470732627937,0.0,Short-named budget-mid items
Wartortle,156.21,Pokemon Merchandise,,,https://scrapeme.live/wp-content/uploads/2018/08/008-350x350.png,https://scrapeme.live/shop/Wartortle/,scrapeme.live,9,luxury,2.193708832395355,0.0,Short-named budget-mid items
Blastoise,96.52,Pokemon Merchandise,,,https://scrapeme.live/wp-content/uploads/2018/08/009-350x350.png,https://scrapeme.live/shop/Blastoise/,scrapeme.live,9,premium,1.9846173132367482,0.0,Short-named budget-mid items
Caterpie,92.71,Pokemon Merchandise,,,https://scrapeme.live/wp-content/uploads/2018/08/010-350x350.png,https://scrapeme.live/shop/Caterpie/,scrapeme.live,8,premium,1.9671265810764127,0.0,Short-named budget-mid items
Metapod,187.96,Pokemon Merchandise,,,https://scrapeme.live/wp-content/uploads/2018/08/011-350x350.png,https://scrapeme.live/shop/Metapod/,scrapeme.live,7,luxury,2.2740654363509143,0.0,Short-named budget-mid items
Butterfree,205.74,Pokemon Merchandise,,,https://scrapeme.live/wp-content/uploads/2018/08/012-350x350.png,https://scrapeme.live/shop/Butterfree/,scrapeme.live,10,luxury,2.313318735498588,0.0,Short-named budget-mid items
Weedle,31.75,Pokemon Merchandise,,,https://scrapeme.live/wp-content/uploads/2018/08/013-350x350.png,https://scrapeme.live/shop/Weedle/,scrapeme.live,6,mid,1.5017437296279945,2.0,Cross-source budget items
Kakuna,187.96,Pokemon Merchandise,,,https://scrapeme.live/wp-content/uploads/2018/08/014-350x350.png,https://scrapeme.live/shop/Kakuna/,scrapeme.live,6,luxury,2.2740654363509143,0.0,Short-named budget-mid items
Beedrill,213.36,Pokemon Merchandise,,,https://scrapeme.live/wp-content/uploads/2018/08/015-350x350.png,https://scrapeme.live/shop/Beedrill/,scrapeme.live,8,luxury,2.3291130026818196,0.0,Short-named budget-mid items
Pidgey,201.93,Pokemon Merchandise,,,https://scrapeme.live/wp-content/uploads/2018/08/016-350x350.png,https://scrapeme.live/shop/Pidgey/,scrapeme.live,6,luxury,2.3052008452764086,0.0,Short-named budget-mid items
Pidgeotto,106.68,Pokemon Merchandise,,,https://scrapeme.live/wp-content/uploads/2018/08/017-350x350.png,https://scrapeme.live/shop/Pidgeotto/,scrapeme.live,9,premium,2.0280830070178384,0.0,Short-named budget-mid items
Pidgeot,234.95,Pokemon Merchandise,,,https://scrapeme.live/wp-content/uploads/2018/08/018-350x350.png,https://scrapeme.live/shop/Pidgeot/,scrapeme.live,7,luxury,2.3709754493589705,0.0,Short-named budget-mid items
Rattata,162.56,Pokemon Merchandise,,,https://scrapeme.live/wp-content/uploads/2018/08/019-350x350.png,https://scrapeme.live/shop/Rattata/,scrapeme.live,7,luxury,2.211013690603825,0.0,Short-named budget-mid items
Raticate,76.2,Pokemon Merchandise,,,https://scrapeme.live/wp-content/uploads/2018/08/020-350x350.png,https://scrapeme.live/shop/Raticate/,scrapeme.live,8,premium,1.8819549713396004,0.0,Short-named budget-mid items
Spearow,168.91,Pokemon Merchandise,,,https://scrapeme.live/wp-content/uploads/2018/08/021-350x350.png,https://scrapeme.live/shop/Spearow/,scrapeme.live,7,luxury,2.2276553619230426,0.0,Short-named budget-mid items
Fearow,120.65,Pokemon Merchandise,,,https://scrapeme.live/wp-content/uploads/2018/08/022-350x350.png,https://scrapeme.live/shop/Fearow/,scrapeme.live,6,premium,2.081527326244805,0.0,Short-named budget-mid items
Ekans,69.85,Pokemon Merchandise,,,https://scrapeme.live/wp-content/uploads/2018/08/023-350x350.png,https://scrapeme.live/shop/Ekans/,scrapeme.live,5,premium,1.8441664104502007,0.0,Short-named budget-mid items
Arbok,231.14,Pokemon Merchandise,,,https://scrapeme.live/wp-content/uploads/2018/08/024-350x350.png,https://scrapeme.live/shop/Arbok/,scrapeme.live,5,luxury,2.3638751089410315,0.0,Short-named budget-mid items
Pikachu,46.99,Pokemon Merchandise,,,https://scrapeme.live/wp-content/uploads/2018/08/025-350x350.png,https://scrapeme.live/shop/Pikachu/,scrapeme.live,7,mid,1.6720054450229518,2.0,Cross-source budget items
Raichu,177.8,Pokemon Merchandise,,,https://scrapeme.live/wp-content/uploads/2018/08/026-350x350.png,https://scrapeme.live/shop/Raichu/,scrapeme.live,6,luxury,2.249931756634195,0.0,Short-named budget-mid items
Sandshrew,104.14,Pokemon Merchandise,,,https://scrapeme.live/wp-content/uploads/2018/08/027-350x350.png,https://scrapeme.live/shop/Sandshrew/,scrapeme.live,9,premium,2.0176175733396735,0.0,Short-named budget-mid items
Sandslash,196.85,Pokemon Merchandise,,,https://scrapeme.live/wp-content/uploads/2018/08/028-350x350.png,https://scrapeme.live/shop/Sandslash/,scrapeme.live,9,luxury,2.294135419126248,0.0,Short-named budget-mid items
Nidorina,35.56,Pokemon Merchandise,,,https://scrapeme.live/wp-content/uploads/2018/08/030-350x350.png,https://scrapeme.live/shop/Nidorina/,scrapeme.live,8,mid,1.550961752298176,2.0,Cross-source budget items
Nidoqueen,134.62,Pokemon Merchandise,,,https://scrapeme.live/wp-content/uploads/2018/08/031-350x350.png,https://scrapeme.live/shop/Nidoqueen/,scrapeme.live,9,premium,2.129109586220727,0.0,Short-named budget-mid items
Nidorino,227.33,Pokemon Merchandise,,,https://scrapeme.live/wp-content/uploads/2018/08/033-350x350.png,https://scrapeme.live/shop/Nidorino/,scrapeme.live,8,luxury,2.35665675193585,0.0,Short-named budget-mid items
Nidoking,39.37,Pokemon Merchandise,,,https://scrapeme.live/wp-content/uploads/2018/08/034-350x350.png,https://scrapeme.live/shop/Nidoking/,scrapeme.live,8,mid,1.5951654147902294,2.0,Cross-source budget items
Clefairy,203.2,Pokemon Merchandise,,,https://scrapeme.live/wp-content/uploads/2018/08/035-350x350.png,https://scrapeme.live/shop/Clefairy/,scrapeme.live,8,luxury,2.307923703611882,0.0,Short-named budget-mid items
Clefable,238.76,Pokemon Merchandise,,,https://scrapeme.live/wp-content/uploads/2018/08/036-350x350.png,https://scrapeme.live/shop/Clefable/,scrapeme.live,8,luxury,2.377961570219637,0.0,Short-named budget-mid items
Vulpix,107.95,Pokemon Merchandise,,,https://scrapeme.live/wp-content/uploads/2018/08/037-350x350.png,https://scrapeme.live/shop/Vulpix/,scrapeme.live,6,premium,2.0332226466702497,0.0,Short-named budget-mid items
Ninetales,66.04,Pokemon Merchandise,,,https://scrapeme.live/wp-content/uploads/2018/08/038-350x350.png,https://scrapeme.live/shop/Ninetales/,scrapeme.live,9,premium,1.819807064590756,0.0,Short-named budget-mid items
Jigglypuff,77.47,Pokemon Merchandise,,,https://scrapeme.live/wp-content/uploads/2018/08/039-350x350.png,https://scrapeme.live/shop/Jigglypuff/,scrapeme.live,10,premium,1.889133555966724,0.0,Short-named budget-mid items
Wigglytuff,165.1,Pokemon Merchandise,,,https://scrapeme.live/wp-content/uploads/2018/08/040-350x350.png,https://scrapeme.live/shop/Wigglytuff/,scrapeme.live,10,luxury,2.2177470732627937,0.0,Short-named budget-mid items
Zubat,158.75,Pokemon Merchandise,,,https://scrapeme.live/wp-content/uploads/2018/08/041-350x350.png,https://scrapeme.live/shop/Zubat/,scrapeme.live,5,luxury,2.2007137339640135,0.0,Short-named budget-mid items
Golbat,172.72,Pokemon Merchandise,,,https://scrapeme.live/wp-content/uploads/2018/08/042-350x350.png,https://scrapeme.live/shop/Golbat/,scrapeme.live,6,luxury,2.2373426293261742,0.0,Short-named budget-mid items
Oddish,57.15,Pokemon Merchandise,,,https://scrapeme.live/wp-content/uploads/2018/08/043-350x350.png,https://scrapeme.live/shop/Oddish/,scrapeme.live,6,mid,1.7570162347313005,0.0,Short-named budget-mid items
Gloom,226.06,Pokemon Merchandise,,,https://scrapeme.live/wp-content/uploads/2018/08/044-350x350.png,https://scrapeme.live/shop/Gloom/,scrapeme.live,5,luxury,2.354223723264851,0.0,Short-named budget-mid items
Vileplume,215.9,Pokemon Merchandise,,,https://scrapeme.live/wp-content/uploads/2018/08/045-350x350.png,https://scrapeme.live/shop/Vileplume/,scrapeme.live,9,luxury,2.334252642334231,0.0,Short-named budget-mid items
Paras,213.36,Pokemon Merchandise,,,https://scrapeme.live/wp-content/uploads/2018/08/046-350x350.png,https://scrapeme.live/shop/Paras/,scrapeme.live,5,luxury,2.3291130026818196,0.0,Short-named budget-mid items
Parasect,34.29,Pokemon Merchandise,,,https://scrapeme.live/wp-content/uploads/2018/08/047-350x350.png,https://scrapeme.live/shop/Parasect/,scrapeme.live,8,mid,1.5351674851149442,2.0,Cross-source budget items
Venonat,200.66,Pokemon Merchandise,,,https://scrapeme.live/wp-content/uploads/2018/08/048-350x350.png,https://scrapeme.live/shop/Venonat/,scrapeme.live,7,luxury,2.3024608079103794,0.0,Short-named budget-mid items
Venomoth,67.31,Pokemon Merchandise,,,https://scrapeme.live/wp-content/uploads/2018/08/049-350x350.png,https://scrapeme.live/shop/Venomoth/,scrapeme.live,8,premium,1.828079590556746,0.0,Short-named budget-mid items
Diglett,154.94,Pokemon Merchandise,,,https://scrapeme.live/wp-content/uploads/2018/08/050-350x350.png,https://scrapeme.live/shop/Diglett/,scrapeme.live,7,luxury,2.190163551630705,0.0,Short-named budget-mid items
Dugtrio,140.97,Pokemon Merchandise,,,https://scrapeme.live/wp-content/uploads/2018/08/051-350x350.png,https://scrapeme.live/shop/Dugtrio/,scrapeme.live,7,premium,2.1491266997426144,0.0,Short-named budget-mid items
Meowth,166.37,Pokemon Merchandise,,,https://scrapeme.live/wp-content/uploads/2018/08/052-350x350.png,https://scrapeme.live/shop/Meowth/,scrapeme.live,6,luxury,2.2210750166117212,0.0,Short-named budget-mid items
Persian,254.0,Pokemon Merchandise,,,https://scrapeme.live/wp-content/uploads/2018/08/053-350x350.png,https://scrapeme.live/shop/Persian/,scrapeme.live,7,luxury,2.404833716619938,0.0,Short-named budget-mid items
Psyduck,231.14,Pokemon Merchandise,,,https://scrapeme.live/wp-content/uploads/2018/08/054-350x350.png,https://scrapeme.live/shop/Psyduck/,scrapeme.live,7,luxury,2.3638751089410315,0.0,Short-named budget-mid items
Golduck,39.37,Pokemon Merchandise,,,https://scrapeme.live/wp-content/uploads/2018/08/055-350x350.png,https://scrapeme.live/shop/Golduck/,scrapeme.live,7,mid,1.5951654147902294,2.0,Cross-source budget items
Mankey,158.75,Pokemon Merchandise,,,https://scrapeme.live/wp-content/uploads/2018/08/056-350x350.png,https://scrapeme.live/shop/Mankey/,scrapeme.live,6,luxury,2.2007137339640135,0.0,Short-named budget-mid items
Primeape,109.22,Pokemon Merchandise,,,https://scrapeme.live/wp-content/uploads/2018/08/057-350x350.png,https://scrapeme.live/shop/Primeape/,scrapeme.live,8,premium,2.0383021721995247,0.0,Short-named budget-mid items
Growlithe,38.1,Pokemon Merchandise,,,https://scrapeme.live/wp-content/uploads/2018/08/058-350x350.png,https://scrapeme.live/shop/Growlithe/,scrapeme.live,9,mid,1.5809249756756194,2.0,Cross-source budget items
Arcanine,87.63,Pokemon Merchandise,,,https://scrapeme.live/wp-content/uploads/2018/08/059-350x350.png,https://scrapeme.live/shop/Arcanine/,scrapeme.live,8,premium,1.9426528116932122,0.0,Short-named budget-mid items
Poliwag,220.98,Pokemon Merchandise,,,https://scrapeme.live/wp-content/uploads/2018/08/060-350x350.png,https://scrapeme.live/shop/Poliwag/,scrapeme.live,7,luxury,2.3443529692385567,0.0,Short-named budget-mid items
Poliwhirl,153.67,Pokemon Merchandise,,,https://scrapeme.live/wp-content/uploads/2018/08/061-350x350.png,https://scrapeme.live/shop/Poliwhirl/,scrapeme.live,9,luxury,2.186589091272407,0.0,Short-named budget-mid items
Poliwrath,193.04,Pokemon Merchandise,,,https://scrapeme.live/wp-content/uploads/2018/08/062-350x350.png,https://scrapeme.live/shop/Poliwrath/,scrapeme.live,9,luxury,2.2856473089007294,0.0,Short-named budget-mid items
Abra,179.07,Pokemon Merchandise,,,https://scrapeme.live/wp-content/uploads/2018/08/063-350x350.png,https://scrapeme.live/shop/Abra/,scrapeme.live,4,luxury,2.253022833611337,0.0,Short-named budget-mid items
Kadabra,163.83,Pokemon Merchandise,,,https://scrapeme.live/wp-content/uploads/2018/08/064-350x350.png,https://scrapeme.live/shop/Kadabra/,scrapeme.live,7,luxury,2.214393431255206,0.0,Short-named budget-mid items
Alakazam,50.8,Pokemon Merchandise,,,https://scrapeme.live/wp-content/uploads/2018/08/065-350x350.png,https://scrapeme.live/shop/Alakazam/,scrapeme.live,8,mid,1.7058637122839193,2.0,Cross-source budget items
Machop,210.82,Pokemon Merchandise,,,https://scrapeme.live/wp-content/uploads/2018/08/066-350x350.png,https://scrapeme.live/shop/Machop/,scrapeme.live,6,luxury,2.323911808996012,0.0,Short-named budget-mid items
Machoke,34.29,Pokemon Merchandise,,,https://scrapeme.live/wp-content/uploads/2018/08/067-350x350.png,https://scrapeme.live/shop/Machoke/,scrapeme.live,7,mid,1.5351674851149442,2.0,Cross-source budget items
Machamp,153.67,Pokemon Merchandise,,,https://scrapeme.live/wp-content/uploads/2018/08/068-350x350.png,https://scrapeme.live/shop/Machamp/,scrapeme.live,7,luxury,2.186589091272407,0.0,Short-named budget-mid items
Bellsprout,93.98,Pokemon Merchandise,,,https://scrapeme.live/wp-content/uploads/2018/08/069-350x350.png,https://scrapeme.live/shop/Bellsprout/,scrapeme.live,10,premium,1.973035440686933,0.0,Short-named budget-mid items
Weepinbell,33.02,Pokemon Merchandise,,,https://scrapeme.live/wp-content/uploads/2018/08/070-350x350.png,https://scrapeme.live/shop/Weepinbell/,scrapeme.live,10,mid,1.5187770689267748,2.0,Cross-source budget items
Victreebel,86.36,Pokemon Merchandise,,,https://scrapeme.live/wp-content/uploads/2018/08/071-350x350.png,https://scrapeme.live/shop/Victreebel/,scrapeme.live,10,premium,1.9363126336621932,0.0,Short-named budget-mid items
Tentacool,236.22,Pokemon Merchandise,,,https://scrapeme.live/wp-content/uploads/2018/08/072-350x350.png,https://scrapeme.live/shop/Tentacool/,scrapeme.live,9,luxury,2.3733166651738733,0.0,Short-named budget-mid items
Tentacruel,82.55,Pokemon Merchandise,,,https://scrapeme.live/wp-content/uploads/2018/08/073-350x350.png,https://scrapeme.live/shop/Tentacruel/,scrapeme.live,10,premium,1.9167170775988125,0.0,Short-named budget-mid items
Geodude,40.64,Pokemon Merchandise,,,https://scrapeme.live/wp-content/uploads/2018/08/074-350x350.png,https://scrapeme.live/shop/Geodude/,scrapeme.live,7,mid,1.6089536992758628,2.0,Cross-source budget items
Graveler,231.14,Pokemon Merchandise,,,https://scrapeme.live/wp-content/uploads/2018/08/075-350x350.png,https://scrapeme.live/shop/Graveler/,scrapeme.live,8,luxury,2.3638751089410315,0.0,Short-named budget-mid items
Golem,130.81,Pokemon Merchandise,,,https://scrapeme.live/wp-content/uploads/2018/08/076-350x350.png,https://scrapeme.live/shop/Golem/,scrapeme.live,5,premium,2.1166409456611293,0.0,Short-named budget-mid items
Ponyta,67.31,Pokemon Merchandise,,,https://scrapeme.live/wp-content/uploads/2018/08/077-350x350.png,https://scrapeme.live/shop/Ponyta/,scrapeme.live,6,premium,1.828079590556746,0.0,Short-named budget-mid items
Rapidash,124.46,Pokemon Merchandise,,,https://scrapeme.live/wp-content/uploads/2018/08/078-350x350.png,https://scrapeme.live/shop/Rapidash/,scrapeme.live,8,premium,2.095029796648452,0.0,Short-named budget-mid items
Slowpoke,138.43,Pokemon Merchandise,,,https://scrapeme.live/wp-content/uploads/2018/08/079-350x350.png,https://scrapeme.live/shop/Slowpoke/,scrapeme.live,8,premium,2.1412302188965806,0.0,Short-named budget-mid items
Slowbro,227.33,Pokemon Merchandise,,,https://scrapeme.live/wp-content/uploads/2018/08/080-350x350.png,https://scrapeme.live/shop/Slowbro/,scrapeme.live,7,luxury,2.35665675193585,0.0,Short-named budget-mid items
Magnemite,127.0,Pokemon Merchandise,,,https://scrapeme.live/wp-content/uploads/2018/08/081-350x350.png,https://scrapeme.live/shop/Magnemite/,scrapeme.live,9,premium,2.103803720955957,0.0,Short-named budget-mid items
Magneton,242.57,Pokemon Merchandise,,,https://scrapeme.live/wp-content/uploads/2018/08/082-350x350.png,https://scrapeme.live/shop/Magneton/,scrapeme.live,8,luxury,2.3848370882036845,0.0,Short-named budget-mid items
Farfetchd,234.95,Pokemon Merchandise,,,https://scrapeme.live/wp-content/uploads/2018/08/083-350x350.png,https://scrapeme.live/shop/Farfetchd/,scrapeme.live,9,luxury,2.3709754493589705,0.0,Short-named budget-mid items
Doduo,92.71,Pokemon Merchandise,,,https://scrapeme.live/wp-content/uploads/2018/08/084-350x350.png,https://scrapeme.live/shop/Doduo/,scrapeme.live,5,premium,1.9671265810764127,0.0,Short-named budget-mid items
Dodrio,175.26,Pokemon Merchandise,,,https://scrapeme.live/wp-content/uploads/2018/08/085-350x350.png,https://scrapeme.live/shop/Dodrio/,scrapeme.live,6,luxury,2.2436828073571933,0.0,Short-named budget-mid items
Seel,208.28,Pokemon Merchandise,,,https://scrapeme.live/wp-content/uploads/2018/08/086-350x350.png,https://scrapeme.live/shop/Seel/,scrapeme.live,4,luxury,2.3186475690036548,0.0,Short-named budget-mid items
Dewgong,88.9,Pokemon Merchandise,,,https://scrapeme.live/wp-content/uploads/2018/08/087-350x350.png,https://scrapeme.live/shop/Dewgong/,scrapeme.live,7,premium,1.9489017609702137,0.0,Short-named budget-mid items
Grimer,186.69,Pokemon Merchandise,,,https://scrapeme.live/wp-content/uploads/2018/08/088-350x350.png,https://scrapeme.live/shop/Grimer/,scrapeme.live,6,luxury,2.271121055704133,0.0,Short-named budget-mid items
Muk,237.49,Pokemon Merchandise,,,https://scrapeme.live/wp-content/uploads/2018/08/089-350x350.png,https://scrapeme.live/shop/Muk/,scrapeme.live,3,luxury,2.375645327492456,0.0,Short-named budget-mid items
Shellder,175.26,Pokemon Merchandise,,,https://scrapeme.live/wp-content/uploads/2018/08/090-350x350.png,https://scrapeme.live/shop/Shellder/,scrapeme.live,8,luxury,2.2436828073571933,0.0,Short-named budget-mid items
Cloyster,252.73,Pokemon Merchandise,,,https://scrapeme.live/wp-content/uploads/2018/08/091-350x350.png,https://scrapeme.live/shop/Cloyster/,scrapeme.live,8,luxury,2.4026567973656636,0.0,Short-named budget-mid items
Gastly,227.33,Pokemon Merchandise,,,https://scrapeme.live/wp-content/uploads/2018/08/092-350x350.png,https://scrapeme.live/shop/Gastly/,scrapeme.live,6,luxury,2.35665675193585,0.0,Short-named budget-mid items
Haunter,53.34,Pokemon Merchandise,,,https://scrapeme.live/wp-content/uploads/2018/08/093-350x350.png,https://scrapeme.live/shop/Haunter/,scrapeme.live,7,mid,1.7270530113538574,0.0,Short-named budget-mid items
Gengar,189.23,Pokemon Merchandise,,,https://scrapeme.live/wp-content/uploads/2018/08/094-350x350.png,https://scrapeme.live/shop/Gengar/,scrapeme.live,6,luxury,2.276989989368231,0.0,Short-named budget-mid items
Onix,46.99,Pokemon Merchandise,,,https://scrapeme.live/wp-content/uploads/2018/08/095-350x350.png,https://scrapeme.live/shop/Onix/,scrapeme.live,4,mid,1.6720054450229518,0.0,Short-named budget-mid items
Drowzee,50.8,Pokemon Merchandise,,,https://scrapeme.live/wp-content/uploads/2018/08/096-350x350.png,https://scrapeme.live/shop/Drowzee/,scrapeme.live,7,mid,1.7058637122839193,2.0,Cross-source budget items
Hypno,251.46,Pokemon Merchandise,,,https://scrapeme.live/wp-content/uploads/2018/08/097-350x350.png,https://scrapeme.live/shop/Hypno/,scrapeme.live,5,luxury,2.400468911217488,0.0,Short-named budget-mid items
Krabby,81.28,Pokemon Merchandise,,,https://scrapeme.live/wp-content/uploads/2018/08/098-350x350.png,https://scrapeme.live/shop/Krabby/,scrapeme.live,6,premium,1.909983694939844,0.0,Short-named budget-mid items
Kingler,91.44,Pokemon Merchandise,,,https://scrapeme.live/wp-content/uploads/2018/08/099-350x350.png,https://scrapeme.live/shop/Kingler/,scrapeme.live,7,premium,1.9611362173872253,0.0,Short-named budget-mid items
Voltorb,240.03,Pokemon Merchandise,,,https://scrapeme.live/wp-content/uploads/2018/08/100-350x350.png,https://scrapeme.live/shop/Voltorb/,scrapeme.live,7,luxury,2.380265525129201,0.0,Short-named budget-mid items
Electrode,127.0,Pokemon Merchandise,,,https://scrapeme.live/wp-content/uploads/2018/08/101-350x350.png,https://scrapeme.live/shop/Electrode/,scrapeme.live,9,premium,2.103803720955957,0.0,Short-named budget-mid items
Exeggcute,160.02,Pokemon Merchandise,,,https://scrapeme.live/wp-content/uploads/2018/08/102-350x350.png,https://scrapeme.live/shop/Exeggcute/,scrapeme.live,9,luxury,2.2041742660735197,0.0,Short-named budget-mid items
Exeggutor,86.36,Pokemon Merchandise,,,https://scrapeme.live/wp-content/uploads/2018/08/103-350x350.png,https://scrapeme.live/shop/Exeggutor/,scrapeme.live,9,premium,1.9363126336621932,0.0,Short-named budget-mid items
Cubone,224.79,Pokemon Merchandise,,,https://scrapeme.live/wp-content/uploads/2018/08/104-350x350.png,https://scrapeme.live/shop/Cubone/,scrapeme.live,6,luxury,2.3517769873177636,0.0,Short-named budget-mid items
Marowak,45.72,Pokemon Merchandise,,,https://scrapeme.live/wp-content/uploads/2018/08/105-350x350.png,https://scrapeme.live/shop/Marowak/,scrapeme.live,7,mid,1.660106221723244,2.0,Cross-source budget items
Hitmonlee,92.71,Pokemon Merchandise,,,https://scrapeme.live/wp-content/uploads/2018/08/106-350x350.png,https://scrapeme.live/shop/Hitmonlee/,scrapeme.live,9,premium,1.9671265810764127,0.0,Short-named budget-mid items
Hitmonchan,115.57,Pokemon Merchandise,,,https://scrapeme.live/wp-content/uploads/2018/08/107-350x350.png,https://scrapeme.live/shop/Hitmonchan/,scrapeme.live,10,premium,2.0628451132770502,0.0,Short-named budget-mid items
Lickitung,180.34,Pokemon Merchandise,,,https://scrapeme.live/wp-content/uploads/2018/08/108-350x350.png,https://scrapeme.live/shop/Lickitung/,scrapeme.live,9,luxury,2.2560920653390135,0.0,Short-named budget-mid items
Koffing,48.26,Pokemon Merchandise,,,https://scrapeme.live/wp-content/uploads/2018/08/109-350x350.png,https://scrapeme.live/shop/Koffing/,scrapeme.live,7,mid,1.683587317572767,2.0,Cross-source budget items
Weezing,60.96,Pokemon Merchandise,,,https://scrapeme.live/wp-content/uploads/2018/08/110-350x350.png,https://scrapeme.live/shop/Weezing/,scrapeme.live,7,premium,1.7850449583315442,0.0,Short-named budget-mid items
Rhyhorn,157.48,Pokemon Merchandise,,,https://scrapeme.live/wp-content/uploads/2018/08/111-350x350.png,https://scrapeme.live/shop/Rhyhorn/,scrapeme.live,7,luxury,2.197225406118192,0.0,Short-named budget-mid items
Rhydon,34.29,Pokemon Merchandise,,,https://scrapeme.live/wp-content/uploads/2018/08/112-350x350.png,https://scrapeme.live/shop/Rhydon/,scrapeme.live,6,mid,1.5351674851149442,2.0,Cross-source budget items
Chansey,223.52,Pokemon Merchandise,,,https://scrapeme.live/wp-content/uploads/2018/08/113-350x350.png,https://scrapeme.live/shop/Chansey/,scrapeme.live,7,luxury,2.3493163887701067,0.0,Short-named budget-mid items
Tangela,81.28,Pokemon Merchandise,,,https://scrapeme.live/wp-content/uploads/2018/08/114-350x350.png,https://scrapeme.live/shop/Tangela/,scrapeme.live,7,premium,1.909983694939844,0.0,Short-named budget-mid items
Kangaskhan,208.28,Pokemon Merchandise,,,https://scrapeme.live/wp-content/uploads/2018/08/115-350x350.png,https://scrapeme.live/shop/Kangaskhan/,scrapeme.live,10,luxury,2.3186475690036548,0.0,Short-named budget-mid items
Horsea,195.58,Pokemon Merchandise,,,https://scrapeme.live/wp-content/uploads/2018/08/116-350x350.png,https://scrapeme.live/shop/Horsea/,scrapeme.live,6,luxury,2.29132444179242,0.0,Short-named budget-mid items
Seadra,64.77,Pokemon Merchandise,,,https://scrapeme.live/wp-content/uploads/2018/08/117-350x350.png,https://scrapeme.live/shop/Seadra/,scrapeme.live,6,premium,1.8113738970538933,0.0,Short-named budget-mid items
Goldeen,215.9,Pokemon Merchandise,,,https://scrapeme.live/wp-content/uploads/2018/08/118-350x350.png,https://scrapeme.live/shop/Goldeen/,scrapeme.live,7,luxury,2.334252642334231,0.0,Short-named budget-mid items
Seaking,163.83,Pokemon Merchandise,,,https://scrapeme.live/wp-content/uploads/2018/08/119-350x350.png,https://scrapeme.live/shop/Seaking/,scrapeme.live,7,luxury,2.214393431255206,0.0,Short-named budget-mid items
Staryu,210.82,Pokemon Merchandise,,,https://scrapeme.live/wp-content/uploads/2018/08/120-350x350.png,https://scrapeme.live/shop/Staryu/,scrapeme.live,6,luxury,2.323911808996012,0.0,Short-named budget-mid items
Starmie,223.52,Pokemon Merchandise,,,https://scrapeme.live/wp-content/uploads/2018/08/121-350x350.png,https://scrapeme.live/shop/Starmie/,scrapeme.live,7,luxury,2.3493163887701067,0.0,Short-named budget-mid items
Mr-mime,182.88,Pokemon Merchandise,,,https://scrapeme.live/wp-content/uploads/2018/08/122-350x350.png,https://scrapeme.live/shop/Mr-mime/,scrapeme.live,7,luxury,2.2621662130512066,0.0,Short-named budget-mid items
Scyther,107.95,Pokemon Merchandise,,,https://scrapeme.live/wp-content/uploads/2018/08/123-350x350.png,https://scrapeme.live/shop/Scyther/,scrapeme.live,7,premium,2.0332226466702497,0.0,Short-named budget-mid items
Jynx,175.26,Pokemon Merchandise,,,https://scrapeme.live/wp-content/uploads/2018/08/124-350x350.png,https://scrapeme.live/shop/Jynx/,scrapeme.live,4,luxury,2.2436828073571933,0.0,Short-named budget-mid items
Electabuzz,158.75,Pokemon Merchandise,,,https://scrapeme.live/wp-content/uploads/2018/08/125-350x350.png,https://scrapeme.live/shop/Electabuzz/,scrapeme.live,10,luxury,2.2007137339640135,0.0,Short-named budget-mid items
Magmar,165.1,Pokemon Merchandise,,,https://scrapeme.live/wp-content/uploads/2018/08/126-350x350.png,https://scrapeme.live/shop/Magmar/,scrapeme.live,6,luxury,2.2177470732627937,0.0,Short-named budget-mid items
Pinsir,179.07,Pokemon Merchandise,,,https://scrapeme.live/wp-content/uploads/2018/08/127-350x350.png,https://scrapeme.live/shop/Pinsir/,scrapeme.live,6,luxury,2.253022833611337,0.0,Short-named budget-mid items
Tauros,80.01,Pokemon Merchandise,,,https://scrapeme.live/wp-content/uploads/2018/08/128-350x350.png,https://scrapeme.live/shop/Tauros/,scrapeme.live,6,premium,1.9031442704095387,0.0,Short-named budget-mid items
Magikarp,54.61,Pokemon Merchandise,,,https://scrapeme.live/wp-content/uploads/2018/08/129-350x350.png,https://scrapeme.live/shop/Magikarp/,scrapeme.live,8,mid,1.7372721765355434,0.0,Short-named budget-mid items
Gyarados,100.33,Pokemon Merchandise,,,https://scrapeme.live/wp-content/uploads/2018/08/130-350x350.png,https://scrapeme.live/shop/Gyarados/,scrapeme.live,8,premium,2.001430812246398,0.0,Short-named budget-mid items
Lapras,218.44,Pokemon Merchandise,,,https://scrapeme.live/wp-content/uploads/2018/08/131-350x350.png,https://scrapeme.live/shop/Lapras/,scrapeme.live,6,luxury,2.339332167863506,0.0,Short-named budget-mid items
Ditto,95.25,Pokemon Merchandise,,,https://scrapeme.live/wp-content/uploads/2018/08/132-350x350.png,https://scrapeme.live/shop/Ditto/,scrapeme.live,5,premium,1.978864984347657,0.0,Short-named budget-mid items
Eevee,142.24,Pokemon Merchandise,,,https://scrapeme.live/wp-content/uploads/2018/08/133-350x350.png,https://scrapeme.live/shop/Eevee/,scrapeme.live,5,premium,2.1530217436261383,0.0,Short-named budget-mid items
Vaporeon,186.69,Pokemon Merchandise,,,https://scrapeme.live/wp-content/uploads/2018/08/134-350x350.png,https://scrapeme.live/shop/Vaporeon/,scrapeme.live,8,luxury,2.271121055704133,0.0,Short-named budget-mid items
Jolteon,200.66,Pokemon Merchandise,,,https://scrapeme.live/wp-content/uploads/2018/08/135-350x350.png,https://scrapeme.live/shop/Jolteon/,scrapeme.live,7,luxury,2.3024608079103794,0.0,Short-named budget-mid items
Flareon,43.18,Pokemon Merchandise,,,https://scrapeme.live/wp-content/uploads/2018/08/136-350x350.png,https://scrapeme.live/shop/Flareon/,scrapeme.live,7,mid,1.635282637998212,2.0,Cross-source budget items
Porygon,226.06,Pokemon Merchandise,,,https://scrapeme.live/wp-content/uploads/2018/08/137-350x350.png,https://scrapeme.live/shop/Porygon/,scrapeme.live,7,luxury,2.354223723264851,0.0,Short-named budget-mid items
Omanyte,205.74,Pokemon Merchandise,,,https://scrapeme.live/wp-content/uploads/2018/08/138-350x350.png,https://scrapeme.live/shop/Omanyte/,scrapeme.live,7,luxury,2.313318735498588,0.0,Short-named budget-mid items
Omastar,77.47,Pokemon Merchandise,,,https://scrapeme.live/wp-content/uploads/2018/08/139-350x350.png,https://scrapeme.live/shop/Omastar/,scrapeme.live,7,premium,1.889133555966724,0.0,Short-named budget-mid items
Kabuto,100.33,Pokemon Merchandise,,,https://scrapeme.live/wp-content/uploads/2018/08/140-350x350.png,https://scrapeme.live/shop/Kabuto/,scrapeme.live,6,premium,2.001430812246398,0.0,Short-named budget-mid items
Kabutops,72.39,Pokemon Merchandise,,,https://scrapeme.live/wp-content/uploads/2018/08/141-350x350.png,https://scrapeme.live/shop/Kabutops/,scrapeme.live,8,premium,1.8596785766284483,0.0,Short-named budget-mid items
Aerodactyl,71.12,Pokemon Merchandise,,,https://scrapeme.live/wp-content/uploads/2018/08/142-350x350.png,https://scrapeme.live/shop/Aerodactyl/,scrapeme.live,10,premium,1.8519917479621573,0.0,Short-named budget-mid items
Snorlax,170.18,Pokemon Merchandise,,,https://scrapeme.live/wp-content/uploads/2018/08/143-350x350.png,https://scrapeme.live/shop/Snorlax/,scrapeme.live,7,luxury,2.2309085193207645,0.0,Short-named budget-mid items
Articuno,97.79,Pokemon Merchandise,,,https://scrapeme.live/wp-content/uploads/2018/08/144-350x350.png,https://scrapeme.live/shop/Articuno/,scrapeme.live,8,premium,1.9902944461284389,0.0,Short-named budget-mid items
Zapdos,168.91,Pokemon Merchandise,,,https://scrapeme.live/wp-content/uploads/2018/08/145-350x350.png,https://scrapeme.live/shop/Zapdos/,scrapeme.live,6,luxury,2.2276553619230426,0.0,Short-named budget-mid items
Moltres,226.06,Pokemon Merchandise,,,https://scrapeme.live/wp-content/uploads/2018/08/146-350x350.png,https://scrapeme.live/shop/Moltres/,scrapeme.live,7,luxury,2.354223723264851,0.0,Short-named budget-mid items
Dratini,119.38,Pokemon Merchandise,,,https://scrapeme.live/wp-content/uploads/2018/08/147-350x350.png,https://scrapeme.live/shop/Dratini/,scrapeme.live,7,premium,2.0769315745556556,0.0,Short-named budget-mid items
Dragonair,72.39,Pokemon Merchandise,,,https://scrapeme.live/wp-content/uploads/2018/08/148-350x350.png,https://scrapeme.live/shop/Dragonair/,scrapeme.live,9,premium,1.8596785766284483,0.0,Short-named budget-mid items
Dragonite,87.63,Pokemon Merchandise,,,https://scrapeme.live/wp-content/uploads/2018/08/149-350x350.png,https://scrapeme.live/shop/Dragonite/,scrapeme.live,9,premium,1.9426528116932122,0.0,Short-named budget-mid items
Mewtwo,54.61,Pokemon Merchandise,,,https://scrapeme.live/wp-content/uploads/2018/08/150-350x350.png,https://scrapeme.live/shop/Mewtwo/,scrapeme.live,6,mid,1.7372721765355434,0.0,Short-named budget-mid items
Mew,172.72,Pokemon Merchandise,,,https://scrapeme.live/wp-content/uploads/2018/08/151-350x350.png,https://scrapeme.live/shop/Mew/,scrapeme.live,3,luxury,2.2373426293261742,0.0,Short-named budget-mid items
Chikorita,161.29,Pokemon Merchandise,,,https://scrapeme.live/wp-content/uploads/2018/08/152-350x350.png,https://scrapeme.live/shop/Chikorita/,scrapeme.live,9,luxury,2.2076074419119136,0.0,Short-named budget-mid items
Bayleef,55.88,Pokemon Merchandise,,,https://scrapeme.live/wp-content/uploads/2018/08/153-350x350.png,https://scrapeme.live/shop/Bayleef/,scrapeme.live,7,mid,1.7472563974421442,0.0,Short-named budget-mid items
Meganium,207.01,Pokemon Merchandise,,,https://scrapeme.live/wp-content/uploads/2018/08/154-350x350.png,https://scrapeme.live/shop/Meganium/,scrapeme.live,8,luxury,2.3159913253599145,0.0,Short-named budget-mid items
Cyndaquil,195.58,Pokemon Merchandise,,,https://scrapeme.live/wp-content/uploads/2018/08/155-350x350.png,https://scrapeme.live/shop/Cyndaquil/,scrapeme.live,9,luxury,2.29132444179242,0.0,Short-named budget-mid items
Quilava,107.95,Pokemon Merchandise,,,https://scrapeme.live/wp-content/uploads/2018/08/156-350x350.png,https://scrapeme.live/shop/Quilava/,scrapeme.live,7,premium,2.0332226466702497,0.0,Short-named budget-mid items
Typhlosion,242.57,Pokemon Merchandise,,,https://scrapeme.live/wp-content/uploads/2018/08/157-350x350.png,https://scrapeme.live/shop/Typhlosion/,scrapeme.live,10,luxury,2.3848370882036845,0.0,Short-named budget-mid items
Totodile,241.3,Pokemon Merchandise,,,https://scrapeme.live/wp-content/uploads/2018/08/158-350x350.png,https://scrapeme.live/shop/Totodile/,scrapeme.live,8,luxury,2.3825573219087857,0.0,Short-named budget-mid items
Croconaw,222.25,Pokemon Merchandise,,,https://scrapeme.live/wp-content/uploads/2018/08/159-350x350.png,https://scrapeme.live/shop/Croconaw/,scrapeme.live,8,luxury,2.346841769642251,0.0,Short-named budget-mid items
Feraligatr,232.41,Pokemon Merchandise,,,https://scrapeme.live/wp-content/uploads/2018/08/160-350x350.png,https://scrapeme.live/shop/Feraligatr/,scrapeme.live,10,luxury,2.3662548106863865,0.0,Short-named budget-mid items
Sentret,60.96,Pokemon Merchandise,,,https://scrapeme.live/wp-content/uploads/2018/08/161-350x350.png,https://scrapeme.live/shop/Sentret/,scrapeme.live,7,premium,1.7850449583315442,0.0,Short-named budget-mid items
Furret,195.58,Pokemon Merchandise,,,https://scrapeme.live/wp-content/uploads/2018/08/162-350x350.png,https://scrapeme.live/shop/Furret/,scrapeme.live,6,luxury,2.29132444179242,0.0,Short-named budget-mid items
Hoothoot,60.96,Pokemon Merchandise,,,https://scrapeme.live/wp-content/uploads/2018/08/163-350x350.png,https://scrapeme.live/shop/Hoothoot/,scrapeme.live,8,premium,1.7850449583315442,0.0,Short-named budget-mid items
Noctowl,215.9,Pokemon Merchandise,,,https://scrapeme.live/wp-content/uploads/2018/08/164-350x350.png,https://scrapeme.live/shop/Noctowl/,scrapeme.live,7,luxury,2.334252642334231,0.0,Short-named budget-mid items
Ledyba,124.46,Pokemon Merchandise,,,https://scrapeme.live/wp-content/uploads/2018/08/165-350x350.png,https://scrapeme.live/shop/Ledyba/,scrapeme.live,6,premium,2.095029796648452,0.0,Short-named budget-mid items
Ledian,172.72,Pokemon Merchandise,,,https://scrapeme.live/wp-content/uploads/2018/08/166-350x350.png,https://scrapeme.live/shop/Ledian/,scrapeme.live,6,luxury,2.2373426293261742,0.0,Short-named budget-mid items
Spinarak,252.73,Pokemon Merchandise,,,https://scrapeme.live/wp-content/uploads/2018/08/167-350x350.png,https://scrapeme.live/shop/Spinarak/,scrapeme.live,8,luxury,2.4026567973656636,0.0,Short-named budget-mid items
Ariados,107.95,Pokemon Merchandise,,,https://scrapeme.live/wp-content/uploads/2018/08/168-350x350.png,https://scrapeme.live/shop/Ariados/,scrapeme.live,7,premium,2.0332226466702497,0.0,Short-named budget-mid items
Crobat,247.65,Pokemon Merchandise,,,https://scrapeme.live/wp-content/uploads/2018/08/169-350x350.png,https://scrapeme.live/shop/Crobat/,scrapeme.live,6,luxury,2.393838332318475,0.0,Short-named budget-mid items
Chinchou,74.93,Pokemon Merchandise,,,https://scrapeme.live/wp-content/uploads/2018/08/170-350x350.png,https://scrapeme.live/shop/Chinchou/,scrapeme.live,8,premium,1.874655732598101,0.0,Short-named budget-mid items
Lanturn,166.37,Pokemon Merchandise,,,https://scrapeme.live/wp-content/uploads/2018/08/171-350x350.png,https://scrapeme.live/shop/Lanturn/,scrapeme.live,7,luxury,2.2210750166117212,0.0,Short-named budget-mid items
Pichu,245.11,Pokemon Merchandise,,,https://scrapeme.live/wp-content/uploads/2018/08/172-350x350.png,https://scrapeme.live/shop/Pichu/,scrapeme.live,5,luxury,2.3893610299637307,0.0,Short-named budget-mid items
Cleffa,135.89,Pokemon Merchandise,,,https://scrapeme.live/wp-content/uploads/2018/08/173-350x350.png,https://scrapeme.live/shop/Cleffa/,scrapeme.live,6,premium,2.1331874986411665,0.0,Short-named budget-mid items
Igglybuff,240.03,Pokemon Merchandise,,,https://scrapeme.live/wp-content/uploads/2018/08/174-350x350.png,https://scrapeme.live/shop/Igglybuff/,scrapeme.live,9,luxury,2.380265525129201,0.0,Short-named budget-mid items
Togepi,59.69,Pokemon Merchandise,,,https://scrapeme.live/wp-content/uploads/2018/08/175-350x350.png,https://scrapeme.live/shop/Togepi/,scrapeme.live,6,mid,1.7759015788916743,0.0,Short-named budget-mid items
Togetic,87.63,Pokemon Merchandise,,,https://scrapeme.live/wp-content/uploads/2018/08/176-350x350.png,https://scrapeme.live/shop/Togetic/,scrapeme.live,7,premium,1.9426528116932122,0.0,Short-named budget-mid items
Natu,125.73,Pokemon Merchandise,,,https://scrapeme.live/wp-content/uploads/2018/08/177-350x350.png,https://scrapeme.live/shop/Natu/,scrapeme.live,4,premium,2.099438915553507,0.0,Short-named budget-mid items
Xatu,156.21,Pokemon Merchandise,,,https://scrapeme.live/wp-content/uploads/2018/08/178-350x350.png,https://scrapeme.live/shop/Xatu/,scrapeme.live,4,luxury,2.193708832395355,0.0,Short-named budget-mid items
Mareep,100.33,Pokemon Merchandise,,,https://scrapeme.live/wp-content/uploads/2018/08/179-350x350.png,https://scrapeme.live/shop/Mareep/,scrapeme.live,6,premium,2.001430812246398,0.0,Short-named budget-mid items
Flaaffy,207.01,Pokemon Merchandise,,,https://scrapeme.live/wp-content/uploads/2018/08/180-350x350.png,https://scrapeme.live/shop/Flaaffy/,scrapeme.live,7,luxury,2.3159913253599145,0.0,Short-named budget-mid items
Ampharos,52.07,Pokemon Merchandise,,,https://scrapeme.live/wp-content/uploads/2018/08/181-350x350.png,https://scrapeme.live/shop/Ampharos/,scrapeme.live,8,mid,1.7165875776756923,2.0,Cross-source budget items
Bellossom,31.75,Pokemon Merchandise,,,https://scrapeme.live/wp-content/uploads/2018/08/182-350x350.png,https://scrapeme.live/shop/Bellossom/,scrapeme.live,9,mid,1.5017437296279945,2.0,Cross-source budget items
Marill,161.29,Pokemon Merchandise,,,https://scrapeme.live/wp-content/uploads/2018/08/183-350x350.png,https://scrapeme.live/shop/Marill/,scrapeme.live,6,luxury,2.2076074419119136,0.0,Short-named budget-mid items
Azumarill,222.25,Pokemon Merchandise,,,https://scrapeme.live/wp-content/uploads/2018/08/184-350x350.png,https://scrapeme.live/shop/Azumarill/,scrapeme.live,9,luxury,2.346841769642251,0.0,Short-named budget-mid items
Sudowoodo,68.58,Pokemon Merchandise,,,https://scrapeme.live/wp-content/uploads/2018/08/185-350x350.png,https://scrapeme.live/shop/Sudowoodo/,scrapeme.live,9,premium,1.8361974807789254,0.0,Short-named budget-mid items
Politoed,245.11,Pokemon Merchandise,,,https://scrapeme.live/wp-content/uploads/2018/08/186-350x350.png,https://scrapeme.live/shop/Politoed/,scrapeme.live,8,luxury,2.3893610299637307,0.0,Short-named budget-mid items
Hoppip,135.89,Pokemon Merchandise,,,https://scrapeme.live/wp-content/uploads/2018/08/187-350x350.png,https://scrapeme.live/shop/Hoppip/,scrapeme.live,6,premium,2.1331874986411665,0.0,Short-named budget-mid items
Skiploom,234.95,Pokemon Merchandise,,,https://scrapeme.live/wp-content/uploads/2018/08/188-350x350.png,https://scrapeme.live/shop/Skiploom/,scrapeme.live,8,luxury,2.3709754493589705,0.0,Short-named budget-mid items
Jumpluff,135.89,Pokemon Merchandise,,,https://scrapeme.live/wp-content/uploads/2018/08/189-350x350.png,https://scrapeme.live/shop/Jumpluff/,scrapeme.live,8,premium,2.1331874986411665,0.0,Short-named budget-mid items
Aipom,231.14,Pokemon Merchandise,,,https://scrapeme.live/wp-content/uploads/2018/08/190-350x350.png,https://scrapeme.live/shop/Aipom/,scrapeme.live,5,luxury,2.3638751089410315,0.0,Short-named budget-mid items
Sunkern,190.5,Pokemon Merchandise,,,https://scrapeme.live/wp-content/uploads/2018/08/191-350x350.png,https://scrapeme.live/shop/Sunkern/,scrapeme.live,7,luxury,2.279894980011638,0.0,Short-named budget-mid items
Sunflora,41.91,Pokemon Merchandise,,,https://scrapeme.live/wp-content/uploads/2018/08/192-350x350.png,https://scrapeme.live/shop/Sunflora/,scrapeme.live,8,mid,1.6223176608338443,2.0,Cross-source budget items
Yanma,165.1,Pokemon Merchandise,,,https://scrapeme.live/wp-content/uploads/2018/08/193-350x350.png,https://scrapeme.live/shop/Yanma/,scrapeme.live,5,luxury,2.2177470732627937,0.0,Short-named budget-mid items
Wooper,124.46,Pokemon Merchandise,,,https://scrapeme.live/wp-content/uploads/2018/08/194-350x350.png,https://scrapeme.live/shop/Wooper/,scrapeme.live,6,premium,2.095029796648452,0.0,Short-named budget-mid items
Quagsire,46.99,Pokemon Merchandise,,,https://scrapeme.live/wp-content/uploads/2018/08/195-350x350.png,https://scrapeme.live/shop/Quagsire/,scrapeme.live,8,mid,1.6720054450229518,2.0,Cross-source budget items
Espeon,224.79,Pokemon Merchandise,,,https://scrapeme.live/wp-content/uploads/2018/08/196-350x350.png,https://scrapeme.live/shop/Espeon/,scrapeme.live,6,luxury,2.3517769873177636,0.0,Short-named budget-mid items
Umbreon,99.06,Pokemon Merchandise,,,https://scrapeme.live/wp-content/uploads/2018/08/197-350x350.png,https://scrapeme.live/shop/Umbreon/,scrapeme.live,7,premium,1.9958983236464374,0.0,Short-named budget-mid items
Murkrow,226.06,Pokemon Merchandise,,,https://scrapeme.live/wp-content/uploads/2018/08/198-350x350.png,https://scrapeme.live/shop/Murkrow/,scrapeme.live,7,luxury,2.354223723264851,0.0,Short-named budget-mid items
Slowking,220.98,Pokemon Merchandise,,,https://scrapeme.live/wp-content/uploads/2018/08/199-350x350.png,https://scrapeme.live/shop/Slowking/,scrapeme.live,8,luxury,2.3443529692385567,0.0,Short-named budget-mid items
Misdreavus,41.91,Pokemon Merchandise,,,https://scrapeme.live/wp-content/uploads/2018/08/200-350x350.png,https://scrapeme.live/shop/Misdreavus/,scrapeme.live,10,mid,1.6223176608338443,2.0,Cross-source budget items
Unown,251.46,Pokemon Merchandise,,,https://scrapeme.live/wp-content/uploads/2018/08/201-350x350.png,https://scrapeme.live/shop/Unown/,scrapeme.live,5,luxury,2.400468911217488,0.0,Short-named budget-mid items
Wobbuffet,135.89,Pokemon Merchandise,,,https://scrapeme.live/wp-content/uploads/2018/08/202-350x350.png,https://scrapeme.live/shop/Wobbuffet/,scrapeme.live,9,premium,2.1331874986411665,0.0,Short-named budget-mid items
Girafarig,125.73,Pokemon Merchandise,,,https://scrapeme.live/wp-content/uploads/2018/08/203-350x350.png,https://scrapeme.live/shop/Girafarig/,scrapeme.live,9,premium,2.099438915553507,0.0,Short-named budget-mid items
Gligar,142.24,Pokemon Merchandise,,,https://scrapeme.live/wp-content/uploads/2018/08/207-350x350.png,https://scrapeme.live/shop/Gligar/,scrapeme.live,6,premium,2.1530217436261383,0.0,Short-named budget-mid items
Steelix,147.32,Pokemon Merchandise,,,https://scrapeme.live/wp-content/uploads/2018/08/208-350x350.png,https://scrapeme.live/shop/Steelix/,scrapeme.live,7,premium,2.1682617101828754,0.0,Short-named budget-mid items
Snubbull,80.01,Pokemon Merchandise,,,https://scrapeme.live/wp-content/uploads/2018/08/209-350x350.png,https://scrapeme.live/shop/Snubbull/,scrapeme.live,8,premium,1.9031442704095387,0.0,Short-named budget-mid items
Granbull,74.93,Pokemon Merchandise,,,https://scrapeme.live/wp-content/uploads/2018/08/210-350x350.png,https://scrapeme.live/shop/Granbull/,scrapeme.live,8,premium,1.874655732598101,0.0,Short-named budget-mid items
Qwilfish,97.79,Pokemon Merchandise,,,https://scrapeme.live/wp-content/uploads/2018/08/211-350x350.png,https://scrapeme.live/shop/Qwilfish/,scrapeme.live,8,premium,1.9902944461284389,0.0,Short-named budget-mid items
Scizor,218.44,Pokemon Merchandise,,,https://scrapeme.live/wp-content/uploads/2018/08/212-350x350.png,https://scrapeme.live/shop/Scizor/,scrapeme.live,6,luxury,2.339332167863506,0.0,Short-named budget-mid items
Shuckle,246.38,Pokemon Merchandise,,,https://scrapeme.live/wp-content/uploads/2018/08/213-350x350.png,https://scrapeme.live/shop/Shuckle/,scrapeme.live,7,luxury,2.391605450886183,0.0,Short-named budget-mid items
Heracross,181.61,Pokemon Merchandise,,,https://scrapeme.live/wp-content/uploads/2018/08/214-350x350.png,https://scrapeme.live/shop/Heracross/,scrapeme.live,9,luxury,2.2591397584210187,0.0,Short-named budget-mid items
Sneasel,137.16,Pokemon Merchandise,,,https://scrapeme.live/wp-content/uploads/2018/08/215-350x350.png,https://scrapeme.live/shop/Sneasel/,scrapeme.live,7,premium,2.1372274764429067,0.0,Short-named budget-mid items
Teddiursa,219.71,Pokemon Merchandise,,,https://scrapeme.live/wp-content/uploads/2018/08/216-350x350.png,https://scrapeme.live/shop/Teddiursa/,scrapeme.live,9,luxury,2.3418498240847523,0.0,Short-named budget-mid items
Ursaring,39.37,Pokemon Merchandise,,,https://scrapeme.live/wp-content/uploads/2018/08/217-350x350.png,https://scrapeme.live/shop/Ursaring/,scrapeme.live,8,mid,1.5951654147902294,2.0,Cross-source budget items
Magcargo,45.72,Pokemon Merchandise,,,https://scrapeme.live/wp-content/uploads/2018/08/219-350x350.png,https://scrapeme.live/shop/Magcargo/,scrapeme.live,8,mid,1.660106221723244,2.0,Cross-source budget items
Swinub,167.64,Pokemon Merchandise,,,https://scrapeme.live/wp-content/uploads/2018/08/220-350x350.png,https://scrapeme.live/shop/Swinub/,scrapeme.live,6,luxury,2.224377652161807,0.0,Short-named budget-mid items
Piloswine,106.68,Pokemon Merchandise,,,https://scrapeme.live/wp-content/uploads/2018/08/221-350x350.png,https://scrapeme.live/shop/Piloswine/,scrapeme.live,9,premium,2.0280830070178384,0.0,Short-named budget-mid items
Corsola,34.29,Pokemon Merchandise,,,https://scrapeme.live/wp-content/uploads/2018/08/222-350x350.png,https://scrapeme.live/shop/Corsola/,scrapeme.live,7,mid,1.5351674851149442,2.0,Cross-source budget items
Remoraid,154.94,Pokemon Merchandise,,,https://scrapeme.live/wp-content/uploads/2018/08/223-350x350.png,https://scrapeme.live/shop/Remoraid/,scrapeme.live,8,luxury,2.190163551630705,0.0,Short-named budget-mid items
Octillery,119.38,Pokemon Merchandise,,,https://scrapeme.live/wp-content/uploads/2018/08/224-350x350.png,https://scrapeme.live/shop/Octillery/,scrapeme.live,9,premium,2.0769315745556556,0.0,Short-named budget-mid items
Delibird,153.67,Pokemon Merchandise,,,https://scrapeme.live/wp-content/uploads/2018/08/225-350x350.png,https://scrapeme.live/shop/Delibird/,scrapeme.live,8,luxury,2.186589091272407,0.0,Short-named budget-mid items
Mantine,144.78,Pokemon Merchandise,,,https://scrapeme.live/wp-content/uploads/2018/08/226-350x350.png,https://scrapeme.live/shop/Mantine/,scrapeme.live,7,premium,2.1607085722924295,0.0,Short-named budget-mid items
Skarmory,252.73,Pokemon Merchandise,,,https://scrapeme.live/wp-content/uploads/2018/08/227-350x350.png,https://scrapeme.live/shop/Skarmory/,scrapeme.live,8,luxury,2.4026567973656636,0.0,Short-named budget-mid items
Houndour,182.88,Pokemon Merchandise,,,https://scrapeme.live/wp-content/uploads/2018/08/228-350x350.png,https://scrapeme.live/shop/Houndour/,scrapeme.live,8,luxury,2.2621662130512066,0.0,Short-named budget-mid items
Houndoom,99.06,Pokemon Merchandise,,,https://scrapeme.live/wp-content/uploads/2018/08/229-350x350.png,https://scrapeme.live/shop/Houndoom/,scrapeme.live,8,premium,1.9958983236464374,0.0,Short-named budget-mid items
Kingdra,157.48,Pokemon Merchandise,,,https://scrapeme.live/wp-content/uploads/2018/08/230-350x350.png,https://scrapeme.live/shop/Kingdra/,scrapeme.live,7,luxury,2.197225406118192,0.0,Short-named budget-mid items
Phanpy,163.83,Pokemon Merchandise,,,https://scrapeme.live/wp-content/uploads/2018/08/231-350x350.png,https://scrapeme.live/shop/Phanpy/,scrapeme.live,6,luxury,2.214393431255206,0.0,Short-named budget-mid items
Donphan,113.03,Pokemon Merchandise,,,https://scrapeme.live/wp-content/uploads/2018/08/232-350x350.png,https://scrapeme.live/shop/Donphan/,scrapeme.live,7,premium,2.0531937276008696,0.0,Short-named budget-mid items
Porygon2,191.77,Pokemon Merchandise,,,https://scrapeme.live/wp-content/uploads/2018/08/233-350x350.png,https://scrapeme.live/shop/Porygon2/,scrapeme.live,8,luxury,2.2827806682491265,0.0,Short-named budget-mid items
Stantler,41.91,Pokemon Merchandise,,,https://scrapeme.live/wp-content/uploads/2018/08/234-350x350.png,https://scrapeme.live/shop/Stantler/,scrapeme.live,8,mid,1.6223176608338443,2.0,Cross-source budget items
Smeargle,191.77,Pokemon Merchandise,,,https://scrapeme.live/wp-content/uploads/2018/08/235-350x350.png,https://scrapeme.live/shop/Smeargle/,scrapeme.live,8,luxury,2.2827806682491265,0.0,Short-named budget-mid items
Tyrogue,184.15,Pokemon Merchandise,,,https://scrapeme.live/wp-content/uploads/2018/08/236-350x350.png,https://scrapeme.live/shop/Tyrogue/,scrapeme.live,7,luxury,2.2651717231909316,0.0,Short-named budget-mid items
Hitmontop,189.23,Pokemon Merchandise,,,https://scrapeme.live/wp-content/uploads/2018/08/237-350x350.png,https://scrapeme.live/shop/Hitmontop/,scrapeme.live,9,luxury,2.276989989368231,0.0,Short-named budget-mid items
Smoochum,210.82,Pokemon Merchandise,,,https://scrapeme.live/wp-content/uploads/2018/08/238-350x350.png,https://scrapeme.live/shop/Smoochum/,scrapeme.live,8,luxury,2.323911808996012,0.0,Short-named budget-mid items
Elekid,132.08,Pokemon Merchandise,,,https://scrapeme.live/wp-content/uploads/2018/08/239-350x350.png,https://scrapeme.live/shop/Elekid/,scrapeme.live,6,premium,2.120837060254737,0.0,Short-named budget-mid items
Magby,50.8,Pokemon Merchandise,,,https://scrapeme.live/wp-content/uploads/2018/08/240-350x350.png,https://scrapeme.live/shop/Magby/,scrapeme.live,5,mid,1.7058637122839193,0.0,Short-named budget-mid items
Miltank,33.02,Pokemon Merchandise,,,https://scrapeme.live/wp-content/uploads/2018/08/241-350x350.png,https://scrapeme.live/shop/Miltank/,scrapeme.live,7,mid,1.5187770689267748,2.0,Cross-source budget items
Blissey,39.37,Pokemon Merchandise,,,https://scrapeme.live/wp-content/uploads/2018/08/242-350x350.png,https://scrapeme.live/shop/Blissey/,scrapeme.live,7,mid,1.5951654147902294,2.0,Cross-source budget items
Raikou,83.82,Pokemon Merchandise,,,https://scrapeme.live/wp-content/uploads/2018/08/243-350x350.png,https://scrapeme.live/shop/Raikou/,scrapeme.live,6,premium,1.9233476564978256,0.0,Short-named budget-mid items
Entei,34.29,Pokemon Merchandise,,,https://scrapeme.live/wp-content/uploads/2018/08/244-350x350.png,https://scrapeme.live/shop/Entei/,scrapeme.live,5,mid,1.5351674851149442,2.0,Cross-source budget items
Suicune,86.36,Pokemon Merchandise,,,https://scrapeme.live/wp-content/uploads/2018/08/245-350x350.png,https://scrapeme.live/shop/Suicune/,scrapeme.live,7,premium,1.9363126336621932,0.0,Short-named budget-mid items
Larvitar,33.02,Pokemon Merchandise,,,https://scrapeme.live/wp-content/uploads/2018/08/246-350x350.png,https://scrapeme.live/shop/Larvitar/,scrapeme.live,8,mid,1.5187770689267748,2.0,Cross-source budget items
Pupitar,144.78,Pokemon Merchandise,,,https://scrapeme.live/wp-content/uploads/2018/08/247-350x350.png,https://scrapeme.live/shop/Pupitar/,scrapeme.live,7,premium,2.1607085722924295,0.0,Short-named budget-mid items
Tyranitar,241.3,Pokemon Merchandise,,,https://scrapeme.live/wp-content/uploads/2018/08/248-350x350.png,https://scrapeme.live/shop/Tyranitar/,scrapeme.live,9,luxury,2.3825573219087857,0.0,Short-named budget-mid items
Lugia,109.22,Pokemon Merchandise,,,https://scrapeme.live/wp-content/uploads/2018/08/249-350x350.png,https://scrapeme.live/shop/Lugia/,scrapeme.live,5,premium,2.0383021721995247,0.0,Short-named budget-mid items
Ho-oh,115.57,Pokemon Merchandise,,,https://scrapeme.live/wp-content/uploads/2018/08/250-350x350.png,https://scrapeme.live/shop/Ho-oh/,scrapeme.live,5,premium,2.0628451132770502,0.0,Short-named budget-mid items
Celebi,140.97,Pokemon Merchandise,,,https://scrapeme.live/wp-content/uploads/2018/08/251-350x350.png,https://scrapeme.live/shop/Celebi/,scrapeme.live,6,premium,2.1491266997426144,0.0,Short-named budget-mid items
Treecko,121.92,Pokemon Merchandise,,,https://scrapeme.live/wp-content/uploads/2018/08/252-350x350.png,https://scrapeme.live/shop/Treecko/,scrapeme.live,7,premium,2.0860749539955252,0.0,Short-named budget-mid items
Grovyle,241.3,Pokemon Merchandise,,,https://scrapeme.live/wp-content/uploads/2018/08/253-350x350.png,https://scrapeme.live/shop/Grovyle/,scrapeme.live,7,luxury,2.3825573219087857,0.0,Short-named budget-mid items
Sceptile,46.99,Pokemon Merchandise,,,https://scrapeme.live/wp-content/uploads/2018/08/254-350x350.png,https://scrapeme.live/shop/Sceptile/,scrapeme.live,8,mid,1.6720054450229518,2.0,Cross-source budget items
Torchic,35.56,Pokemon Merchandise,,,https://scrapeme.live/wp-content/uploads/2018/08/255-350x350.png,https://scrapeme.live/shop/Torchic/,scrapeme.live,7,mid,1.550961752298176,2.0,Cross-source budget items
Combusken,86.36,Pokemon Merchandise,,,https://scrapeme.live/wp-content/uploads/2018/08/256-350x350.png,https://scrapeme.live/shop/Combusken/,scrapeme.live,9,premium,1.9363126336621932,0.0,Short-named budget-mid items
Blaziken,50.8,Pokemon Merchandise,,,https://scrapeme.live/wp-content/uploads/2018/08/257-350x350.png,https://scrapeme.live/shop/Blaziken/,scrapeme.live,8,mid,1.7058637122839193,2.0,Cross-source budget items
Mudkip,177.8,Pokemon Merchandise,,,https://scrapeme.live/wp-content/uploads/2018/08/258-350x350.png,https://scrapeme.live/shop/Mudkip/,scrapeme.live,6,luxury,2.249931756634195,0.0,Short-named budget-mid items
Marshtomp,193.04,Pokemon Merchandise,,,https://scrapeme.live/wp-content/uploads/2018/08/259-350x350.png,https://scrapeme.live/shop/Marshtomp/,scrapeme.live,9,luxury,2.2856473089007294,0.0,Short-named budget-mid items
Swampert,182.88,Pokemon Merchandise,,,https://scrapeme.live/wp-content/uploads/2018/08/260-350x350.png,https://scrapeme.live/shop/Swampert/,scrapeme.live,8,luxury,2.2621662130512066,0.0,Short-named budget-mid items
Poochyena,165.1,Pokemon Merchandise,,,https://scrapeme.live/wp-content/uploads/2018/08/261-350x350.png,https://scrapeme.live/shop/Poochyena/,scrapeme.live,9,luxury,2.2177470732627937,0.0,Short-named budget-mid items
Mightyena,222.25,Pokemon Merchandise,,,https://scrapeme.live/wp-content/uploads/2018/08/262-350x350.png,https://scrapeme.live/shop/Mightyena/,scrapeme.live,9,luxury,2.346841769642251,0.0,Short-named budget-mid items
Zigzagoon,105.41,Pokemon Merchandise,,,https://scrapeme.live/wp-content/uploads/2018/08/263-350x350.png,https://scrapeme.live/shop/Zigzagoon/,scrapeme.live,9,premium,2.0228818133320305,0.0,Short-named budget-mid items
Linoone,102.87,Pokemon Merchandise,,,https://scrapeme.live/wp-content/uploads/2018/08/264-350x350.png,https://scrapeme.live/shop/Linoone/,scrapeme.live,7,premium,2.0122887398346068,0.0,Short-named budget-mid items
Wurmple,247.65,Pokemon Merchandise,,,https://scrapeme.live/wp-content/uploads/2018/08/265-350x350.png,https://scrapeme.live/shop/Wurmple/,scrapeme.live,7,luxury,2.393838332318475,0.0,Short-named budget-mid items
Silcoon,101.6,Pokemon Merchandise,,,https://scrapeme.live/wp-content/uploads/2018/08/266-350x350.png,https://scrapeme.live/shop/Silcoon/,scrapeme.live,7,premium,2.0068937079479006,0.0,Short-named budget-mid items
Beautifly,184.15,Pokemon Merchandise,,,https://scrapeme.live/wp-content/uploads/2018/08/267-350x350.png,https://scrapeme.live/shop/Beautifly/,scrapeme.live,9,luxury,2.2651717231909316,0.0,Short-named budget-mid items
Cascoon,210.82,Pokemon Merchandise,,,https://scrapeme.live/wp-content/uploads/2018/08/268-350x350.png,https://scrapeme.live/shop/Cascoon/,scrapeme.live,7,luxury,2.323911808996012,0.0,Short-named budget-mid items
Dustox,115.57,Pokemon Merchandise,,,https://scrapeme.live/wp-content/uploads/2018/08/269-350x350.png,https://scrapeme.live/shop/Dustox/,scrapeme.live,6,premium,2.0628451132770502,0.0,Short-named budget-mid items
Lotad,204.47,Pokemon Merchandise,,,https://scrapeme.live/wp-content/uploads/2018/08/270-350x350.png,https://scrapeme.live/shop/Lotad/,scrapeme.live,5,luxury,2.310629596987807,0.0,Short-named budget-mid items
Lombre,100.33,Pokemon Merchandise,,,https://scrapeme.live/wp-content/uploads/2018/08/271-350x350.png,https://scrapeme.live/shop/Lombre/,scrapeme.live,6,premium,2.001430812246398,0.0,Short-named budget-mid items
Ludicolo,240.03,Pokemon Merchandise,,,https://scrapeme.live/wp-content/uploads/2018/08/272-350x350.png,https://scrapeme.live/shop/Ludicolo/,scrapeme.live,8,luxury,2.380265525129201,0.0,Short-named budget-mid items
Seedot,33.02,Pokemon Merchandise,,,https://scrapeme.live/wp-content/uploads/2018/08/273-350x350.png,https://scrapeme.live/shop/Seedot/,scrapeme.live,6,mid,1.5187770689267748,2.0,Cross-source budget items
Nuzleaf,33.02,Pokemon Merchandise,,,https://scrapeme.live/wp-content/uploads/2018/08/274-350x350.png,https://scrapeme.live/shop/Nuzleaf/,scrapeme.live,7,mid,1.5187770689267748,2.0,Cross-source budget items
Shiftry,199.39,Pokemon Merchandise,,,https://scrapeme.live/wp-content/uploads/2018/08/275-350x350.png,https://scrapeme.live/shop/Shiftry/,scrapeme.live,7,luxury,2.2997033733651904,0.0,Short-named budget-mid items
Taillow,107.95,Pokemon Merchandise,,,https://scrapeme.live/wp-content/uploads/2018/08/276-350x350.png,https://scrapeme.live/shop/Taillow/,scrapeme.live,7,premium,2.0332226466702497,0.0,Short-named budget-mid items
Swellow,111.76,Pokemon Merchandise,,,https://scrapeme.live/wp-content/uploads/2018/08/277-350x350.png,https://scrapeme.live/shop/Swellow/,scrapeme.live,7,premium,2.0482863931061255,0.0,Short-named budget-mid items
Wingull,194.31,Pokemon Merchandise,,,https://scrapeme.live/wp-content/uploads/2018/08/278-350x350.png,https://scrapeme.live/shop/Wingull/,scrapeme.live,7,luxury,2.2884951517735557,0.0,Short-named budget-mid items
Pelipper,200.66,Pokemon Merchandise,,,https://scrapeme.live/wp-content/uploads/2018/08/279-350x350.png,https://scrapeme.live/shop/Pelipper/,scrapeme.live,8,luxury,2.3024608079103794,0.0,Short-named budget-mid items
Ralts,191.77,Pokemon Merchandise,,,https://scrapeme.live/wp-content/uploads/2018/08/280-350x350.png,https://scrapeme.live/shop/Ralts/,scrapeme.live,5,luxury,2.2827806682491265,0.0,Short-named budget-mid items
Kirlia,236.22,Pokemon Merchandise,,,https://scrapeme.live/wp-content/uploads/2018/08/281-350x350.png,https://scrapeme.live/shop/Kirlia/,scrapeme.live,6,luxury,2.3733166651738733,0.0,Short-named budget-mid items
Gardevoir,43.18,Pokemon Merchandise,,,https://scrapeme.live/wp-content/uploads/2018/08/282-350x350.png,https://scrapeme.live/shop/Gardevoir/,scrapeme.live,9,mid,1.635282637998212,2.0,Cross-source budget items
Surskit,142.24,Pokemon Merchandise,,,https://scrapeme.live/wp-content/uploads/2018/08/283-350x350.png,https://scrapeme.live/shop/Surskit/,scrapeme.live,7,premium,2.1530217436261383,0.0,Short-named budget-mid items
Masquerain,49.53,Pokemon Merchandise,,,https://scrapeme.live/wp-content/uploads/2018/08/284-350x350.png,https://scrapeme.live/shop/Masquerain/,scrapeme.live,10,mid,1.6948683279824561,2.0,Cross-source budget items
Shroomish,39.37,Pokemon Merchandise,,,https://scrapeme.live/wp-content/uploads/2018/08/285-350x350.png,https://scrapeme.live/shop/Shroomish/,scrapeme.live,9,mid,1.5951654147902294,2.0,Cross-source budget items
Breloom,143.51,Pokemon Merchandise,,,https://scrapeme.live/wp-content/uploads/2018/08/286-350x350.png,https://scrapeme.live/shop/Breloom/,scrapeme.live,7,premium,2.1568821644393767,0.0,Short-named budget-mid items
Slakoth,87.63,Pokemon Merchandise,,,https://scrapeme.live/wp-content/uploads/2018/08/287-350x350.png,https://scrapeme.live/shop/Slakoth/,scrapeme.live,7,premium,1.9426528116932122,0.0,Short-named budget-mid items
Vigoroth,31.75,Pokemon Merchandise,,,https://scrapeme.live/wp-content/uploads/2018/08/288-350x350.png,https://scrapeme.live/shop/Vigoroth/,scrapeme.live,8,mid,1.5017437296279945,2.0,Cross-source budget items
Slaking,151.13,Pokemon Merchandise,,,https://scrapeme.live/wp-content/uploads/2018/08/289-350x350.png,https://scrapeme.live/shop/Slaking/,scrapeme.live,7,luxury,2.1793506823484874,0.0,Short-named budget-mid items
Nincada,48.26,Pokemon Merchandise,,,https://scrapeme.live/wp-content/uploads/2018/08/290-350x350.png,https://scrapeme.live/shop/Nincada/,scrapeme.live,7,mid,1.683587317572767,2.0,Cross-source budget items
Ninjask,204.47,Pokemon Merchandise,,,https://scrapeme.live/wp-content/uploads/2018/08/291-350x350.png,https://scrapeme.live/shop/Ninjask/,scrapeme.live,7,luxury,2.310629596987807,0.0,Short-named budget-mid items
Shedinja,162.56,Pokemon Merchandise,,,https://scrapeme.live/wp-content/uploads/2018/08/292-350x350.png,https://scrapeme.live/shop/Shedinja/,scrapeme.live,8,luxury,2.211013690603825,0.0,Short-named budget-mid items
Whismur,173.99,Pokemon Merchandise,,,https://scrapeme.live/wp-content/uploads/2018/08/293-350x350.png,https://scrapeme.live/shop/Whismur/,scrapeme.live,7,luxury,2.2405242881123635,0.0,Short-named budget-mid items
Loudred,184.15,Pokemon Merchandise,,,https://scrapeme.live/wp-content/uploads/2018/08/294-350x350.png,https://scrapeme.live/shop/Loudred/,scrapeme.live,7,luxury,2.2651717231909316,0.0,Short-named budget-mid items
Exploud,204.47,Pokemon Merchandise,,,https://scrapeme.live/wp-content/uploads/2018/08/295-350x350.png,https://scrapeme.live/shop/Exploud/,scrapeme.live,7,luxury,2.310629596987807,0.0,Short-named budget-mid items
Makuhita,38.1,Pokemon Merchandise,,,https://scrapeme.live/wp-content/uploads/2018/08/296-350x350.png,https://scrapeme.live/shop/Makuhita/,scrapeme.live,8,mid,1.5809249756756194,2.0,Cross-source budget items
Hariyama,223.52,Pokemon Merchandise,,,https://scrapeme.live/wp-content/uploads/2018/08/297-350x350.png,https://scrapeme.live/shop/Hariyama/,scrapeme.live,8,luxury,2.3493163887701067,0.0,Short-named budget-mid items
Azurill,88.9,Pokemon Merchandise,,,https://scrapeme.live/wp-content/uploads/2018/08/298-350x350.png,https://scrapeme.live/shop/Azurill/,scrapeme.live,7,premium,1.9489017609702137,0.0,Short-named budget-mid items
Nosepass,52.07,Pokemon Merchandise,,,https://scrapeme.live/wp-content/uploads/2018/08/299-350x350.png,https://scrapeme.live/shop/Nosepass/,scrapeme.live,8,mid,1.7165875776756923,2.0,Cross-source budget items
Skitty,198.12,Pokemon Merchandise,,,https://scrapeme.live/wp-content/uploads/2018/08/300-350x350.png,https://scrapeme.live/shop/Skitty/,scrapeme.live,6,luxury,2.2969283193104184,0.0,Short-named budget-mid items
Delcatty,215.9,Pokemon Merchandise,,,https://scrapeme.live/wp-content/uploads/2018/08/301-350x350.png,https://scrapeme.live/shop/Delcatty/,scrapeme.live,8,luxury,2.334252642334231,0.0,Short-named budget-mid items
Sableye,102.87,Pokemon Merchandise,,,https://scrapeme.live/wp-content/uploads/2018/08/302-350x350.png,https://scrapeme.live/shop/Sableye/,scrapeme.live,7,premium,2.0122887398346068,0.0,Short-named budget-mid items
Mawile,151.13,Pokemon Merchandise,,,https://scrapeme.live/wp-content/uploads/2018/08/303-350x350.png,https://scrapeme.live/shop/Mawile/,scrapeme.live,6,luxury,2.1793506823484874,0.0,Short-named budget-mid items
Aron,189.23,Pokemon Merchandise,,,https://scrapeme.live/wp-content/uploads/2018/08/304-350x350.png,https://scrapeme.live/shop/Aron/,scrapeme.live,4,luxury,2.276989989368231,0.0,Short-named budget-mid items
Lairon,88.9,Pokemon Merchandise,,,https://scrapeme.live/wp-content/uploads/2018/08/305-350x350.png,https://scrapeme.live/shop/Lairon/,scrapeme.live,6,premium,1.9489017609702137,0.0,Short-named budget-mid items
Aggron,177.8,Pokemon Merchandise,,,https://scrapeme.live/wp-content/uploads/2018/08/306-350x350.png,https://scrapeme.live/shop/Aggron/,scrapeme.live,6,luxury,2.249931756634195,0.0,Short-named budget-mid items
Meditite,123.19,Pokemon Merchandise,,,https://scrapeme.live/wp-content/uploads/2018/08/307-350x350.png,https://scrapeme.live/shop/Meditite/,scrapeme.live,8,premium,2.0905754552222016,0.0,Short-named budget-mid items
Medicham,97.79,Pokemon Merchandise,,,https://scrapeme.live/wp-content/uploads/2018/08/308-350x350.png,https://scrapeme.live/shop/Medicham/,scrapeme.live,8,premium,1.9902944461284389,0.0,Short-named budget-mid items
Electrike,184.15,Pokemon Merchandise,,,https://scrapeme.live/wp-content/uploads/2018/08/309-350x350.png,https://scrapeme.live/shop/Electrike/,scrapeme.live,9,luxury,2.2651717231909316,0.0,Short-named budget-mid items
Manectric,96.52,Pokemon Merchandise,,,https://scrapeme.live/wp-content/uploads/2018/08/310-350x350.png,https://scrapeme.live/shop/Manectric/,scrapeme.live,9,premium,1.9846173132367482,0.0,Short-named budget-mid items
Plusle,71.12,Pokemon Merchandise,,,https://scrapeme.live/wp-content/uploads/2018/08/311-350x350.png,https://scrapeme.live/shop/Plusle/,scrapeme.live,6,premium,1.8519917479621573,0.0,Short-named budget-mid items
Minun,245.11,Pokemon Merchandise,,,https://scrapeme.live/wp-content/uploads/2018/08/312-350x350.png,https://scrapeme.live/shop/Minun/,scrapeme.live,5,luxury,2.3893610299637307,0.0,Short-named budget-mid items
Volbeat,156.21,Pokemon Merchandise,,,https://scrapeme.live/wp-content/uploads/2018/08/313-350x350.png,https://scrapeme.live/shop/Volbeat/,scrapeme.live,7,luxury,2.193708832395355,0.0,Short-named budget-mid items
Illumise,212.09,Pokemon Merchandise,,,https://scrapeme.live/wp-content/uploads/2018/08/314-350x350.png,https://scrapeme.live/shop/Illumise/,scrapeme.live,8,luxury,2.32652019210354,0.0,Short-named budget-mid items
Roselia,114.3,Pokemon Merchandise,,,https://scrapeme.live/wp-content/uploads/2018/08/315-350x350.png,https://scrapeme.live/shop/Roselia/,scrapeme.live,7,premium,2.0580462303952816,0.0,Short-named budget-mid items
Gulpin,172.72,Pokemon Merchandise,,,https://scrapeme.live/wp-content/uploads/2018/08/316-350x350.png,https://scrapeme.live/shop/Gulpin/,scrapeme.live,6,luxury,2.2373426293261742,0.0,Short-named budget-mid items
Swalot,165.1,Pokemon Merchandise,,,https://scrapeme.live/wp-content/uploads/2018/08/317-350x350.png,https://scrapeme.live/shop/Swalot/,scrapeme.live,6,luxury,2.2177470732627937,0.0,Short-named budget-mid items
Carvanha,31.75,Pokemon Merchandise,,,https://scrapeme.live/wp-content/uploads/2018/08/318-350x350.png,https://scrapeme.live/shop/Carvanha/,scrapeme.live,8,mid,1.5017437296279945,2.0,Cross-source budget items
Sharpedo,163.83,Pokemon Merchandise,,,https://scrapeme.live/wp-content/uploads/2018/08/319-350x350.png,https://scrapeme.live/shop/Sharpedo/,scrapeme.live,8,luxury,2.214393431255206,0.0,Short-named budget-mid items
Wailmer,114.3,Pokemon Merchandise,,,https://scrapeme.live/wp-content/uploads/2018/08/320-350x350.png,https://scrapeme.live/shop/Wailmer/,scrapeme.live,7,premium,2.0580462303952816,0.0,Short-named budget-mid items
Wailord,190.5,Pokemon Merchandise,,,https://scrapeme.live/wp-content/uploads/2018/08/321-350x350.png,https://scrapeme.live/shop/Wailord/,scrapeme.live,7,luxury,2.279894980011638,0.0,Short-named budget-mid items
Numel,215.9,Pokemon Merchandise,,,https://scrapeme.live/wp-content/uploads/2018/08/322-350x350.png,https://scrapeme.live/shop/Numel/,scrapeme.live,5,luxury,2.334252642334231,0.0,Short-named budget-mid items
Camerupt,157.48,Pokemon Merchandise,,,https://scrapeme.live/wp-content/uploads/2018/08/323-350x350.png,https://scrapeme.live/shop/Camerupt/,scrapeme.live,8,luxury,2.197225406118192,0.0,Short-named budget-mid items
Torkoal,124.46,Pokemon Merchandise,,,https://scrapeme.live/wp-content/uploads/2018/08/324-350x350.png,https://scrapeme.live/shop/Torkoal/,scrapeme.live,7,premium,2.095029796648452,0.0,Short-named budget-mid items
Spoink,207.01,Pokemon Merchandise,,,https://scrapeme.live/wp-content/uploads/2018/08/325-350x350.png,https://scrapeme.live/shop/Spoink/,scrapeme.live,6,luxury,2.3159913253599145,0.0,Short-named budget-mid items
Grumpig,231.14,Pokemon Merchandise,,,https://scrapeme.live/wp-content/uploads/2018/08/326-350x350.png,https://scrapeme.live/shop/Grumpig/,scrapeme.live,7,luxury,2.3638751089410315,0.0,Short-named budget-mid items
Spinda,189.23,Pokemon Merchandise,,,https://scrapeme.live/wp-content/uploads/2018/08/327-350x350.png,https://scrapeme.live/shop/Spinda/,scrapeme.live,6,luxury,2.276989989368231,0.0,Short-named budget-mid items
Trapinch,147.32,Pokemon Merchandise,,,https://scrapeme.live/wp-content/uploads/2018/08/328-350x350.png,https://scrapeme.live/shop/Trapinch/,scrapeme.live,8,premium,2.1682617101828754,0.0,Short-named budget-mid items
Vibrava,254.0,Pokemon Merchandise,,,https://scrapeme.live/wp-content/uploads/2018/08/329-350x350.png,https://scrapeme.live/shop/Vibrava/,scrapeme.live,7,luxury,2.404833716619938,0.0,Short-named budget-mid items
Flygon,220.98,Pokemon Merchandise,,,https://scrapeme.live/wp-content/uploads/2018/08/330-350x350.png,https://scrapeme.live/shop/Flygon/,scrapeme.live,6,luxury,2.3443529692385567,0.0,Short-named budget-mid items
Cacnea,133.35,Pokemon Merchandise,,,https://scrapeme.live/wp-content/uploads/2018/08/331-350x350.png,https://scrapeme.live/shop/Cacnea/,scrapeme.live,6,premium,2.124993020025895,0.0,Short-named budget-mid items
Cacturne,39.37,Pokemon Merchandise,,,https://scrapeme.live/wp-content/uploads/2018/08/332-350x350.png,https://scrapeme.live/shop/Cacturne/,scrapeme.live,8,mid,1.5951654147902294,2.0,Cross-source budget items
Swablu,153.67,Pokemon Merchandise,,,https://scrapeme.live/wp-content/uploads/2018/08/333-350x350.png,https://scrapeme.live/shop/Swablu/,scrapeme.live,6,luxury,2.186589091272407,0.0,Short-named budget-mid items
Altaria,132.08,Pokemon Merchandise,,,https://scrapeme.live/wp-content/uploads/2018/08/334-350x350.png,https://scrapeme.live/shop/Altaria/,scrapeme.live,7,premium,2.120837060254737,0.0,Short-named budget-mid items
Seviper,135.89,Pokemon Merchandise,,,https://scrapeme.live/wp-content/uploads/2018/08/336-350x350.png,https://scrapeme.live/shop/Seviper/,scrapeme.live,7,premium,2.1331874986411665,0.0,Short-named budget-mid items
Lunatone,224.79,Pokemon Merchandise,,,https://scrapeme.live/wp-content/uploads/2018/08/337-350x350.png,https://scrapeme.live/shop/Lunatone/,scrapeme.live,8,luxury,2.3517769873177636,0.0,Short-named budget-mid items
Solrock,72.39,Pokemon Merchandise,,,https://scrapeme.live/wp-content/uploads/2018/08/338-350x350.png,https://scrapeme.live/shop/Solrock/,scrapeme.live,7,premium,1.8596785766284483,0.0,Short-named budget-mid items
Whiscash,227.33,Pokemon Merchandise,,,https://scrapeme.live/wp-content/uploads/2018/08/340-350x350.png,https://scrapeme.live/shop/Whiscash/,scrapeme.live,8,luxury,2.35665675193585,0.0,Short-named budget-mid items
Corphish,226.06,Pokemon Merchandise,,,https://scrapeme.live/wp-content/uploads/2018/08/341-350x350.png,https://scrapeme.live/shop/Corphish/,scrapeme.live,8,luxury,2.354223723264851,0.0,Short-named budget-mid items
Crawdaunt,219.71,Pokemon Merchandise,,,https://scrapeme.live/wp-content/uploads/2018/08/342-350x350.png,https://scrapeme.live/shop/Crawdaunt/,scrapeme.live,9,luxury,2.3418498240847523,0.0,Short-named budget-mid items
Baltoy,212.09,Pokemon Merchandise,,,https://scrapeme.live/wp-content/uploads/2018/08/343-350x350.png,https://scrapeme.live/shop/Baltoy/,scrapeme.live,6,luxury,2.32652019210354,0.0,Short-named budget-mid items
Claydol,250.19,Pokemon Merchandise,,,https://scrapeme.live/wp-content/uploads/2018/08/344-350x350.png,https://scrapeme.live/shop/Claydol/,scrapeme.live,7,luxury,2.3982699471175497,0.0,Short-named budget-mid items
Lileep,110.49,Pokemon Merchandise,,,https://scrapeme.live/wp-content/uploads/2018/08/345-350x350.png,https://scrapeme.live/shop/Lileep/,scrapeme.live,6,premium,2.0433229735745755,0.0,Short-named budget-mid items
Cradily,195.58,Pokemon Merchandise,,,https://scrapeme.live/wp-content/uploads/2018/08/346-350x350.png,https://scrapeme.live/shop/Cradily/,scrapeme.live,7,luxury,2.29132444179242,0.0,Short-named budget-mid items
Anorith,81.28,Pokemon Merchandise,,,https://scrapeme.live/wp-content/uploads/2018/08/347-350x350.png,https://scrapeme.live/shop/Anorith/,scrapeme.live,7,premium,1.909983694939844,0.0,Short-named budget-mid items
Armaldo,53.34,Pokemon Merchandise,,,https://scrapeme.live/wp-content/uploads/2018/08/348-350x350.png,https://scrapeme.live/shop/Armaldo/,scrapeme.live,7,mid,1.7270530113538574,0.0,Short-named budget-mid items
Feebas,246.38,Pokemon Merchandise,,,https://scrapeme.live/wp-content/uploads/2018/08/349-350x350.png,https://scrapeme.live/shop/Feebas/,scrapeme.live,6,luxury,2.391605450886183,0.0,Short-named budget-mid items
Milotic,193.04,Pokemon Merchandise,,,https://scrapeme.live/wp-content/uploads/2018/08/350-350x350.png,https://scrapeme.live/shop/Milotic/,scrapeme.live,7,luxury,2.2856473089007294,0.0,Short-named budget-mid items
Castform,151.13,Pokemon Merchandise,,,https://scrapeme.live/wp-content/uploads/2018/08/351-350x350.png,https://scrapeme.live/shop/Castform/,scrapeme.live,8,luxury,2.1793506823484874,0.0,Short-named budget-mid items
Kecleon,127.0,Pokemon Merchandise,,,https://scrapeme.live/wp-content/uploads/2018/08/352-350x350.png,https://scrapeme.live/shop/Kecleon/,scrapeme.live,7,premium,2.103803720955957,0.0,Short-named budget-mid items
Shuppet,220.98,Pokemon Merchandise,,,https://scrapeme.live/wp-content/uploads/2018/08/353-350x350.png,https://scrapeme.live/shop/Shuppet/,scrapeme.live,7,luxury,2.3443529692385567,0.0,Short-named budget-mid items
Banette,132.08,Pokemon Merchandise,,,https://scrapeme.live/wp-content/uploads/2018/08/354-350x350.png,https://scrapeme.live/shop/Banette/,scrapeme.live,7,premium,2.120837060254737,0.0,Short-named budget-mid items
Duskull,176.53,Pokemon Merchandise,,,https://scrapeme.live/wp-content/uploads/2018/08/355-350x350.png,https://scrapeme.live/shop/Duskull/,scrapeme.live,7,luxury,2.2468185212100518,0.0,Short-named budget-mid items
Dusclops,49.53,Pokemon Merchandise,,,https://scrapeme.live/wp-content/uploads/2018/08/356-350x350.png,https://scrapeme.live/shop/Dusclops/,scrapeme.live,8,mid,1.6948683279824561,2.0,Cross-source budget items
Tropius,248.92,Pokemon Merchandise,,,https://scrapeme.live/wp-content/uploads/2018/08/357-350x350.png,https://scrapeme.live/shop/Tropius/,scrapeme.live,7,luxury,2.3960597923124327,0.0,Short-named budget-mid items
Chimecho,64.77,Pokemon Merchandise,,,https://scrapeme.live/wp-content/uploads/2018/08/358-350x350.png,https://scrapeme.live/shop/Chimecho/,scrapeme.live,8,premium,1.8113738970538933,0.0,Short-named budget-mid items
Absol,170.18,Pokemon Merchandise,,,https://scrapeme.live/wp-content/uploads/2018/08/359-350x350.png,https://scrapeme.live/shop/Absol/,scrapeme.live,5,luxury,2.2309085193207645,0.0,Short-named budget-mid items
Wynaut,213.36,Pokemon Merchandise,,,https://scrapeme.live/wp-content/uploads/2018/08/360-350x350.png,https://scrapeme.live/shop/Wynaut/,scrapeme.live,6,luxury,2.3291130026818196,0.0,Short-named budget-mid items
Snorunt,104.14,Pokemon Merchandise,,,https://scrapeme.live/wp-content/uploads/2018/08/361-350x350.png,https://scrapeme.live/shop/Snorunt/,scrapeme.live,7,premium,2.0176175733396735,0.0,Short-named budget-mid items
Glalie,226.06,Pokemon Merchandise,,,https://scrapeme.live/wp-content/uploads/2018/08/362-350x350.png,https://scrapeme.live/shop/Glalie/,scrapeme.live,6,luxury,2.354223723264851,0.0,Short-named budget-mid items
Spheal,245.11,Pokemon Merchandise,,,https://scrapeme.live/wp-content/uploads/2018/08/363-350x350.png,https://scrapeme.live/shop/Spheal/,scrapeme.live,6,luxury,2.3893610299637307,0.0,Short-named budget-mid items
Sealeo,203.2,Pokemon Merchandise,,,https://scrapeme.live/wp-content/uploads/2018/08/364-350x350.png,https://scrapeme.live/shop/Sealeo/,scrapeme.live,6,luxury,2.307923703611882,0.0,Short-named budget-mid items
Walrein,34.29,Pokemon Merchandise,,,https://scrapeme.live/wp-content/uploads/2018/08/365-350x350.png,https://scrapeme.live/shop/Walrein/,scrapeme.live,7,mid,1.5351674851149442,2.0,Cross-source budget items
Clamperl,60.96,Pokemon Merchandise,,,https://scrapeme.live/wp-content/uploads/2018/08/366-350x350.png,https://scrapeme.live/shop/Clamperl/,scrapeme.live,8,premium,1.7850449583315442,0.0,Short-named budget-mid items
Huntail,66.04,Pokemon Merchandise,,,https://scrapeme.live/wp-content/uploads/2018/08/367-350x350.png,https://scrapeme.live/shop/Huntail/,scrapeme.live,7,premium,1.819807064590756,0.0,Short-named budget-mid items
Gorebyss,190.5,Pokemon Merchandise,,,https://scrapeme.live/wp-content/uploads/2018/08/368-350x350.png,https://scrapeme.live/shop/Gorebyss/,scrapeme.live,8,luxury,2.279894980011638,0.0,Short-named budget-mid items
Relicanth,199.39,Pokemon Merchandise,,,https://scrapeme.live/wp-content/uploads/2018/08/369-350x350.png,https://scrapeme.live/shop/Relicanth/,scrapeme.live,9,luxury,2.2997033733651904,0.0,Short-named budget-mid items
Luvdisc,55.88,Pokemon Merchandise,,,https://scrapeme.live/wp-content/uploads/2018/08/370-350x350.png,https://scrapeme.live/shop/Luvdisc/,scrapeme.live,7,mid,1.7472563974421442,0.0,Short-named budget-mid items
Bagon,43.18,Pokemon Merchandise,,,https://scrapeme.live/wp-content/uploads/2018/08/371-350x350.png,https://scrapeme.live/shop/Bagon/,scrapeme.live,5,mid,1.635282637998212,2.0,Cross-source budget items
Shelgon,71.12,Pokemon Merchandise,,,https://scrapeme.live/wp-content/uploads/2018/08/372-350x350.png,https://scrapeme.live/shop/Shelgon/,scrapeme.live,7,premium,1.8519917479621573,0.0,Short-named budget-mid items
Salamence,78.74,Pokemon Merchandise,,,https://scrapeme.live/wp-content/uploads/2018/08/373-350x350.png,https://scrapeme.live/shop/Salamence/,scrapeme.live,9,premium,1.8961954104542107,0.0,Short-named budget-mid items
Beldum,154.94,Pokemon Merchandise,,,https://scrapeme.live/wp-content/uploads/2018/08/374-350x350.png,https://scrapeme.live/shop/Beldum/,scrapeme.live,6,luxury,2.190163551630705,0.0,Short-named budget-mid items
Metang,99.06,Pokemon Merchandise,,,https://scrapeme.live/wp-content/uploads/2018/08/375-350x350.png,https://scrapeme.live/shop/Metang/,scrapeme.live,6,premium,1.9958983236464374,0.0,Short-named budget-mid items
Metagross,215.9,Pokemon Merchandise,,,https://scrapeme.live/wp-content/uploads/2018/08/376-350x350.png,https://scrapeme.live/shop/Metagross/,scrapeme.live,9,luxury,2.334252642334231,0.0,Short-named budget-mid items
Regirock,83.82,Pokemon Merchandise,,,https://scrapeme.live/wp-content/uploads/2018/08/377-350x350.png,https://scrapeme.live/shop/Regirock/,scrapeme.live,8,premium,1.9233476564978256,0.0,Short-named budget-mid items
Regice,209.55,Pokemon Merchandise,,,https://scrapeme.live/wp-content/uploads/2018/08/378-350x350.png,https://scrapeme.live/shop/Regice/,scrapeme.live,6,luxury,2.321287665169863,0.0,Short-named budget-mid items
Registeel,248.92,Pokemon Merchandise,,,https://scrapeme.live/wp-content/uploads/2018/08/379-350x350.png,https://scrapeme.live/shop/Registeel/,scrapeme.live,9,luxury,2.3960597923124327,0.0,Short-named budget-mid items
Latias,160.02,Pokemon Merchandise,,,https://scrapeme.live/wp-content/uploads/2018/08/380-350x350.png,https://scrapeme.live/shop/Latias/,scrapeme.live,6,luxury,2.2041742660735197,0.0,Short-named budget-mid items
Latios,210.82,Pokemon Merchandise,,,https://scrapeme.live/wp-content/uploads/2018/08/381-350x350.png,https://scrapeme.live/shop/Latios/,scrapeme.live,6,luxury,2.323911808996012,0.0,Short-named budget-mid items
Kyogre,34.29,Pokemon Merchandise,,,https://scrapeme.live/wp-content/uploads/2018/08/382-350x350.png,https://scrapeme.live/shop/Kyogre/,scrapeme.live,6,mid,1.5351674851149442,2.0,Cross-source budget items
Groudon,157.48,Pokemon Merchandise,,,https://scrapeme.live/wp-content/uploads/2018/08/383-350x350.png,https://scrapeme.live/shop/Groudon/,scrapeme.live,7,luxury,2.197225406118192,0.0,Short-named budget-mid items
Rayquaza,123.19,Pokemon Merchandise,,,https://scrapeme.live/wp-content/uploads/2018/08/384-350x350.png,https://scrapeme.live/shop/Rayquaza/,scrapeme.live,8,premium,2.0905754552222016,0.0,Short-named budget-mid items
Jirachi,140.97,Pokemon Merchandise,,,https://scrapeme.live/wp-content/uploads/2018/08/385-350x350.png,https://scrapeme.live/shop/Jirachi/,scrapeme.live,7,premium,2.1491266997426144,0.0,Short-named budget-mid items
Turtwig,128.27,Pokemon Merchandise,,,https://scrapeme.live/wp-content/uploads/2018/08/387-350x350.png,https://scrapeme.live/shop/Turtwig/,scrapeme.live,7,premium,2.1081250947385994,0.0,Short-named budget-mid items
Grotle,195.58,Pokemon Merchandise,,,https://scrapeme.live/wp-content/uploads/2018/08/388-350x350.png,https://scrapeme.live/shop/Grotle/,scrapeme.live,6,luxury,2.29132444179242,0.0,Short-named budget-mid items
Torterra,110.49,Pokemon Merchandise,,,https://scrapeme.live/wp-content/uploads/2018/08/389-350x350.png,https://scrapeme.live/shop/Torterra/,scrapeme.live,8,premium,2.0433229735745755,0.0,Short-named budget-mid items
Chimchar,181.61,Pokemon Merchandise,,,https://scrapeme.live/wp-content/uploads/2018/08/390-350x350.png,https://scrapeme.live/shop/Chimchar/,scrapeme.live,8,luxury,2.2591397584210187,0.0,Short-named budget-mid items
Monferno,86.36,Pokemon Merchandise,,,https://scrapeme.live/wp-content/uploads/2018/08/391-350x350.png,https://scrapeme.live/shop/Monferno/,scrapeme.live,8,premium,1.9363126336621932,0.0,Short-named budget-mid items
Infernape,209.55,Pokemon Merchandise,,,https://scrapeme.live/wp-content/uploads/2018/08/392-350x350.png,https://scrapeme.live/shop/Infernape/,scrapeme.live,9,luxury,2.321287665169863,0.0,Short-named budget-mid items
Prinplup,224.79,Pokemon Merchandise,,,https://scrapeme.live/wp-content/uploads/2018/08/394-350x350.png,https://scrapeme.live/shop/Prinplup/,scrapeme.live,8,luxury,2.3517769873177636,0.0,Short-named budget-mid items
Empoleon,53.34,Pokemon Merchandise,,,https://scrapeme.live/wp-content/uploads/2018/08/395-350x350.png,https://scrapeme.live/shop/Empoleon/,scrapeme.live,8,mid,1.7270530113538574,2.0,Cross-source budget items
Starly,74.93,Pokemon Merchandise,,,https://scrapeme.live/wp-content/uploads/2018/08/396-350x350.png,https://scrapeme.live/shop/Starly/,scrapeme.live,6,premium,1.874655732598101,0.0,Short-named budget-mid items
Staravia,200.66,Pokemon Merchandise,,,https://scrapeme.live/wp-content/uploads/2018/08/397-350x350.png,https://scrapeme.live/shop/Staravia/,scrapeme.live,8,luxury,2.3024608079103794,0.0,Short-named budget-mid items
Staraptor,53.34,Pokemon Merchandise,,,https://scrapeme.live/wp-content/uploads/2018/08/398-350x350.png,https://scrapeme.live/shop/Staraptor/,scrapeme.live,9,mid,1.7270530113538574,2.0,Cross-source budget items
Bidoof,162.56,Pokemon Merchandise,,,https://scrapeme.live/wp-content/uploads/2018/08/399-350x350.png,https://scrapeme.live/shop/Bidoof/,scrapeme.live,6,luxury,2.211013690603825,0.0,Short-named budget-mid items
Bibarel,144.78,Pokemon Merchandise,,,https://scrapeme.live/wp-content/uploads/2018/08/400-350x350.png,https://scrapeme.live/shop/Bibarel/,scrapeme.live,7,premium,2.1607085722924295,0.0,Short-named budget-mid items
Kricketot,119.38,Pokemon Merchandise,,,https://scrapeme.live/wp-content/uploads/2018/08/401-350x350.png,https://scrapeme.live/shop/Kricketot/,scrapeme.live,9,premium,2.0769315745556556,0.0,Short-named budget-mid items
Kricketune,67.31,Pokemon Merchandise,,,https://scrapeme.live/wp-content/uploads/2018/08/402-350x350.png,https://scrapeme.live/shop/Kricketune/,scrapeme.live,10,premium,1.828079590556746,0.0,Short-named budget-mid items
Shinx,189.23,Pokemon Merchandise,,,https://scrapeme.live/wp-content/uploads/2018/08/403-350x350.png,https://scrapeme.live/shop/Shinx/,scrapeme.live,5,luxury,2.276989989368231,0.0,Short-named budget-mid items
Luxio,213.36,Pokemon Merchandise,,,https://scrapeme.live/wp-content/uploads/2018/08/404-350x350.png,https://scrapeme.live/shop/Luxio/,scrapeme.live,5,luxury,2.3291130026818196,0.0,Short-named budget-mid items
Luxray,54.61,Pokemon Merchandise,,,https://scrapeme.live/wp-content/uploads/2018/08/405-350x350.png,https://scrapeme.live/shop/Luxray/,scrapeme.live,6,mid,1.7372721765355434,0.0,Short-named budget-mid items
Budew,217.17,Pokemon Merchandise,,,https://scrapeme.live/wp-content/uploads/2018/08/406-350x350.png,https://scrapeme.live/shop/Budew/,scrapeme.live,5,luxury,2.336799831348111,0.0,Short-named budget-mid items
Roserade,196.85,Pokemon Merchandise,,,https://scrapeme.live/wp-content/uploads/2018/08/407-350x350.png,https://scrapeme.live/shop/Roserade/,scrapeme.live,8,luxury,2.294135419126248,0.0,Short-named budget-mid items
Cranidos,59.69,Pokemon Merchandise,,,https://scrapeme.live/wp-content/uploads/2018/08/408-350x350.png,https://scrapeme.live/shop/Cranidos/,scrapeme.live,8,mid,1.7759015788916743,0.0,Short-named budget-mid items
Rampardos,248.92,Pokemon Merchandise,,,https://scrapeme.live/wp-content/uploads/2018/08/409-350x350.png,https://scrapeme.live/shop/Rampardos/,scrapeme.live,9,luxury,2.3960597923124327,0.0,Short-named budget-mid items
Shieldon,53.34,Pokemon Merchandise,,,https://scrapeme.live/wp-content/uploads/2018/08/410-350x350.png,https://scrapeme.live/shop/Shieldon/,scrapeme.live,8,mid,1.7270530113538574,2.0,Cross-source budget items
Bastiodon,242.57,Pokemon Merchandise,,,https://scrapeme.live/wp-content/uploads/2018/08/411-350x350.png,https://scrapeme.live/shop/Bastiodon/,scrapeme.live,9,luxury,2.3848370882036845,0.0,Short-named budget-mid items
Burmy,115.57,Pokemon Merchandise,,,https://scrapeme.live/wp-content/uploads/2018/08/412-350x350.png,https://scrapeme.live/shop/Burmy/,scrapeme.live,5,premium,2.0628451132770502,0.0,Short-named budget-mid items
Mothim,224.79,Pokemon Merchandise,,,https://scrapeme.live/wp-content/uploads/2018/08/414-350x350.png,https://scrapeme.live/shop/Mothim/,scrapeme.live,6,luxury,2.3517769873177636,0.0,Short-named budget-mid items
Combee,140.97,Pokemon Merchandise,,,https://scrapeme.live/wp-content/uploads/2018/08/415-350x350.png,https://scrapeme.live/shop/Combee/,scrapeme.live,6,premium,2.1491266997426144,0.0,Short-named budget-mid items
Vespiquen,132.08,Pokemon Merchandise,,,https://scrapeme.live/wp-content/uploads/2018/08/416-350x350.png,https://scrapeme.live/shop/Vespiquen/,scrapeme.live,9,premium,2.120837060254737,0.0,Short-named budget-mid items
Pachirisu,191.77,Pokemon Merchandise,,,https://scrapeme.live/wp-content/uploads/2018/08/417-350x350.png,https://scrapeme.live/shop/Pachirisu/,scrapeme.live,9,luxury,2.2827806682491265,0.0,Short-named budget-mid items
Buizel,69.85,Pokemon Merchandise,,,https://scrapeme.live/wp-content/uploads/2018/08/418-350x350.png,https://scrapeme.live/shop/Buizel/,scrapeme.live,6,premium,1.8441664104502007,0.0,Short-named budget-mid items
Floatzel,50.8,Pokemon Merchandise,,,https://scrapeme.live/wp-content/uploads/2018/08/419-350x350.png,https://scrapeme.live/shop/Floatzel/,scrapeme.live,8,mid,1.7058637122839193,2.0,Cross-source budget items
Cherubi,128.27,Pokemon Merchandise,,,https://scrapeme.live/wp-content/uploads/2018/08/420-350x350.png,https://scrapeme.live/shop/Cherubi/,scrapeme.live,7,premium,2.1081250947385994,0.0,Short-named budget-mid items
Cherrim,204.47,Pokemon Merchandise,,,https://scrapeme.live/wp-content/uploads/2018/08/421-350x350.png,https://scrapeme.live/shop/Cherrim/,scrapeme.live,7,luxury,2.310629596987807,0.0,Short-named budget-mid items
Shellos,207.01,Pokemon Merchandise,,,https://scrapeme.live/wp-content/uploads/2018/08/422-350x350.png,https://scrapeme.live/shop/Shellos/,scrapeme.live,7,luxury,2.3159913253599145,0.0,Short-named budget-mid items
Gastrodon,187.96,Pokemon Merchandise,,,https://scrapeme.live/wp-content/uploads/2018/08/423-350x350.png,https://scrapeme.live/shop/Gastrodon/,scrapeme.live,9,luxury,2.2740654363509143,0.0,Short-named budget-mid items
Ambipom,45.72,Pokemon Merchandise,,,https://scrapeme.live/wp-content/uploads/2018/08/424-350x350.png,https://scrapeme.live/shop/Ambipom/,scrapeme.live,7,mid,1.660106221723244,2.0,Cross-source budget items
Drifloon,88.9,Pokemon Merchandise,,,https://scrapeme.live/wp-content/uploads/2018/08/425-350x350.png,https://scrapeme.live/shop/Drifloon/,scrapeme.live,8,premium,1.9489017609702137,0.0,Short-named budget-mid items
Drifblim,45.72,Pokemon Merchandise,,,https://scrapeme.live/wp-content/uploads/2018/08/426-350x350.png,https://scrapeme.live/shop/Drifblim/,scrapeme.live,8,mid,1.660106221723244,2.0,Cross-source budget items
Buneary,228.6,Pokemon Merchandise,,,https://scrapeme.live/wp-content/uploads/2018/08/427-350x350.png,https://scrapeme.live/shop/Buneary/,scrapeme.live,7,luxury,2.359076226059263,0.0,Short-named budget-mid items
Lopunny,156.21,Pokemon Merchandise,,,https://scrapeme.live/wp-content/uploads/2018/08/428-350x350.png,https://scrapeme.live/shop/Lopunny/,scrapeme.live,7,luxury,2.193708832395355,0.0,Short-named budget-mid items
Mismagius,48.26,Pokemon Merchandise,,,https://scrapeme.live/wp-content/uploads/2018/08/429-350x350.png,https://scrapeme.live/shop/Mismagius/,scrapeme.live,9,mid,1.683587317572767,2.0,Cross-source budget items
Honchkrow,59.69,Pokemon Merchandise,,,https://scrapeme.live/wp-content/uploads/2018/08/430-350x350.png,https://scrapeme.live/shop/Honchkrow/,scrapeme.live,9,mid,1.7759015788916743,0.0,Short-named budget-mid items
Glameow,49.53,Pokemon Merchandise,,,https://scrapeme.live/wp-content/uploads/2018/08/431-350x350.png,https://scrapeme.live/shop/Glameow/,scrapeme.live,7,mid,1.6948683279824561,2.0,Cross-source budget items
Purugly,162.56,Pokemon Merchandise,,,https://scrapeme.live/wp-content/uploads/2018/08/432-350x350.png,https://scrapeme.live/shop/Purugly/,scrapeme.live,7,luxury,2.211013690603825,0.0,Short-named budget-mid items
Stunky,134.62,Pokemon Merchandise,,,https://scrapeme.live/wp-content/uploads/2018/08/434-350x350.png,https://scrapeme.live/shop/Stunky/,scrapeme.live,6,premium,2.129109586220727,0.0,Short-named budget-mid items
Skuntank,142.24,Pokemon Merchandise,,,https://scrapeme.live/wp-content/uploads/2018/08/435-350x350.png,https://scrapeme.live/shop/Skuntank/,scrapeme.live,8,premium,2.1530217436261383,0.0,Short-named budget-mid items
Bronzong,139.7,Pokemon Merchandise,,,https://scrapeme.live/wp-content/uploads/2018/08/437-350x350.png,https://scrapeme.live/shop/Bronzong/,scrapeme.live,8,premium,2.1451964061141817,0.0,Short-named budget-mid items
Bonsly,134.62,Pokemon Merchandise,,,https://scrapeme.live/wp-content/uploads/2018/08/438-350x350.png,https://scrapeme.live/shop/Bonsly/,scrapeme.live,6,premium,2.129109586220727,0.0,Short-named budget-mid items
Mime-jr,215.9,Pokemon Merchandise,,,https://scrapeme.live/wp-content/uploads/2018/08/439-350x350.png,https://scrapeme.live/shop/Mime-jr/,scrapeme.live,7,luxury,2.334252642334231,0.0,Short-named budget-mid items
Happiny,85.09,Pokemon Merchandise,,,https://scrapeme.live/wp-content/uploads/2018/08/440-350x350.png,https://scrapeme.live/shop/Happiny/,scrapeme.live,7,premium,1.9298785236567833,0.0,Short-named budget-mid items
Chatot,99.06,Pokemon Merchandise,,,https://scrapeme.live/wp-content/uploads/2018/08/441-350x350.png,https://scrapeme.live/shop/Chatot/,scrapeme.live,6,premium,1.9958983236464374,0.0,Short-named budget-mid items
Spiritomb,209.55,Pokemon Merchandise,,,https://scrapeme.live/wp-content/uploads/2018/08/442-350x350.png,https://scrapeme.live/shop/Spiritomb/,scrapeme.live,9,luxury,2.321287665169863,0.0,Short-named budget-mid items
Gible,246.38,Pokemon Merchandise,,,https://scrapeme.live/wp-content/uploads/2018/08/443-350x350.png,https://scrapeme.live/shop/Gible/,scrapeme.live,5,luxury,2.391605450886183,0.0,Short-named budget-mid items
Gabite,195.58,Pokemon Merchandise,,,https://scrapeme.live/wp-content/uploads/2018/08/444-350x350.png,https://scrapeme.live/shop/Gabite/,scrapeme.live,6,luxury,2.29132444179242,0.0,Short-named budget-mid items
Garchomp,78.74,Pokemon Merchandise,,,https://scrapeme.live/wp-content/uploads/2018/08/445-350x350.png,https://scrapeme.live/shop/Garchomp/,scrapeme.live,8,premium,1.8961954104542107,0.0,Short-named budget-mid items
Munchlax,241.3,Pokemon Merchandise,,,https://scrapeme.live/wp-content/uploads/2018/08/446-350x350.png,https://scrapeme.live/shop/Munchlax/,scrapeme.live,8,luxury,2.3825573219087857,0.0,Short-named budget-mid items
Riolu,88.9,Pokemon Merchandise,,,https://scrapeme.live/wp-content/uploads/2018/08/447-350x350.png,https://scrapeme.live/shop/Riolu/,scrapeme.live,5,premium,1.9489017609702137,0.0,Short-named budget-mid items
Lucario,129.54,Pokemon Merchandise,,,https://scrapeme.live/wp-content/uploads/2018/08/448-350x350.png,https://scrapeme.live/shop/Lucario/,scrapeme.live,7,premium,2.1124038927178743,0.0,Short-named budget-mid items
Hippopotas,240.03,Pokemon Merchandise,,,https://scrapeme.live/wp-content/uploads/2018/08/449-350x350.png,https://scrapeme.live/shop/Hippopotas/,scrapeme.live,10,luxury,2.380265525129201,0.0,Short-named budget-mid items
Hippowdon,177.8,Pokemon Merchandise,,,https://scrapeme.live/wp-content/uploads/2018/08/450-350x350.png,https://scrapeme.live/shop/Hippowdon/,scrapeme.live,9,luxury,2.249931756634195,0.0,Short-named budget-mid items
Skorupi,64.77,Pokemon Merchandise,,,https://scrapeme.live/wp-content/uploads/2018/08/451-350x350.png,https://scrapeme.live/shop/Skorupi/,scrapeme.live,7,premium,1.8113738970538933,0.0,Short-named budget-mid items
Drapion,91.44,Pokemon Merchandise,,,https://scrapeme.live/wp-content/uploads/2018/08/452-350x350.png,https://scrapeme.live/shop/Drapion/,scrapeme.live,7,premium,1.9611362173872253,0.0,Short-named budget-mid items
Croagunk,184.15,Pokemon Merchandise,,,https://scrapeme.live/wp-content/uploads/2018/08/453-350x350.png,https://scrapeme.live/shop/Croagunk/,scrapeme.live,8,luxury,2.2651717231909316,0.0,Short-named budget-mid items
Toxicroak,184.15,Pokemon Merchandise,,,https://scrapeme.live/wp-content/uploads/2018/08/454-350x350.png,https://scrapeme.live/shop/Toxicroak/,scrapeme.live,9,luxury,2.2651717231909316,0.0,Short-named budget-mid items
Carnivine,76.2,Pokemon Merchandise,,,https://scrapeme.live/wp-content/uploads/2018/08/455-350x350.png,https://scrapeme.live/shop/Carnivine/,scrapeme.live,9,premium,1.8819549713396004,0.0,Short-named budget-mid items
Finneon,218.44,Pokemon Merchandise,,,https://scrapeme.live/wp-content/uploads/2018/08/456-350x350.png,https://scrapeme.live/shop/Finneon/,scrapeme.live,7,luxury,2.339332167863506,0.0,Short-named budget-mid items
Lumineon,91.44,Pokemon Merchandise,,,https://scrapeme.live/wp-content/uploads/2018/08/457-350x350.png,https://scrapeme.live/shop/Lumineon/,scrapeme.live,8,premium,1.9611362173872253,0.0,Short-named budget-mid items
Mantyke,153.67,Pokemon Merchandise,,,https://scrapeme.live/wp-content/uploads/2018/08/458-350x350.png,https://scrapeme.live/shop/Mantyke/,scrapeme.live,7,luxury,2.186589091272407,0.0,Short-named budget-mid items
Snover,132.08,Pokemon Merchandise,,,https://scrapeme.live/wp-content/uploads/2018/08/459-350x350.png,https://scrapeme.live/shop/Snover/,scrapeme.live,6,premium,2.120837060254737,0.0,Short-named budget-mid items
Abomasnow,58.42,Pokemon Merchandise,,,https://scrapeme.live/wp-content/uploads/2018/08/460-350x350.png,https://scrapeme.live/shop/Abomasnow/,scrapeme.live,9,mid,1.766561552637531,0.0,Short-named budget-mid items
Magnezone,241.3,Pokemon Merchandise,,,https://scrapeme.live/wp-content/uploads/2018/08/462-350x350.png,https://scrapeme.live/shop/Magnezone/,scrapeme.live,9,luxury,2.3825573219087857,0.0,Short-named budget-mid items
Lickilicky,128.27,Pokemon Merchandise,,,https://scrapeme.live/wp-content/uploads/2018/08/463-350x350.png,https://scrapeme.live/shop/Lickilicky/,scrapeme.live,10,premium,2.1081250947385994,0.0,Short-named budget-mid items
Rhyperior,100.33,Pokemon Merchandise,,,https://scrapeme.live/wp-content/uploads/2018/08/464-350x350.png,https://scrapeme.live/shop/Rhyperior/,scrapeme.live,9,premium,2.001430812246398,0.0,Short-named budget-mid items
Tangrowth,137.16,Pokemon Merchandise,,,https://scrapeme.live/wp-content/uploads/2018/08/465-350x350.png,https://scrapeme.live/shop/Tangrowth/,scrapeme.live,9,premium,2.1372274764429067,0.0,Short-named budget-mid items
Electivire,77.47,Pokemon Merchandise,,,https://scrapeme.live/wp-content/uploads/2018/08/466-350x350.png,https://scrapeme.live/shop/Electivire/,scrapeme.live,10,premium,1.889133555966724,0.0,Short-named budget-mid items
Magmortar,254.0,Pokemon Merchandise,,,https://scrapeme.live/wp-content/uploads/2018/08/467-350x350.png,https://scrapeme.live/shop/Magmortar/,scrapeme.live,9,luxury,2.404833716619938,0.0,Short-named budget-mid items
Togekiss,200.66,Pokemon Merchandise,,,https://scrapeme.live/wp-content/uploads/2018/08/468-350x350.png,https://scrapeme.live/shop/Togekiss/,scrapeme.live,8,luxury,2.3024608079103794,0.0,Short-named budget-mid items
Yanmega,153.67,Pokemon Merchandise,,,https://scrapeme.live/wp-content/uploads/2018/08/469-350x350.png,https://scrapeme.live/shop/Yanmega/,scrapeme.live,7,luxury,2.186589091272407,0.0,Short-named budget-mid items
Leafeon,118.11,Pokemon Merchandise,,,https://scrapeme.live/wp-content/uploads/2018/08/470-350x350.png,https://scrapeme.live/shop/Leafeon/,scrapeme.live,7,premium,2.072286669509892,0.0,Short-named budget-mid items
Glaceon,180.34,Pokemon Merchandise,,,https://scrapeme.live/wp-content/uploads/2018/08/471-350x350.png,https://scrapeme.live/shop/Glaceon/,scrapeme.live,7,luxury,2.2560920653390135,0.0,Short-named budget-mid items
Gliscor,35.56,Pokemon Merchandise,,,https://scrapeme.live/wp-content/uploads/2018/08/472-350x350.png,https://scrapeme.live/shop/Gliscor/,scrapeme.live,7,mid,1.550961752298176,2.0,Cross-source budget items
Mamoswine,132.08,Pokemon Merchandise,,,https://scrapeme.live/wp-content/uploads/2018/08/473-350x350.png,https://scrapeme.live/shop/Mamoswine/,scrapeme.live,9,premium,2.120837060254737,0.0,Short-named budget-mid items
Gallade,189.23,Pokemon Merchandise,,,https://scrapeme.live/wp-content/uploads/2018/08/475-350x350.png,https://scrapeme.live/shop/Gallade/,scrapeme.live,7,luxury,2.276989989368231,0.0,Short-named budget-mid items
Probopass,229.87,Pokemon Merchandise,,,https://scrapeme.live/wp-content/uploads/2018/08/476-350x350.png,https://scrapeme.live/shop/Probopass/,scrapeme.live,9,luxury,2.3614822958251414,0.0,Short-named budget-mid items
Dusknoir,200.66,Pokemon Merchandise,,,https://scrapeme.live/wp-content/uploads/2018/08/477-350x350.png,https://scrapeme.live/shop/Dusknoir/,scrapeme.live,8,luxury,2.3024608079103794,0.0,Short-named budget-mid items
Froslass,109.22,Pokemon Merchandise,,,https://scrapeme.live/wp-content/uploads/2018/08/478-350x350.png,https://scrapeme.live/shop/Froslass/,scrapeme.live,8,premium,2.0383021721995247,0.0,Short-named budget-mid items
Rotom,53.34,Pokemon Merchandise,,,https://scrapeme.live/wp-content/uploads/2018/08/479-350x350.png,https://scrapeme.live/shop/Rotom/,scrapeme.live,5,mid,1.7270530113538574,0.0,Short-named budget-mid items
Uxie,254.0,Pokemon Merchandise,,,https://scrapeme.live/wp-content/uploads/2018/08/480-350x350.png,https://scrapeme.live/shop/Uxie/,scrapeme.live,4,luxury,2.404833716619938,0.0,Short-named budget-mid items
Mesprit,31.75,Pokemon Merchandise,,,https://scrapeme.live/wp-content/uploads/2018/08/481-350x350.png,https://scrapeme.live/shop/Mesprit/,scrapeme.live,7,mid,1.5017437296279945,2.0,Cross-source budget items
Azelf,40.64,Pokemon Merchandise,,,https://scrapeme.live/wp-content/uploads/2018/08/482-350x350.png,https://scrapeme.live/shop/Azelf/,scrapeme.live,5,mid,1.6089536992758628,2.0,Cross-source budget items
Dialga,227.33,Pokemon Merchandise,,,https://scrapeme.live/wp-content/uploads/2018/08/483-350x350.png,https://scrapeme.live/shop/Dialga/,scrapeme.live,6,luxury,2.35665675193585,0.0,Short-named budget-mid items
Palkia,191.77,Pokemon Merchandise,,,https://scrapeme.live/wp-content/uploads/2018/08/484-350x350.png,https://scrapeme.live/shop/Palkia/,scrapeme.live,6,luxury,2.2827806682491265,0.0,Short-named budget-mid items
Heatran,180.34,Pokemon Merchandise,,,https://scrapeme.live/wp-content/uploads/2018/08/485-350x350.png,https://scrapeme.live/shop/Heatran/,scrapeme.live,7,luxury,2.2560920653390135,0.0,Short-named budget-mid items
Regigigas,97.79,Pokemon Merchandise,,,https://scrapeme.live/wp-content/uploads/2018/08/486-350x350.png,https://scrapeme.live/shop/Regigigas/,scrapeme.live,9,premium,1.9902944461284389,0.0,Short-named budget-mid items
Cresselia,43.18,Pokemon Merchandise,,,https://scrapeme.live/wp-content/uploads/2018/08/488-350x350.png,https://scrapeme.live/shop/Cresselia/,scrapeme.live,9,mid,1.635282637998212,2.0,Cross-source budget items
Phione,196.85,Pokemon Merchandise,,,https://scrapeme.live/wp-content/uploads/2018/08/489-350x350.png,https://scrapeme.live/shop/Phione/,scrapeme.live,6,luxury,2.294135419126248,0.0,Short-named budget-mid items
Manaphy,93.98,Pokemon Merchandise,,,https://scrapeme.live/wp-content/uploads/2018/08/490-350x350.png,https://scrapeme.live/shop/Manaphy/,scrapeme.live,7,premium,1.973035440686933,0.0,Short-named budget-mid items
Darkrai,74.93,Pokemon Merchandise,,,https://scrapeme.live/wp-content/uploads/2018/08/491-350x350.png,https://scrapeme.live/shop/Darkrai/,scrapeme.live,7,premium,1.874655732598101,0.0,Short-named budget-mid items
Arceus,67.31,Pokemon Merchandise,,,https://scrapeme.live/wp-content/uploads/2018/08/493-350x350.png,https://scrapeme.live/shop/Arceus/,scrapeme.live,6,premium,1.828079590556746,0.0,Short-named budget-mid items
Victini,138.43,Pokemon Merchandise,,,https://scrapeme.live/wp-content/uploads/2018/08/494-350x350.png,https://scrapeme.live/shop/Victini/,scrapeme.live,7,premium,2.1412302188965806,0.0,Short-named budget-mid items
Snivy,129.54,Pokemon Merchandise,,,https://scrapeme.live/wp-content/uploads/2018/08/495-350x350.png,https://scrapeme.live/shop/Snivy/,scrapeme.live,5,premium,2.1124038927178743,0.0,Short-named budget-mid items
Servine,195.58,Pokemon Merchandise,,,https://scrapeme.live/wp-content/uploads/2018/08/496-350x350.png,https://scrapeme.live/shop/Servine/,scrapeme.live,7,luxury,2.29132444179242,0.0,Short-named budget-mid items
Serperior,111.76,Pokemon Merchandise,,,https://scrapeme.live/wp-content/uploads/2018/08/497-350x350.png,https://scrapeme.live/shop/Serperior/,scrapeme.live,9,premium,2.0482863931061255,0.0,Short-named budget-mid items
Tepig,247.65,Pokemon Merchandise,,,https://scrapeme.live/wp-content/uploads/2018/08/498-350x350.png,https://scrapeme.live/shop/Tepig/,scrapeme.live,5,luxury,2.393838332318475,0.0,Short-named budget-mid items
Pignite,189.23,Pokemon Merchandise,,,https://scrapeme.live/wp-content/uploads/2018/08/499-350x350.png,https://scrapeme.live/shop/Pignite/,scrapeme.live,7,luxury,2.276989989368231,0.0,Short-named budget-mid items
Emboar,40.64,Pokemon Merchandise,,,https://scrapeme.live/wp-content/uploads/2018/08/500-350x350.png,https://scrapeme.live/shop/Emboar/,scrapeme.live,6,mid,1.6089536992758628,2.0,Cross-source budget items
Oshawott,246.38,Pokemon Merchandise,,,https://scrapeme.live/wp-content/uploads/2018/08/501-350x350.png,https://scrapeme.live/shop/Oshawott/,scrapeme.live,8,luxury,2.391605450886183,0.0,Short-named budget-mid items
Dewott,72.39,Pokemon Merchandise,,,https://scrapeme.live/wp-content/uploads/2018/08/502-350x350.png,https://scrapeme.live/shop/Dewott/,scrapeme.live,6,premium,1.8596785766284483,0.0,Short-named budget-mid items
Samurott,134.62,Pokemon Merchandise,,,https://scrapeme.live/wp-content/uploads/2018/08/503-350x350.png,https://scrapeme.live/shop/Samurott/,scrapeme.live,8,premium,2.129109586220727,0.0,Short-named budget-mid items
Patrat,147.32,Pokemon Merchandise,,,https://scrapeme.live/wp-content/uploads/2018/08/504-350x350.png,https://scrapeme.live/shop/Patrat/,scrapeme.live,6,premium,2.1682617101828754,0.0,Short-named budget-mid items
Watchog,179.07,Pokemon Merchandise,,,https://scrapeme.live/wp-content/uploads/2018/08/505-350x350.png,https://scrapeme.live/shop/Watchog/,scrapeme.live,7,luxury,2.253022833611337,0.0,Short-named budget-mid items
Lillipup,35.56,Pokemon Merchandise,,,https://scrapeme.live/wp-content/uploads/2018/08/506-350x350.png,https://scrapeme.live/shop/Lillipup/,scrapeme.live,8,mid,1.550961752298176,2.0,Cross-source budget items
Herdier,208.28,Pokemon Merchandise,,,https://scrapeme.live/wp-content/uploads/2018/08/507-350x350.png,https://scrapeme.live/shop/Herdier/,scrapeme.live,7,luxury,2.3186475690036548,0.0,Short-named budget-mid items
Stoutland,46.99,Pokemon Merchandise,,,https://scrapeme.live/wp-content/uploads/2018/08/508-350x350.png,https://scrapeme.live/shop/Stoutland/,scrapeme.live,9,mid,1.6720054450229518,2.0,Cross-source budget items
Purrloin,212.09,Pokemon Merchandise,,,https://scrapeme.live/wp-content/uploads/2018/08/509-350x350.png,https://scrapeme.live/shop/Purrloin/,scrapeme.live,8,luxury,2.32652019210354,0.0,Short-named budget-mid items
Liepard,132.08,Pokemon Merchandise,,,https://scrapeme.live/wp-content/uploads/2018/08/510-350x350.png,https://scrapeme.live/shop/Liepard/,scrapeme.live,7,premium,2.120837060254737,0.0,Short-named budget-mid items
Pansage,250.19,Pokemon Merchandise,,,https://scrapeme.live/wp-content/uploads/2018/08/511-350x350.png,https://scrapeme.live/shop/Pansage/,scrapeme.live,7,luxury,2.3982699471175497,0.0,Short-named budget-mid items
Simisage,124.46,Pokemon Merchandise,,,https://scrapeme.live/wp-content/uploads/2018/08/512-350x350.png,https://scrapeme.live/shop/Simisage/,scrapeme.live,8,premium,2.095029796648452,0.0,Short-named budget-mid items
Pansear,246.38,Pokemon Merchandise,,,https://scrapeme.live/wp-content/uploads/2018/08/513-350x350.png,https://scrapeme.live/shop/Pansear/,scrapeme.live,7,luxury,2.391605450886183,0.0,Short-named budget-mid items
Simisear,48.26,Pokemon Merchandise,,,https://scrapeme.live/wp-content/uploads/2018/08/514-350x350.png,https://scrapeme.live/shop/Simisear/,scrapeme.live,8,mid,1.683587317572767,2.0,Cross-source budget items
Panpour,66.04,Pokemon Merchandise,,,https://scrapeme.live/wp-content/uploads/2018/08/515-350x350.png,https://scrapeme.live/shop/Panpour/,scrapeme.live,7,premium,1.819807064590756,0.0,Short-named budget-mid items
Simipour,77.47,Pokemon Merchandise,,,https://scrapeme.live/wp-content/uploads/2018/08/516-350x350.png,https://scrapeme.live/shop/Simipour/,scrapeme.live,8,premium,1.889133555966724,0.0,Short-named budget-mid items
Munna,218.44,Pokemon Merchandise,,,https://scrapeme.live/wp-content/uploads/2018/08/517-350x350.png,https://scrapeme.live/shop/Munna/,scrapeme.live,5,luxury,2.339332167863506,0.0,Short-named budget-mid items
Musharna,73.66,Pokemon Merchandise,,,https://scrapeme.live/wp-content/uploads/2018/08/518-350x350.png,https://scrapeme.live/shop/Musharna/,scrapeme.live,8,premium,1.8672317145188941,0.0,Short-named budget-mid items
Pidove,218.44,Pokemon Merchandise,,,https://scrapeme.live/wp-content/uploads/2018/08/519-350x350.png,https://scrapeme.live/shop/Pidove/,scrapeme.live,6,luxury,2.339332167863506,0.0,Short-named budget-mid items
Tranquill,252.73,Pokemon Merchandise,,,https://scrapeme.live/wp-content/uploads/2018/08/520-350x350.png,https://scrapeme.live/shop/Tranquill/,scrapeme.live,9,luxury,2.4026567973656636,0.0,Short-named budget-mid items
Unfezant,171.45,Pokemon Merchandise,,,https://scrapeme.live/wp-content/uploads/2018/08/521-350x350.png,https://scrapeme.live/shop/Unfezant/,scrapeme.live,8,luxury,2.234137489450963,0.0,Short-named budget-mid items
Zebstrika,175.26,Pokemon Merchandise,,,https://scrapeme.live/wp-content/uploads/2018/08/523-350x350.png,https://scrapeme.live/shop/Zebstrika/,scrapeme.live,9,luxury,2.2436828073571933,0.0,Short-named budget-mid items
Roggenrola,52.07,Pokemon Merchandise,,,https://scrapeme.live/wp-content/uploads/2018/08/524-350x350.png,https://scrapeme.live/shop/Roggenrola/,scrapeme.live,10,mid,1.7165875776756923,2.0,Cross-source budget items
Boldore,96.52,Pokemon Merchandise,,,https://scrapeme.live/wp-content/uploads/2018/08/525-350x350.png,https://scrapeme.live/shop/Boldore/,scrapeme.live,7,premium,1.9846173132367482,0.0,Short-named budget-mid items
Gigalith,85.09,Pokemon Merchandise,,,https://scrapeme.live/wp-content/uploads/2018/08/526-350x350.png,https://scrapeme.live/shop/Gigalith/,scrapeme.live,8,premium,1.9298785236567833,0.0,Short-named budget-mid items
Woobat,34.29,Pokemon Merchandise,,,https://scrapeme.live/wp-content/uploads/2018/08/527-350x350.png,https://scrapeme.live/shop/Woobat/,scrapeme.live,6,mid,1.5351674851149442,2.0,Cross-source budget items
Swoobat,62.23,Pokemon Merchandise,,,https://scrapeme.live/wp-content/uploads/2018/08/528-350x350.png,https://scrapeme.live/shop/Swoobat/,scrapeme.live,7,premium,1.7939998009844704,0.0,Short-named budget-mid items
Drilbur,167.64,Pokemon Merchandise,,,https://scrapeme.live/wp-content/uploads/2018/08/529-350x350.png,https://scrapeme.live/shop/Drilbur/,scrapeme.live,7,luxury,2.224377652161807,0.0,Short-named budget-mid items
Excadrill,45.72,Pokemon Merchandise,,,https://scrapeme.live/wp-content/uploads/2018/08/530-350x350.png,https://scrapeme.live/shop/Excadrill/,scrapeme.live,9,mid,1.660106221723244,2.0,Cross-source budget items
Audino,120.65,Pokemon Merchandise,,,https://scrapeme.live/wp-content/uploads/2018/08/531-350x350.png,https://scrapeme.live/shop/Audino/,scrapeme.live,6,premium,2.081527326244805,0.0,Short-named budget-mid items
Timburr,246.38,Pokemon Merchandise,,,https://scrapeme.live/wp-content/uploads/2018/08/532-350x350.png,https://scrapeme.live/shop/Timburr/,scrapeme.live,7,luxury,2.391605450886183,0.0,Short-named budget-mid items
Gurdurr,227.33,Pokemon Merchandise,,,https://scrapeme.live/wp-content/uploads/2018/08/533-350x350.png,https://scrapeme.live/shop/Gurdurr/,scrapeme.live,7,luxury,2.35665675193585,0.0,Short-named budget-mid items
Conkeldurr,91.44,Pokemon Merchandise,,,https://scrapeme.live/wp-content/uploads/2018/08/534-350x350.png,https://scrapeme.live/shop/Conkeldurr/,scrapeme.live,10,premium,1.9611362173872253,0.0,Short-named budget-mid items
Palpitoad,148.59,Pokemon Merchandise,,,https://scrapeme.live/wp-content/uploads/2018/08/536-350x350.png,https://scrapeme.live/shop/Palpitoad/,scrapeme.live,9,premium,2.1719895827021185,0.0,Short-named budget-mid items
Seismitoad,114.3,Pokemon Merchandise,,,https://scrapeme.live/wp-content/uploads/2018/08/537-350x350.png,https://scrapeme.live/shop/Seismitoad/,scrapeme.live,10,premium,2.0580462303952816,0.0,Short-named budget-mid items
Throh,54.61,Pokemon Merchandise,,,https://scrapeme.live/wp-content/uploads/2018/08/538-350x350.png,https://scrapeme.live/shop/Throh/,scrapeme.live,5,mid,1.7372721765355434,0.0,Short-named budget-mid items
Sawk,163.83,Pokemon Merchandise,,,https://scrapeme.live/wp-content/uploads/2018/08/539-350x350.png,https://scrapeme.live/shop/Sawk/,scrapeme.live,4,luxury,2.214393431255206,0.0,Short-named budget-mid items
Sewaddle,50.8,Pokemon Merchandise,,,https://scrapeme.live/wp-content/uploads/2018/08/540-350x350.png,https://scrapeme.live/shop/Sewaddle/,scrapeme.live,8,mid,1.7058637122839193,2.0,Cross-source budget items
Swadloon,135.89,Pokemon Merchandise,,,https://scrapeme.live/wp-content/uploads/2018/08/541-350x350.png,https://scrapeme.live/shop/Swadloon/,scrapeme.live,8,premium,2.1331874986411665,0.0,Short-named budget-mid items
Leavanny,165.1,Pokemon Merchandise,,,https://scrapeme.live/wp-content/uploads/2018/08/542-350x350.png,https://scrapeme.live/shop/Leavanny/,scrapeme.live,8,luxury,2.2177470732627937,0.0,Short-named budget-mid items
Venipede,110.49,Pokemon Merchandise,,,https://scrapeme.live/wp-content/uploads/2018/08/543-350x350.png,https://scrapeme.live/shop/Venipede/,scrapeme.live,8,premium,2.0433229735745755,0.0,Short-named budget-mid items
Whirlipede,106.68,Pokemon Merchandise,,,https://scrapeme.live/wp-content/uploads/2018/08/544-350x350.png,https://scrapeme.live/shop/Whirlipede/,scrapeme.live,10,premium,2.0280830070178384,0.0,Short-named budget-mid items
Scolipede,194.31,Pokemon Merchandise,,,https://scrapeme.live/wp-content/uploads/2018/08/545-350x350.png,https://scrapeme.live/shop/Scolipede/,scrapeme.live,9,luxury,2.2884951517735557,0.0,Short-named budget-mid items
Cottonee,97.79,Pokemon Merchandise,,,https://scrapeme.live/wp-content/uploads/2018/08/546-350x350.png,https://scrapeme.live/shop/Cottonee/,scrapeme.live,8,premium,1.9902944461284389,0.0,Short-named budget-mid items
Whimsicott,33.02,Pokemon Merchandise,,,https://scrapeme.live/wp-content/uploads/2018/08/547-350x350.png,https://scrapeme.live/shop/Whimsicott/,scrapeme.live,10,mid,1.5187770689267748,2.0,Cross-source budget items
Petilil,149.86,Pokemon Merchandise,,,https://scrapeme.live/wp-content/uploads/2018/08/548-350x350.png,https://scrapeme.live/shop/Petilil/,scrapeme.live,7,premium,2.1756857282620823,0.0,Short-named budget-mid items
Lilligant,173.99,Pokemon Merchandise,,,https://scrapeme.live/wp-content/uploads/2018/08/549-350x350.png,https://scrapeme.live/shop/Lilligant/,scrapeme.live,9,luxury,2.2405242881123635,0.0,Short-named budget-mid items
Sandile,172.72,Pokemon Merchandise,,,https://scrapeme.live/wp-content/uploads/2018/08/551-350x350.png,https://scrapeme.live/shop/Sandile/,scrapeme.live,7,luxury,2.2373426293261742,0.0,Short-named budget-mid items
Krokorok,171.45,Pokemon Merchandise,,,https://scrapeme.live/wp-content/uploads/2018/08/552-350x350.png,https://scrapeme.live/shop/Krokorok/,scrapeme.live,8,luxury,2.234137489450963,0.0,Short-named budget-mid items
Krookodile,234.95,Pokemon Merchandise,,,https://scrapeme.live/wp-content/uploads/2018/08/553-350x350.png,https://scrapeme.live/shop/Krookodile/,scrapeme.live,10,luxury,2.3709754493589705,0.0,Short-named budget-mid items
Darumaka,134.62,Pokemon Merchandise,,,https://scrapeme.live/wp-content/uploads/2018/08/554-350x350.png,https://scrapeme.live/shop/Darumaka/,scrapeme.live,8,premium,2.129109586220727,0.0,Short-named budget-mid items
Maractus,39.37,Pokemon Merchandise,,,https://scrapeme.live/wp-content/uploads/2018/08/556-350x350.png,https://scrapeme.live/shop/Maractus/,scrapeme.live,8,mid,1.5951654147902294,2.0,Cross-source budget items
Dwebble,95.25,Pokemon Merchandise,,,https://scrapeme.live/wp-content/uploads/2018/08/557-350x350.png,https://scrapeme.live/shop/Dwebble/,scrapeme.live,7,premium,1.978864984347657,0.0,Short-named budget-mid items
Crustle,133.35,Pokemon Merchandise,,,https://scrapeme.live/wp-content/uploads/2018/08/558-350x350.png,https://scrapeme.live/shop/Crustle/,scrapeme.live,7,premium,2.124993020025895,0.0,Short-named budget-mid items
Scraggy,142.24,Pokemon Merchandise,,,https://scrapeme.live/wp-content/uploads/2018/08/559-350x350.png,https://scrapeme.live/shop/Scraggy/,scrapeme.live,7,premium,2.1530217436261383,0.0,Short-named budget-mid items
Scrafty,173.99,Pokemon Merchandise,,,https://scrapeme.live/wp-content/uploads/2018/08/560-350x350.png,https://scrapeme.live/shop/Scrafty/,scrapeme.live,7,luxury,2.2405242881123635,0.0,Short-named budget-mid items
Sigilyph,86.36,Pokemon Merchandise,,,https://scrapeme.live/wp-content/uploads/2018/08/561-350x350.png,https://scrapeme.live/shop/Sigilyph/,scrapeme.live,8,premium,1.9363126336621932,0.0,Short-named budget-mid items
Yamask,217.17,Pokemon Merchandise,,,https://scrapeme.live/wp-content/uploads/2018/08/562-350x350.png,https://scrapeme.live/shop/Yamask/,scrapeme.live,6,luxury,2.336799831348111,0.0,Short-named budget-mid items
Cofagrigus,203.2,Pokemon Merchandise,,,https://scrapeme.live/wp-content/uploads/2018/08/563-350x350.png,https://scrapeme.live/shop/Cofagrigus/,scrapeme.live,10,luxury,2.307923703611882,0.0,Short-named budget-mid items
Tirtouga,76.2,Pokemon Merchandise,,,https://scrapeme.live/wp-content/uploads/2018/08/564-350x350.png,https://scrapeme.live/shop/Tirtouga/,scrapeme.live,8,premium,1.8819549713396004,0.0,Short-named budget-mid items
Carracosta,200.66,Pokemon Merchandise,,,https://scrapeme.live/wp-content/uploads/2018/08/565-350x350.png,https://scrapeme.live/shop/Carracosta/,scrapeme.live,10,luxury,2.3024608079103794,0.0,Short-named budget-mid items
Archen,177.8,Pokemon Merchandise,,,https://scrapeme.live/wp-content/uploads/2018/08/566-350x350.png,https://scrapeme.live/shop/Archen/,scrapeme.live,6,luxury,2.249931756634195,0.0,Short-named budget-mid items
Archeops,160.02,Pokemon Merchandise,,,https://scrapeme.live/wp-content/uploads/2018/08/567-350x350.png,https://scrapeme.live/shop/Archeops/,scrapeme.live,8,luxury,2.2041742660735197,0.0,Short-named budget-mid items
Trubbish,214.63,Pokemon Merchandise,,,https://scrapeme.live/wp-content/uploads/2018/08/568-350x350.png,https://scrapeme.live/shop/Trubbish/,scrapeme.live,8,luxury,2.3316904255696302,0.0,Short-named budget-mid items
Garbodor,226.06,Pokemon Merchandise,,,https://scrapeme.live/wp-content/uploads/2018/08/569-350x350.png,https://scrapeme.live/shop/Garbodor/,scrapeme.live,8,luxury,2.354223723264851,0.0,Short-named budget-mid items
Zorua,102.87,Pokemon Merchandise,,,https://scrapeme.live/wp-content/uploads/2018/08/570-350x350.png,https://scrapeme.live/shop/Zorua/,scrapeme.live,5,premium,2.0122887398346068,0.0,Short-named budget-mid items
Minccino,100.33,Pokemon Merchandise,,,https://scrapeme.live/wp-content/uploads/2018/08/572-350x350.png,https://scrapeme.live/shop/Minccino/,scrapeme.live,8,premium,2.001430812246398,0.0,Short-named budget-mid items
Cinccino,195.58,Pokemon Merchandise,,,https://scrapeme.live/wp-content/uploads/2018/08/573-350x350.png,https://scrapeme.live/shop/Cinccino/,scrapeme.live,8,luxury,2.29132444179242,0.0,Short-named budget-mid items
Gothita,86.36,Pokemon Merchandise,,,https://scrapeme.live/wp-content/uploads/2018/08/574-350x350.png,https://scrapeme.live/shop/Gothita/,scrapeme.live,7,premium,1.9363126336621932,0.0,Short-named budget-mid items
Gothorita,240.03,Pokemon Merchandise,,,https://scrapeme.live/wp-content/uploads/2018/08/575-350x350.png,https://scrapeme.live/shop/Gothorita/,scrapeme.live,9,luxury,2.380265525129201,0.0,Short-named budget-mid items
Gothitelle,208.28,Pokemon Merchandise,,,https://scrapeme.live/wp-content/uploads/2018/08/576-350x350.png,https://scrapeme.live/shop/Gothitelle/,scrapeme.live,10,luxury,2.3186475690036548,0.0,Short-named budget-mid items
Solosis,170.18,Pokemon Merchandise,,,https://scrapeme.live/wp-content/uploads/2018/08/577-350x350.png,https://scrapeme.live/shop/Solosis/,scrapeme.live,7,luxury,2.2309085193207645,0.0,Short-named budget-mid items
Duosion,90.17,Pokemon Merchandise,,,https://scrapeme.live/wp-content/uploads/2018/08/578-350x350.png,https://scrapeme.live/shop/Duosion/,scrapeme.live,7,premium,1.9550620696750323,0.0,Short-named budget-mid items
Reuniclus,213.36,Pokemon Merchandise,,,https://scrapeme.live/wp-content/uploads/2018/08/579-350x350.png,https://scrapeme.live/shop/Reuniclus/,scrapeme.live,9,luxury,2.3291130026818196,0.0,Short-named budget-mid items
Ducklett,201.93,Pokemon Merchandise,,,https://scrapeme.live/wp-content/uploads/2018/08/580-350x350.png,https://scrapeme.live/shop/Ducklett/,scrapeme.live,8,luxury,2.3052008452764086,0.0,Short-named budget-mid items
Swanna,45.72,Pokemon Merchandise,,,https://scrapeme.live/wp-content/uploads/2018/08/581-350x350.png,https://scrapeme.live/shop/Swanna/,scrapeme.live,6,mid,1.660106221723244,2.0,Cross-source budget items
Vanillite,137.16,Pokemon Merchandise,,,https://scrapeme.live/wp-content/uploads/2018/08/582-350x350.png,https://scrapeme.live/shop/Vanillite/,scrapeme.live,9,premium,2.1372274764429067,0.0,Short-named budget-mid items
Vanillish,118.11,Pokemon Merchandise,,,https://scrapeme.live/wp-content/uploads/2018/08/583-350x350.png,https://scrapeme.live/shop/Vanillish/,scrapeme.live,9,premium,2.072286669509892,0.0,Short-named budget-mid items
Vanilluxe,113.03,Pokemon Merchandise,,,https://scrapeme.live/wp-content/uploads/2018/08/584-350x350.png,https://scrapeme.live/shop/Vanilluxe/,scrapeme.live,9,premium,2.0531937276008696,0.0,Short-named budget-mid items
Deerling,179.07,Pokemon Merchandise,,,https://scrapeme.live/wp-content/uploads/2018/08/585-350x350.png,https://scrapeme.live/shop/Deerling/,scrapeme.live,8,luxury,2.253022833611337,0.0,Short-named budget-mid items
Sawsbuck,96.52,Pokemon Merchandise,,,https://scrapeme.live/wp-content/uploads/2018/08/586-350x350.png,https://scrapeme.live/shop/Sawsbuck/,scrapeme.live,8,premium,1.9846173132367482,0.0,Short-named budget-mid items
Karrablast,52.07,Pokemon Merchandise,,,https://scrapeme.live/wp-content/uploads/2018/08/588-350x350.png,https://scrapeme.live/shop/Karrablast/,scrapeme.live,10,mid,1.7165875776756923,2.0,Cross-source budget items
Escavalier,240.03,Pokemon Merchandise,,,https://scrapeme.live/wp-content/uploads/2018/08/589-350x350.png,https://scrapeme.live/shop/Escavalier/,scrapeme.live,10,luxury,2.380265525129201,0.0,Short-named budget-mid items
Foongus,163.83,Pokemon Merchandise,,,https://scrapeme.live/wp-content/uploads/2018/08/590-350x350.png,https://scrapeme.live/shop/Foongus/,scrapeme.live,7,luxury,2.214393431255206,0.0,Short-named budget-mid items
Frillish,80.01,Pokemon Merchandise,,,https://scrapeme.live/wp-content/uploads/2018/08/592-350x350.png,https://scrapeme.live/shop/Frillish/,scrapeme.live,8,premium,1.9031442704095387,0.0,Short-named budget-mid items
Jellicent,144.78,Pokemon Merchandise,,,https://scrapeme.live/wp-content/uploads/2018/08/593-350x350.png,https://scrapeme.live/shop/Jellicent/,scrapeme.live,9,premium,2.1607085722924295,0.0,Short-named budget-mid items
Alomomola,44.45,Pokemon Merchandise,,,https://scrapeme.live/wp-content/uploads/2018/08/594-350x350.png,https://scrapeme.live/shop/Alomomola/,scrapeme.live,9,mid,1.6478717653062325,2.0,Cross-source budget items
Joltik,74.93,Pokemon Merchandise,,,https://scrapeme.live/wp-content/uploads/2018/08/595-350x350.png,https://scrapeme.live/shop/Joltik/,scrapeme.live,6,premium,1.874655732598101,0.0,Short-named budget-mid items
Galvantula,72.39,Pokemon Merchandise,,,https://scrapeme.live/wp-content/uploads/2018/08/596-350x350.png,https://scrapeme.live/shop/Galvantula/,scrapeme.live,10,premium,1.8596785766284483,0.0,Short-named budget-mid items
Ferroseed,102.87,Pokemon Merchandise,,,https://scrapeme.live/wp-content/uploads/2018/08/597-350x350.png,https://scrapeme.live/shop/Ferroseed/,scrapeme.live,9,premium,2.0122887398346068,0.0,Short-named budget-mid items
Ferrothorn,231.14,Pokemon Merchandise,,,https://scrapeme.live/wp-content/uploads/2018/08/598-350x350.png,https://scrapeme.live/shop/Ferrothorn/,scrapeme.live,10,luxury,2.3638751089410315,0.0,Short-named budget-mid items
Klink,95.25,Pokemon Merchandise,,,https://scrapeme.live/wp-content/uploads/2018/08/599-350x350.png,https://scrapeme.live/shop/Klink/,scrapeme.live,5,premium,1.978864984347657,0.0,Short-named budget-mid items
Klang,205.74,Pokemon Merchandise,,,https://scrapeme.live/wp-content/uploads/2018/08/600-350x350.png,https://scrapeme.live/shop/Klang/,scrapeme.live,5,luxury,2.313318735498588,0.0,Short-named budget-mid items
Klinklang,226.06,Pokemon Merchandise,,,https://scrapeme.live/wp-content/uploads/2018/08/601-350x350.png,https://scrapeme.live/shop/Klinklang/,scrapeme.live,9,luxury,2.354223723264851,0.0,Short-named budget-mid items
Tynamo,104.14,Pokemon Merchandise,,,https://scrapeme.live/wp-content/uploads/2018/08/602-350x350.png,https://scrapeme.live/shop/Tynamo/,scrapeme.live,6,premium,2.0176175733396735,0.0,Short-named budget-mid items
Eelektrik,251.46,Pokemon Merchandise,,,https://scrapeme.live/wp-content/uploads/2018/08/603-350x350.png,https://scrapeme.live/shop/Eelektrik/,scrapeme.live,9,luxury,2.400468911217488,0.0,Short-named budget-mid items
Eelektross,156.21,Pokemon Merchandise,,,https://scrapeme.live/wp-content/uploads/2018/08/604-350x350.png,https://scrapeme.live/shop/Eelektross/,scrapeme.live,10,luxury,2.193708832395355,0.0,Short-named budget-mid items
Elgyem,135.89,Pokemon Merchandise,,,https://scrapeme.live/wp-content/uploads/2018/08/605-350x350.png,https://scrapeme.live/shop/Elgyem/,scrapeme.live,6,premium,2.1331874986411665,0.0,Short-named budget-mid items
Beheeyem,43.18,Pokemon Merchandise,,,https://scrapeme.live/wp-content/uploads/2018/08/606-350x350.png,https://scrapeme.live/shop/Beheeyem/,scrapeme.live,8,mid,1.635282637998212,2.0,Cross-source budget items
Litwick,46.99,Pokemon Merchandise,,,https://scrapeme.live/wp-content/uploads/2018/08/607-350x350.png,https://scrapeme.live/shop/Litwick/,scrapeme.live,7,mid,1.6720054450229518,2.0,Cross-source budget items
Lampent,199.39,Pokemon Merchandise,,,https://scrapeme.live/wp-content/uploads/2018/08/608-350x350.png,https://scrapeme.live/shop/Lampent/,scrapeme.live,7,luxury,2.2997033733651904,0.0,Short-named budget-mid items
Axew,156.21,Pokemon Merchandise,,,https://scrapeme.live/wp-content/uploads/2018/08/610-350x350.png,https://scrapeme.live/shop/Axew/,scrapeme.live,4,luxury,2.193708832395355,0.0,Short-named budget-mid items
Fraxure,81.28,Pokemon Merchandise,,,https://scrapeme.live/wp-content/uploads/2018/08/611-350x350.png,https://scrapeme.live/shop/Fraxure/,scrapeme.live,7,premium,1.909983694939844,0.0,Short-named budget-mid items
Haxorus,171.45,Pokemon Merchandise,,,https://scrapeme.live/wp-content/uploads/2018/08/612-350x350.png,https://scrapeme.live/shop/Haxorus/,scrapeme.live,7,luxury,2.234137489450963,0.0,Short-named budget-mid items
Cubchoo,78.74,Pokemon Merchandise,,,https://scrapeme.live/wp-content/uploads/2018/08/613-350x350.png,https://scrapeme.live/shop/Cubchoo/,scrapeme.live,7,premium,1.8961954104542107,0.0,Short-named budget-mid items
Beartic,35.56,Pokemon Merchandise,,,https://scrapeme.live/wp-content/uploads/2018/08/614-350x350.png,https://scrapeme.live/shop/Beartic/,scrapeme.live,7,mid,1.550961752298176,2.0,Cross-source budget items
Cryogonal,91.44,Pokemon Merchandise,,,https://scrapeme.live/wp-content/uploads/2018/08/615-350x350.png,https://scrapeme.live/shop/Cryogonal/,scrapeme.live,9,premium,1.9611362173872253,0.0,Short-named budget-mid items
Shelmet,241.3,Pokemon Merchandise,,,https://scrapeme.live/wp-content/uploads/2018/08/616-350x350.png,https://scrapeme.live/shop/Shelmet/,scrapeme.live,7,luxury,2.3825573219087857,0.0,Short-named budget-mid items
Accelgor,163.83,Pokemon Merchandise,,,https://scrapeme.live/wp-content/uploads/2018/08/617-350x350.png,https://scrapeme.live/shop/Accelgor/,scrapeme.live,8,luxury,2.214393431255206,0.0,Short-named budget-mid items
Stunfisk,85.09,Pokemon Merchandise,,,https://scrapeme.live/wp-content/uploads/2018/08/618-350x350.png,https://scrapeme.live/shop/Stunfisk/,scrapeme.live,8,premium,1.9298785236567833,0.0,Short-named budget-mid items
Mienfoo,250.19,Pokemon Merchandise,,,https://scrapeme.live/wp-content/uploads/2018/08/619-350x350.png,https://scrapeme.live/shop/Mienfoo/,scrapeme.live,7,luxury,2.3982699471175497,0.0,Short-named budget-mid items
Mienshao,63.5,Pokemon Merchandise,,,https://scrapeme.live/wp-content/uploads/2018/08/620-350x350.png,https://scrapeme.live/shop/Mienshao/,scrapeme.live,8,premium,1.8027737252919758,0.0,Short-named budget-mid items
Druddigon,139.7,Pokemon Merchandise,,,https://scrapeme.live/wp-content/uploads/2018/08/621-350x350.png,https://scrapeme.live/shop/Druddigon/,scrapeme.live,9,premium,2.1451964061141817,0.0,Short-named budget-mid items
Golett,113.03,Pokemon Merchandise,,,https://scrapeme.live/wp-content/uploads/2018/08/622-350x350.png,https://scrapeme.live/shop/Golett/,scrapeme.live,6,premium,2.0531937276008696,0.0,Short-named budget-mid items
Golurk,93.98,Pokemon Merchandise,,,https://scrapeme.live/wp-content/uploads/2018/08/623-350x350.png,https://scrapeme.live/shop/Golurk/,scrapeme.live,6,premium,1.973035440686933,0.0,Short-named budget-mid items
Pawniard,46.99,Pokemon Merchandise,,,https://scrapeme.live/wp-content/uploads/2018/08/624-350x350.png,https://scrapeme.live/shop/Pawniard/,scrapeme.live,8,mid,1.6720054450229518,2.0,Cross-source budget items
Bisharp,163.83,Pokemon Merchandise,,,https://scrapeme.live/wp-content/uploads/2018/08/625-350x350.png,https://scrapeme.live/shop/Bisharp/,scrapeme.live,7,luxury,2.214393431255206,0.0,Short-named budget-mid items
Bouffalant,74.93,Pokemon Merchandise,,,https://scrapeme.live/wp-content/uploads/2018/08/626-350x350.png,https://scrapeme.live/shop/Bouffalant/,scrapeme.live,10,premium,1.874655732598101,0.0,Short-named budget-mid items
Rufflet,76.2,Pokemon Merchandise,,,https://scrapeme.live/wp-content/uploads/2018/08/627-350x350.png,https://scrapeme.live/shop/Rufflet/,scrapeme.live,7,premium,1.8819549713396004,0.0,Short-named budget-mid items
Braviary,105.41,Pokemon Merchandise,,,https://scrapeme.live/wp-content/uploads/2018/08/628-350x350.png,https://scrapeme.live/shop/Braviary/,scrapeme.live,8,premium,2.0228818133320305,0.0,Short-named budget-mid items
Vullaby,77.47,Pokemon Merchandise,,,https://scrapeme.live/wp-content/uploads/2018/08/629-350x350.png,https://scrapeme.live/shop/Vullaby/,scrapeme.live,7,premium,1.889133555966724,0.0,Short-named budget-mid items
Mandibuzz,113.03,Pokemon Merchandise,,,https://scrapeme.live/wp-content/uploads/2018/08/630-350x350.png,https://scrapeme.live/shop/Mandibuzz/,scrapeme.live,9,premium,2.0531937276008696,0.0,Short-named budget-mid items
Heatmor,102.87,Pokemon Merchandise,,,https://scrapeme.live/wp-content/uploads/2018/08/631-350x350.png,https://scrapeme.live/shop/Heatmor/,scrapeme.live,7,premium,2.0122887398346068,0.0,Short-named budget-mid items
Durant,35.56,Pokemon Merchandise,,,https://scrapeme.live/wp-content/uploads/2018/08/632-350x350.png,https://scrapeme.live/shop/Durant/,scrapeme.live,6,mid,1.550961752298176,2.0,Cross-source budget items
Deino,80.01,Pokemon Merchandise,,,https://scrapeme.live/wp-content/uploads/2018/08/633-350x350.png,https://scrapeme.live/shop/Deino/,scrapeme.live,5,premium,1.9031442704095387,0.0,Short-named budget-mid items
Zweilous,252.73,Pokemon Merchandise,,,https://scrapeme.live/wp-content/uploads/2018/08/634-350x350.png,https://scrapeme.live/shop/Zweilous/,scrapeme.live,8,luxury,2.4026567973656636,0.0,Short-named budget-mid items
Hydreigon,109.22,Pokemon Merchandise,,,https://scrapeme.live/wp-content/uploads/2018/08/635-350x350.png,https://scrapeme.live/shop/Hydreigon/,scrapeme.live,9,premium,2.0383021721995247,0.0,Short-named budget-mid items
Volcarona,119.38,Pokemon Merchandise,,,https://scrapeme.live/wp-content/uploads/2018/08/637-350x350.png,https://scrapeme.live/shop/Volcarona/,scrapeme.live,9,premium,2.0769315745556556,0.0,Short-named budget-mid items
Cobalion,140.97,Pokemon Merchandise,,,https://scrapeme.live/wp-content/uploads/2018/08/638-350x350.png,https://scrapeme.live/shop/Cobalion/,scrapeme.live,8,premium,2.1491266997426144,0.0,Short-named budget-mid items
Terrakion,110.49,Pokemon Merchandise,,,https://scrapeme.live/wp-content/uploads/2018/08/639-350x350.png,https://scrapeme.live/shop/Terrakion/,scrapeme.live,9,premium,2.0433229735745755,0.0,Short-named budget-mid items
Virizion,198.12,Pokemon Merchandise,,,https://scrapeme.live/wp-content/uploads/2018/08/640-350x350.png,https://scrapeme.live/shop/Virizion/,scrapeme.live,8,luxury,2.2969283193104184,0.0,Short-named budget-mid items
Reshiram,186.69,Pokemon Merchandise,,,https://scrapeme.live/wp-content/uploads/2018/08/643-350x350.png,https://scrapeme.live/shop/Reshiram/,scrapeme.live,8,luxury,2.271121055704133,0.0,Short-named budget-mid items
Zekrom,171.45,Pokemon Merchandise,,,https://scrapeme.live/wp-content/uploads/2018/08/644-350x350.png,https://scrapeme.live/shop/Zekrom/,scrapeme.live,6,luxury,2.234137489450963,0.0,Short-named budget-mid items
Genesect,219.71,Pokemon Merchandise,,,https://scrapeme.live/wp-content/uploads/2018/08/649-350x350.png,https://scrapeme.live/shop/Genesect/,scrapeme.live,8,luxury,2.3418498240847523,0.0,Short-named budget-mid items
Chespin,234.95,Pokemon Merchandise,,,https://scrapeme.live/wp-content/uploads/2018/08/650-350x350.png,https://scrapeme.live/shop/Chespin/,scrapeme.live,7,luxury,2.3709754493589705,0.0,Short-named budget-mid items
Quilladin,204.47,Pokemon Merchandise,,,https://scrapeme.live/wp-content/uploads/2018/08/651-350x350.png,https://scrapeme.live/shop/Quilladin/,scrapeme.live,9,luxury,2.310629596987807,0.0,Short-named budget-mid items
Chesnaught,121.92,Pokemon Merchandise,,,https://scrapeme.live/wp-content/uploads/2018/08/652-350x350.png,https://scrapeme.live/shop/Chesnaught/,scrapeme.live,10,premium,2.0860749539955252,0.0,Short-named budget-mid items
Fennekin,156.21,Pokemon Merchandise,,,https://scrapeme.live/wp-content/uploads/2018/08/653-350x350.png,https://scrapeme.live/shop/Fennekin/,scrapeme.live,8,luxury,2.193708832395355,0.0,Short-named budget-mid items
Braixen,74.93,Pokemon Merchandise,,,https://scrapeme.live/wp-content/uploads/2018/08/654-350x350.png,https://scrapeme.live/shop/Braixen/,scrapeme.live,7,premium,1.874655732598101,0.0,Short-named budget-mid items
Delphox,215.9,Pokemon Merchandise,,,https://scrapeme.live/wp-content/uploads/2018/08/655-350x350.png,https://scrapeme.live/shop/Delphox/,scrapeme.live,7,luxury,2.334252642334231,0.0,Short-named budget-mid items
Froakie,48.26,Pokemon Merchandise,,,https://scrapeme.live/wp-content/uploads/2018/08/656-350x350.png,https://scrapeme.live/shop/Froakie/,scrapeme.live,7,mid,1.683587317572767,2.0,Cross-source budget items
Frogadier,158.75,Pokemon Merchandise,,,https://scrapeme.live/wp-content/uploads/2018/08/657-350x350.png,https://scrapeme.live/shop/Frogadier/,scrapeme.live,9,luxury,2.2007137339640135,0.0,Short-named budget-mid items
Greninja,53.34,Pokemon Merchandise,,,https://scrapeme.live/wp-content/uploads/2018/08/658-350x350.png,https://scrapeme.live/shop/Greninja/,scrapeme.live,8,mid,1.7270530113538574,2.0,Cross-source budget items
Bunnelby,83.82,Pokemon Merchandise,,,https://scrapeme.live/wp-content/uploads/2018/08/659-350x350.png,https://scrapeme.live/shop/Bunnelby/,scrapeme.live,8,premium,1.9233476564978256,0.0,Short-named budget-mid items
Fletchling,54.61,Pokemon Merchandise,,,https://scrapeme.live/wp-content/uploads/2018/08/661-350x350.png,https://scrapeme.live/shop/Fletchling/,scrapeme.live,10,mid,1.7372721765355434,2.0,Cross-source budget items
Fletchinder,186.69,Pokemon Merchandise,,,https://scrapeme.live/wp-content/uploads/2018/08/662-350x350.png,https://scrapeme.live/shop/Fletchinder/,scrapeme.live,11,luxury,2.271121055704133,0.0,Short-named budget-mid items
Talonflame,106.68,Pokemon Merchandise,,,https://scrapeme.live/wp-content/uploads/2018/08/663-350x350.png,https://scrapeme.live/shop/Talonflame/,scrapeme.live,10,premium,2.0280830070178384,0.0,Short-named budget-mid items
Scatterbug,50.8,Pokemon Merchandise,,,https://scrapeme.live/wp-content/uploads/2018/08/664-350x350.png,https://scrapeme.live/shop/Scatterbug/,scrapeme.live,10,mid,1.7058637122839193,2.0,Cross-source budget items
Spewpa,196.85,Pokemon Merchandise,,,https://scrapeme.live/wp-content/uploads/2018/08/665-350x350.png,https://scrapeme.live/shop/Spewpa/,scrapeme.live,6,luxury,2.294135419126248,0.0,Short-named budget-mid items
Vivillon,224.79,Pokemon Merchandise,,,https://scrapeme.live/wp-content/uploads/2018/08/666-350x350.png,https://scrapeme.live/shop/Vivillon/,scrapeme.live,8,luxury,2.3517769873177636,0.0,Short-named budget-mid items
Litleo,43.18,Pokemon Merchandise,,,https://scrapeme.live/wp-content/uploads/2018/08/667-350x350.png,https://scrapeme.live/shop/Litleo/,scrapeme.live,6,mid,1.635282637998212,2.0,Cross-source budget items
Pyroar,161.29,Pokemon Merchandise,,,https://scrapeme.live/wp-content/uploads/2018/08/668-350x350.png,https://scrapeme.live/shop/Pyroar/,scrapeme.live,6,luxury,2.2076074419119136,0.0,Short-named budget-mid items
Flabebe,100.33,Pokemon Merchandise,,,https://scrapeme.live/wp-content/uploads/2018/08/669-350x350.png,https://scrapeme.live/shop/Flabebe/,scrapeme.live,7,premium,2.001430812246398,0.0,Short-named budget-mid items
Floette,189.23,Pokemon Merchandise,,,https://scrapeme.live/wp-content/uploads/2018/08/670-350x350.png,https://scrapeme.live/shop/Floette/,scrapeme.live,7,luxury,2.276989989368231,0.0,Short-named budget-mid items
Florges,118.11,Pokemon Merchandise,,,https://scrapeme.live/wp-content/uploads/2018/08/671-350x350.png,https://scrapeme.live/shop/Florges/,scrapeme.live,7,premium,2.072286669509892,0.0,Short-named budget-mid items
Skiddo,163.83,Pokemon Merchandise,,,https://scrapeme.live/wp-content/uploads/2018/08/672-350x350.png,https://scrapeme.live/shop/Skiddo/,scrapeme.live,6,luxury,2.214393431255206,0.0,Short-named budget-mid items
Gogoat,123.19,Pokemon Merchandise,,,https://scrapeme.live/wp-content/uploads/2018/08/673-350x350.png,https://scrapeme.live/shop/Gogoat/,scrapeme.live,6,premium,2.0905754552222016,0.0,Short-named budget-mid items
Pangoro,96.52,Pokemon Merchandise,,,https://scrapeme.live/wp-content/uploads/2018/08/675-350x350.png,https://scrapeme.live/shop/Pangoro/,scrapeme.live,7,premium,1.9846173132367482,0.0,Short-named budget-mid items
Furfrou,209.55,Pokemon Merchandise,,,https://scrapeme.live/wp-content/uploads/2018/08/676-350x350.png,https://scrapeme.live/shop/Furfrou/,scrapeme.live,7,luxury,2.321287665169863,0.0,Short-named budget-mid items
Espurr,189.23,Pokemon Merchandise,,,https://scrapeme.live/wp-content/uploads/2018/08/677-350x350.png,https://scrapeme.live/shop/Espurr/,scrapeme.live,6,luxury,2.276989989368231,0.0,Short-named budget-mid items
Honedge,128.27,Pokemon Merchandise,,,https://scrapeme.live/wp-content/uploads/2018/08/679-350x350.png,https://scrapeme.live/shop/Honedge/,scrapeme.live,7,premium,2.1081250947385994,0.0,Short-named budget-mid items
Doublade,208.28,Pokemon Merchandise,,,https://scrapeme.live/wp-content/uploads/2018/08/680-350x350.png,https://scrapeme.live/shop/Doublade/,scrapeme.live,8,luxury,2.3186475690036548,0.0,Short-named budget-mid items
Spritzee,73.66,Pokemon Merchandise,,,https://scrapeme.live/wp-content/uploads/2018/08/682-350x350.png,https://scrapeme.live/shop/Spritzee/,scrapeme.live,8,premium,1.8672317145188941,0.0,Short-named budget-mid items
Aromatisse,246.38,Pokemon Merchandise,,,https://scrapeme.live/wp-content/uploads/2018/08/683-350x350.png,https://scrapeme.live/shop/Aromatisse/,scrapeme.live,10,luxury,2.391605450886183,0.0,Short-named budget-mid items
Swirlix,114.3,Pokemon Merchandise,,,https://scrapeme.live/wp-content/uploads/2018/08/684-350x350.png,https://scrapeme.live/shop/Swirlix/,scrapeme.live,7,premium,2.0580462303952816,0.0,Short-named budget-mid items
Slurpuff,83.82,Pokemon Merchandise,,,https://scrapeme.live/wp-content/uploads/2018/08/685-350x350.png,https://scrapeme.live/shop/Slurpuff/,scrapeme.live,8,premium,1.9233476564978256,0.0,Short-named budget-mid items
Inkay,48.26,Pokemon Merchandise,,,https://scrapeme.live/wp-content/uploads/2018/08/686-350x350.png,https://scrapeme.live/shop/Inkay/,scrapeme.live,5,mid,1.683587317572767,0.0,Short-named budget-mid items
Malamar,73.66,Pokemon Merchandise,,,https://scrapeme.live/wp-content/uploads/2018/08/687-350x350.png,https://scrapeme.live/shop/Malamar/,scrapeme.live,7,premium,1.8672317145188941,0.0,Short-named budget-mid items
Binacle,129.54,Pokemon Merchandise,,,https://scrapeme.live/wp-content/uploads/2018/08/688-350x350.png,https://scrapeme.live/shop/Binacle/,scrapeme.live,7,premium,2.1124038927178743,0.0,Short-named budget-mid items
Barbaracle,209.55,Pokemon Merchandise,,,https://scrapeme.live/wp-content/uploads/2018/08/689-350x350.png,https://scrapeme.live/shop/Barbaracle/,scrapeme.live,10,luxury,2.321287665169863,0.0,Short-named budget-mid items
Skrelp,80.01,Pokemon Merchandise,,,https://scrapeme.live/wp-content/uploads/2018/08/690-350x350.png,https://scrapeme.live/shop/Skrelp/,scrapeme.live,6,premium,1.9031442704095387,0.0,Short-named budget-mid items
Dragalge,191.77,Pokemon Merchandise,,,https://scrapeme.live/wp-content/uploads/2018/08/691-350x350.png,https://scrapeme.live/shop/Dragalge/,scrapeme.live,8,luxury,2.2827806682491265,0.0,Short-named budget-mid items
Clauncher,36.83,Pokemon Merchandise,,,https://scrapeme.live/wp-content/uploads/2018/08/692-350x350.png,https://scrapeme.live/shop/Clauncher/,scrapeme.live,9,mid,1.5662017188549129,2.0,Cross-source budget items
Clawitzer,87.63,Pokemon Merchandise,,,https://scrapeme.live/wp-content/uploads/2018/08/693-350x350.png,https://scrapeme.live/shop/Clawitzer/,scrapeme.live,9,premium,1.9426528116932122,0.0,Short-named budget-mid items
Helioptile,78.74,Pokemon Merchandise,,,https://scrapeme.live/wp-content/uploads/2018/08/694-350x350.png,https://scrapeme.live/shop/Helioptile/,scrapeme.live,10,premium,1.8961954104542107,0.0,Short-named budget-mid items
Heliolisk,105.41,Pokemon Merchandise,,,https://scrapeme.live/wp-content/uploads/2018/08/695-350x350.png,https://scrapeme.live/shop/Heliolisk/,scrapeme.live,9,premium,2.0228818133320305,0.0,Short-named budget-mid items
Tyrunt,78.74,Pokemon Merchandise,,,https://scrapeme.live/wp-content/uploads/2018/08/696-350x350.png,https://scrapeme.live/shop/Tyrunt/,scrapeme.live,6,premium,1.8961954104542107,0.0,Short-named budget-mid items
Tyrantrum,33.02,Pokemon Merchandise,,,https://scrapeme.live/wp-content/uploads/2018/08/697-350x350.png,https://scrapeme.live/shop/Tyrantrum/,scrapeme.live,9,mid,1.5187770689267748,2.0,Cross-source budget items
Amaura,196.85,Pokemon Merchandise,,,https://scrapeme.live/wp-content/uploads/2018/08/698-350x350.png,https://scrapeme.live/shop/Amaura/,scrapeme.live,6,luxury,2.294135419126248,0.0,Short-named budget-mid items
Aurorus,240.03,Pokemon Merchandise,,,https://scrapeme.live/wp-content/uploads/2018/08/699-350x350.png,https://scrapeme.live/shop/Aurorus/,scrapeme.live,7,luxury,2.380265525129201,0.0,Short-named budget-mid items
Sylveon,60.96,Pokemon Merchandise,,,https://scrapeme.live/wp-content/uploads/2018/08/700-350x350.png,https://scrapeme.live/shop/Sylveon/,scrapeme.live,7,premium,1.7850449583315442,0.0,Short-named budget-mid items
Hawlucha,55.88,Pokemon Merchandise,,,https://scrapeme.live/wp-content/uploads/2018/08/701-350x350.png,https://scrapeme.live/shop/Hawlucha/,scrapeme.live,8,mid,1.7472563974421442,0.0,Short-named budget-mid items
Dedenne,149.86,Pokemon Merchandise,,,https://scrapeme.live/wp-content/uploads/2018/08/702-350x350.png,https://scrapeme.live/shop/Dedenne/,scrapeme.live,7,premium,2.1756857282620823,0.0,Short-named budget-mid items
Carbink,217.17,Pokemon Merchandise,,,https://scrapeme.live/wp-content/uploads/2018/08/703-350x350.png,https://scrapeme.live/shop/Carbink/,scrapeme.live,7,luxury,2.336799831348111,0.0,Short-named budget-mid items
Goomy,139.7,Pokemon Merchandise,,,https://scrapeme.live/wp-content/uploads/2018/08/704-350x350.png,https://scrapeme.live/shop/Goomy/,scrapeme.live,5,premium,2.1451964061141817,0.0,Short-named budget-mid items
Sliggoo,138.43,Pokemon Merchandise,,,https://scrapeme.live/wp-content/uploads/2018/08/705-350x350.png,https://scrapeme.live/shop/Sliggoo/,scrapeme.live,7,premium,2.1412302188965806,0.0,Short-named budget-mid items
Goodra,243.84,Pokemon Merchandise,,,https://scrapeme.live/wp-content/uploads/2018/08/706-350x350.png,https://scrapeme.live/shop/Goodra/,scrapeme.live,6,luxury,2.3871049496595065,0.0,Short-named budget-mid items
Klefki,227.33,Pokemon Merchandise,,,https://scrapeme.live/wp-content/uploads/2018/08/707-350x350.png,https://scrapeme.live/shop/Klefki/,scrapeme.live,6,luxury,2.35665675193585,0.0,Short-named budget-mid items
Trevenant,67.31,Pokemon Merchandise,,,https://scrapeme.live/wp-content/uploads/2018/08/709-350x350.png,https://scrapeme.live/shop/Trevenant/,scrapeme.live,9,premium,1.828079590556746,0.0,Short-named budget-mid items
Bergmite,151.13,Pokemon Merchandise,,,https://scrapeme.live/wp-content/uploads/2018/08/712-350x350.png,https://scrapeme.live/shop/Bergmite/,scrapeme.live,8,luxury,2.1793506823484874,0.0,Short-named budget-mid items
Avalugg,90.17,Pokemon Merchandise,,,https://scrapeme.live/wp-content/uploads/2018/08/713-350x350.png,https://scrapeme.live/shop/Avalugg/,scrapeme.live,7,premium,1.9550620696750323,0.0,Short-named budget-mid items
Noibat,160.02,Pokemon Merchandise,,,https://scrapeme.live/wp-content/uploads/2018/08/714-350x350.png,https://scrapeme.live/shop/Noibat/,scrapeme.live,6,luxury,2.2041742660735197,0.0,Short-named budget-mid items
Noivern,95.25,Pokemon Merchandise,,,https://scrapeme.live/wp-content/uploads/2018/08/715-350x350.png,https://scrapeme.live/shop/Noivern/,scrapeme.live,7,premium,1.978864984347657,0.0,Short-named budget-mid items
Xerneas,38.1,Pokemon Merchandise,,,https://scrapeme.live/wp-content/uploads/2018/08/716-350x350.png,https://scrapeme.live/shop/Xerneas/,scrapeme.live,7,mid,1.5809249756756194,2.0,Cross-source budget items
Yveltal,74.93,Pokemon Merchandise,,,https://scrapeme.live/wp-content/uploads/2018/08/717-350x350.png,https://scrapeme.live/shop/Yveltal/,scrapeme.live,7,premium,1.874655732598101,0.0,Short-named budget-mid items
Zygarde,105.41,Pokemon Merchandise,,,https://scrapeme.live/wp-content/uploads/2018/08/718-350x350.png,https://scrapeme.live/shop/Zygarde/,scrapeme.live,7,premium,2.0228818133320305,0.0,Short-named budget-mid items
Diancie,34.29,Pokemon Merchandise,,,https://scrapeme.live/wp-content/uploads/2018/08/719-350x350.png,https://scrapeme.live/shop/Diancie/,scrapeme.live,7,mid,1.5351674851149442,2.0,Cross-source budget items
Hoopa,240.03,Pokemon Merchandise,,,https://scrapeme.live/wp-content/uploads/2018/08/720-350x350.png,https://scrapeme.live/shop/Hoopa/,scrapeme.live,5,luxury,2.380265525129201,0.0,Short-named budget-mid items
Volcanion,57.15,Pokemon Merchandise,,,https://scrapeme.live/wp-content/uploads/2018/08/721-350x350.png,https://scrapeme.live/shop/Volcanion/,scrapeme.live,9,mid,1.7570162347313005,0.0,Short-named budget-mid items
Dartrix,214.63,Pokemon Merchandise,,,https://scrapeme.live/wp-content/uploads/2018/08/723-350x350.png,https://scrapeme.live/shop/Dartrix/,scrapeme.live,7,luxury,2.3316904255696302,0.0,Short-named budget-mid items
Decidueye,134.62,Pokemon Merchandise,,,https://scrapeme.live/wp-content/uploads/2018/08/724-350x350.png,https://scrapeme.live/shop/Decidueye/,scrapeme.live,9,premium,2.129109586220727,0.0,Short-named budget-mid items
Litten,167.64,Pokemon Merchandise,,,https://scrapeme.live/wp-content/uploads/2018/08/725-350x350.png,https://scrapeme.live/shop/Litten/,scrapeme.live,6,luxury,2.224377652161807,0.0,Short-named budget-mid items
Torracat,233.68,Pokemon Merchandise,,,https://scrapeme.live/wp-content/uploads/2018/08/726-350x350.png,https://scrapeme.live/shop/Torracat/,scrapeme.live,8,luxury,2.368621543965493,0.0,Short-named budget-mid items
Incineroar,45.72,Pokemon Merchandise,,,https://scrapeme.live/wp-content/uploads/2018/08/727-350x350.png,https://scrapeme.live/shop/Incineroar/,scrapeme.live,10,mid,1.660106221723244,2.0,Cross-source budget items
Popplio,200.66,Pokemon Merchandise,,,https://scrapeme.live/wp-content/uploads/2018/08/728-350x350.png,https://scrapeme.live/shop/Popplio/,scrapeme.live,7,luxury,2.3024608079103794,0.0,Short-named budget-mid items
Brionne,218.44,Pokemon Merchandise,,,https://scrapeme.live/wp-content/uploads/2018/08/729-350x350.png,https://scrapeme.live/shop/Brionne/,scrapeme.live,7,luxury,2.339332167863506,0.0,Short-named budget-mid items
Primarina,181.61,Pokemon Merchandise,,,https://scrapeme.live/wp-content/uploads/2018/08/730-350x350.png,https://scrapeme.live/shop/Primarina/,scrapeme.live,9,luxury,2.2591397584210187,0.0,Short-named budget-mid items
Pikipek,64.77,Pokemon Merchandise,,,https://scrapeme.live/wp-content/uploads/2018/08/731-350x350.png,https://scrapeme.live/shop/Pikipek/,scrapeme.live,7,premium,1.8113738970538933,0.0,Short-named budget-mid items
Trumbeak,74.93,Pokemon Merchandise,,,https://scrapeme.live/wp-content/uploads/2018/08/732-350x350.png,https://scrapeme.live/shop/Trumbeak/,scrapeme.live,8,premium,1.874655732598101,0.0,Short-named budget-mid items
Toucannon,97.79,Pokemon Merchandise,,,https://scrapeme.live/wp-content/uploads/2018/08/733-350x350.png,https://scrapeme.live/shop/Toucannon/,scrapeme.live,9,premium,1.9902944461284389,0.0,Short-named budget-mid items
Yungoos,201.93,Pokemon Merchandise,,,https://scrapeme.live/wp-content/uploads/2018/08/734-350x350.png,https://scrapeme.live/shop/Yungoos/,scrapeme.live,7,luxury,2.3052008452764086,0.0,Short-named budget-mid items
Gumshoos,156.21,Pokemon Merchandise,,,https://scrapeme.live/wp-content/uploads/2018/08/735-350x350.png,https://scrapeme.live/shop/Gumshoos/,scrapeme.live,8,luxury,2.193708832395355,0.0,Short-named budget-mid items
Grubbin,97.79,Pokemon Merchandise,,,https://scrapeme.live/wp-content/uploads/2018/08/736-350x350.png,https://scrapeme.live/shop/Grubbin/,scrapeme.live,7,premium,1.9902944461284389,0.0,Short-named budget-mid items
Charjabug,96.52,Pokemon Merchandise,,,https://scrapeme.live/wp-content/uploads/2018/08/737-350x350.png,https://scrapeme.live/shop/Charjabug/,scrapeme.live,9,premium,1.9846173132367482,0.0,Short-named budget-mid items
Vikavolt,111.76,Pokemon Merchandise,,,https://scrapeme.live/wp-content/uploads/2018/08/738-350x350.png,https://scrapeme.live/shop/Vikavolt/,scrapeme.live,8,premium,2.0482863931061255,0.0,Short-named budget-mid items
Crabrawler,229.87,Pokemon Merchandise,,,https://scrapeme.live/wp-content/uploads/2018/08/739-350x350.png,https://scrapeme.live/shop/Crabrawler/,scrapeme.live,10,luxury,2.3614822958251414,0.0,Short-named budget-mid items
Crabominable,82.55,Pokemon Merchandise,,,https://scrapeme.live/wp-content/uploads/2018/08/740-350x350.png,https://scrapeme.live/shop/Crabominable/,scrapeme.live,12,premium,1.9167170775988125,0.0,Short-named budget-mid items
Cutiefly,149.86,Pokemon Merchandise,,,https://scrapeme.live/wp-content/uploads/2018/08/742-350x350.png,https://scrapeme.live/shop/Cutiefly/,scrapeme.live,8,premium,2.1756857282620823,0.0,Short-named budget-mid items
Ribombee,127.0,Pokemon Merchandise,,,https://scrapeme.live/wp-content/uploads/2018/08/743-350x350.png,https://scrapeme.live/shop/Ribombee/,scrapeme.live,8,premium,2.103803720955957,0.0,Short-named budget-mid items
Rockruff,189.23,Pokemon Merchandise,,,https://scrapeme.live/wp-content/uploads/2018/08/744-350x350.png,https://scrapeme.live/shop/Rockruff/,scrapeme.live,8,luxury,2.276989989368231,0.0,Short-named budget-mid items
Mareanie,59.69,Pokemon Merchandise,,,https://scrapeme.live/wp-content/uploads/2018/08/747-350x350.png,https://scrapeme.live/shop/Mareanie/,scrapeme.live,8,mid,1.7759015788916743,0.0,Short-named budget-mid items
Toxapex,115.57,Pokemon Merchandise,,,https://scrapeme.live/wp-content/uploads/2018/08/748-350x350.png,https://scrapeme.live/shop/Toxapex/,scrapeme.live,7,premium,2.0628451132770502,0.0,Short-named budget-mid items
Mudbray,121.92,Pokemon Merchandise,,,https://scrapeme.live/wp-content/uploads/2018/08/749-350x350.png,https://scrapeme.live/shop/Mudbray/,scrapeme.live,7,premium,2.0860749539955252,0.0,Short-named budget-mid items
Mudsdale,140.97,Pokemon Merchandise,,,https://scrapeme.live/wp-content/uploads/2018/08/750-350x350.png,https://scrapeme.live/shop/Mudsdale/,scrapeme.live,8,premium,2.1491266997426144,0.0,Short-named budget-mid items
Dewpider,106.68,Pokemon Merchandise,,,https://scrapeme.live/wp-content/uploads/2018/08/751-350x350.png,https://scrapeme.live/shop/Dewpider/,scrapeme.live,8,premium,2.0280830070178384,0.0,Short-named budget-mid items
Araquanid,60.96,Pokemon Merchandise,,,https://scrapeme.live/wp-content/uploads/2018/08/752-350x350.png,https://scrapeme.live/shop/Araquanid/,scrapeme.live,9,premium,1.7850449583315442,0.0,Short-named budget-mid items
Fomantis,132.08,Pokemon Merchandise,,,https://scrapeme.live/wp-content/uploads/2018/08/753-350x350.png,https://scrapeme.live/shop/Fomantis/,scrapeme.live,8,premium,2.120837060254737,0.0,Short-named budget-mid items
Lurantis,201.93,Pokemon Merchandise,,,https://scrapeme.live/wp-content/uploads/2018/08/754-350x350.png,https://scrapeme.live/shop/Lurantis/,scrapeme.live,8,luxury,2.3052008452764086,0.0,Short-named budget-mid items
Morelull,110.49,Pokemon Merchandise,,,https://scrapeme.live/wp-content/uploads/2018/08/755-350x350.png,https://scrapeme.live/shop/Morelull/,scrapeme.live,8,premium,2.0433229735745755,0.0,Short-named budget-mid items
Shiinotic,95.25,Pokemon Merchandise,,,https://scrapeme.live/wp-content/uploads/2018/08/756-350x350.png,https://scrapeme.live/shop/Shiinotic/,scrapeme.live,9,premium,1.978864984347657,0.0,Short-named budget-mid items
Salandit,200.66,Pokemon Merchandise,,,https://scrapeme.live/wp-content/uploads/2018/08/757-350x350.png,https://scrapeme.live/shop/Salandit/,scrapeme.live,8,luxury,2.3024608079103794,0.0,Short-named budget-mid items
Salazzle,210.82,Pokemon Merchandise,,,https://scrapeme.live/wp-content/uploads/2018/08/758-350x350.png,https://scrapeme.live/shop/Salazzle/,scrapeme.live,8,luxury,2.323911808996012,0.0,Short-named budget-mid items
Stufful,88.9,Pokemon Merchandise,,,https://scrapeme.live/wp-content/uploads/2018/08/759-350x350.png,https://scrapeme.live/shop/Stufful/,scrapeme.live,7,premium,1.9489017609702137,0.0,Short-named budget-mid items
Bewear,148.59,Pokemon Merchandise,,,https://scrapeme.live/wp-content/uploads/2018/08/760-350x350.png,https://scrapeme.live/shop/Bewear/,scrapeme.live,6,premium,2.1719895827021185,0.0,Short-named budget-mid items
Bounsweet,245.11,Pokemon Merchandise,,,https://scrapeme.live/wp-content/uploads/2018/08/761-350x350.png,https://scrapeme.live/shop/Bounsweet/,scrapeme.live,9,luxury,2.3893610299637307,0.0,Short-named budget-mid items
Steenee,34.29,Pokemon Merchandise,,,https://scrapeme.live/wp-content/uploads/2018/08/762-350x350.png,https://scrapeme.live/shop/Steenee/,scrapeme.live,7,mid,1.5351674851149442,2.0,Cross-source budget items
Tsareena,236.22,Pokemon Merchandise,,,https://scrapeme.live/wp-content/uploads/2018/08/763-350x350.png,https://scrapeme.live/shop/Tsareena/,scrapeme.live,8,luxury,2.3733166651738733,0.0,Short-named budget-mid items
Comfey,35.56,Pokemon Merchandise,,,https://scrapeme.live/wp-content/uploads/2018/08/764-350x350.png,https://scrapeme.live/shop/Comfey/,scrapeme.live,6,mid,1.550961752298176,2.0,Cross-source budget items
Oranguru,176.53,Pokemon Merchandise,,,https://scrapeme.live/wp-content/uploads/2018/08/765-350x350.png,https://scrapeme.live/shop/Oranguru/,scrapeme.live,8,luxury,2.2468185212100518,0.0,Short-named budget-mid items
Passimian,231.14,Pokemon Merchandise,,,https://scrapeme.live/wp-content/uploads/2018/08/766-350x350.png,https://scrapeme.live/shop/Passimian/,scrapeme.live,9,luxury,2.3638751089410315,0.0,Short-named budget-mid items
Wimpod,173.99,Pokemon Merchandise,,,https://scrapeme.live/wp-content/uploads/2018/08/767-350x350.png,https://scrapeme.live/shop/Wimpod/,scrapeme.live,6,luxury,2.2405242881123635,0.0,Short-named budget-mid items
Golisopod,40.64,Pokemon Merchandise,,,https://scrapeme.live/wp-content/uploads/2018/08/768-350x350.png,https://scrapeme.live/shop/Golisopod/,scrapeme.live,9,mid,1.6089536992758628,2.0,Cross-source budget items
Sandygast,166.37,Pokemon Merchandise,,,https://scrapeme.live/wp-content/uploads/2018/08/769-350x350.png,https://scrapeme.live/shop/Sandygast/,scrapeme.live,9,luxury,2.2210750166117212,0.0,Short-named budget-mid items
Palossand,237.49,Pokemon Merchandise,,,https://scrapeme.live/wp-content/uploads/2018/08/770-350x350.png,https://scrapeme.live/shop/Palossand/,scrapeme.live,9,luxury,2.375645327492456,0.0,Short-named budget-mid items
Pyukumuku,123.19,Pokemon Merchandise,,,https://scrapeme.live/wp-content/uploads/2018/08/771-350x350.png,https://scrapeme.live/shop/Pyukumuku/,scrapeme.live,9,premium,2.0905754552222016,0.0,Short-named budget-mid items
Silvally,168.91,Pokemon Merchandise,,,https://scrapeme.live/wp-content/uploads/2018/08/773-350x350.png,https://scrapeme.live/shop/Silvally/,scrapeme.live,8,luxury,2.2276553619230426,0.0,Short-named budget-mid items
Komala,82.55,Pokemon Merchandise,,,https://scrapeme.live/wp-content/uploads/2018/08/775-350x350.png,https://scrapeme.live/shop/Komala/,scrapeme.live,6,premium,1.9167170775988125,0.0,Short-named budget-mid items
Turtonator,148.59,Pokemon Merchandise,,,https://scrapeme.live/wp-content/uploads/2018/08/776-350x350.png,https://scrapeme.live/shop/Turtonator/,scrapeme.live,10,premium,2.1719895827021185,0.0,Short-named budget-mid items
Togedemaru,57.15,Pokemon Merchandise,,,https://scrapeme.live/wp-content/uploads/2018/08/777-350x350.png,https://scrapeme.live/shop/Togedemaru/,scrapeme.live,10,mid,1.7570162347313005,2.0,Cross-source budget items
Drampa,168.91,Pokemon Merchandise,,,https://scrapeme.live/wp-content/uploads/2018/08/780-350x350.png,https://scrapeme.live/shop/Drampa/,scrapeme.live,6,luxury,2.2276553619230426,0.0,Short-named budget-mid items
Jangmo-o,135.89,Pokemon Merchandise,,,https://scrapeme.live/wp-content/uploads/2018/08/782-350x350.png,https://scrapeme.live/shop/Jangmo-o/,scrapeme.live,8,premium,2.1331874986411665,0.0,Short-named budget-mid items
Hakamo-o,72.39,Pokemon Merchandise,,,https://scrapeme.live/wp-content/uploads/2018/08/783-350x350.png,https://scrapeme.live/shop/Hakamo-o/,scrapeme.live,8,premium,1.8596785766284483,0.0,Short-named budget-mid items
Kommo-o,215.9,Pokemon Merchandise,,,https://scrapeme.live/wp-content/uploads/2018/08/784-350x350.png,https://scrapeme.live/shop/Kommo-o/,scrapeme.live,7,luxury,2.334252642334231,0.0,Short-named budget-mid items
Tapu-koko,201.93,Pokemon Merchandise,,,https://scrapeme.live/wp-content/uploads/2018/08/785-350x350.png,https://scrapeme.live/shop/Tapu-koko/,scrapeme.live,9,luxury,2.3052008452764086,0.0,Short-named budget-mid items
Tapu-lele,78.74,Pokemon Merchandise,,,https://scrapeme.live/wp-content/uploads/2018/08/786-350x350.png,https://scrapeme.live/shop/Tapu-lele/,scrapeme.live,9,premium,1.8961954104542107,0.0,Short-named budget-mid items
Tapu-bulu,209.55,Pokemon Merchandise,,,https://scrapeme.live/wp-content/uploads/2018/08/787-350x350.png,https://scrapeme.live/shop/Tapu-bulu/,scrapeme.live,9,luxury,2.321287665169863,0.0,Short-named budget-mid items
Tapu-fini,156.21,Pokemon Merchandise,,,https://scrapeme.live/wp-content/uploads/2018/08/788-350x350.png,https://scrapeme.live/shop/Tapu-fini/,scrapeme.live,9,luxury,2.193708832395355,0.0,Short-named budget-mid items
Solgaleo,158.75,Pokemon Merchandise,,,https://scrapeme.live/wp-content/uploads/2018/08/791-350x350.png,https://scrapeme.live/shop/Solgaleo/,scrapeme.live,8,luxury,2.2007137339640135,0.0,Short-named budget-mid items
Lunala,73.66,Pokemon Merchandise,,,https://scrapeme.live/wp-content/uploads/2018/08/792-350x350.png,https://scrapeme.live/shop/Lunala/,scrapeme.live,6,premium,1.8672317145188941,0.0,Short-named budget-mid items
Nihilego,85.09,Pokemon Merchandise,,,https://scrapeme.live/wp-content/uploads/2018/08/793-350x350.png,https://scrapeme.live/shop/Nihilego/,scrapeme.live,8,premium,1.9298785236567833,0.0,Short-named budget-mid items
Buzzwole,218.44,Pokemon Merchandise,,,https://scrapeme.live/wp-content/uploads/2018/08/794-350x350.png,https://scrapeme.live/shop/Buzzwole/,scrapeme.live,8,luxury,2.339332167863506,0.0,Short-named budget-mid items
Pheromosa,78.74,Pokemon Merchandise,,,https://scrapeme.live/wp-content/uploads/2018/08/795-350x350.png,https://scrapeme.live/shop/Pheromosa/,scrapeme.live,9,premium,1.8961954104542107,0.0,Short-named budget-mid items
Xurkitree,220.98,Pokemon Merchandise,,,https://scrapeme.live/wp-content/uploads/2018/08/796-350x350.png,https://scrapeme.live/shop/Xurkitree/,scrapeme.live,9,luxury,2.3443529692385567,0.0,Short-named budget-mid items
Celesteela,191.77,Pokemon Merchandise,,,https://scrapeme.live/wp-content/uploads/2018/08/797-350x350.png,https://scrapeme.live/shop/Celesteela/,scrapeme.live,10,luxury,2.2827806682491265,0.0,Short-named budget-mid items
Kartana,250.19,Pokemon Merchandise,,,https://scrapeme.live/wp-content/uploads/2018/08/798-350x350.png,https://scrapeme.live/shop/Kartana/,scrapeme.live,7,luxury,2.3982699471175497,0.0,Short-named budget-mid items
Guzzlord,92.71,Pokemon Merchandise,,,https://scrapeme.live/wp-content/uploads/2018/08/799-350x350.png,https://scrapeme.live/shop/Guzzlord/,scrapeme.live,8,premium,1.9671265810764127,0.0,Short-named budget-mid items
Necrozma,86.36,Pokemon Merchandise,,,https://scrapeme.live/wp-content/uploads/2018/08/800-350x350.png,https://scrapeme.live/shop/Necrozma/,scrapeme.live,8,premium,1.9363126336621932,0.0,Short-named budget-mid items
Marshadow,135.89,Pokemon Merchandise,,,https://scrapeme.live/wp-content/uploads/2018/08/802-350x350.png,https://scrapeme.live/shop/Marshadow/,scrapeme.live,9,premium,2.1331874986411665,0.0,Short-named budget-mid items
Poipole,165.1,Pokemon Merchandise,,,https://scrapeme.live/wp-content/uploads/2018/08/803-350x350.png,https://scrapeme.live/shop/Poipole/,scrapeme.live,7,luxury,2.2177470732627937,0.0,Short-named budget-mid items
Naganadel,38.1,Pokemon Merchandise,,,https://scrapeme.live/wp-content/uploads/2018/08/804-350x350.png,https://scrapeme.live/shop/Naganadel/,scrapeme.live,9,mid,1.5809249756756194,2.0,Cross-source budget items
Stakataka,241.3,Pokemon Merchandise,,,https://scrapeme.live/wp-content/uploads/2018/08/805-350x350.png,https://scrapeme.live/shop/Stakataka/,scrapeme.live,9,luxury,2.3825573219087857,0.0,Short-named budget-mid items
Blacephalon,189.23,Pokemon Merchandise,,,https://scrapeme.live/wp-content/uploads/2018/08/806-350x350.png,https://scrapeme.live/shop/Blacephalon/,scrapeme.live,11,luxury,2.276989989368231,0.0,Short-named budget-mid items
Nokia 123,24.99,Other,,11.0,,https://webscraper.io/test-sites/e-commerce/allinone/product/1,webscraper.io,9,mid,1.39776625612645,2.0,Cross-source budget items
LG Optimus,57.99,Other,,11.0,,https://webscraper.io/test-sites/e-commerce/allinone/product/2,webscraper.io,10,mid,1.7633531087482155,2.0,Cross-source budget items
Samsung Galaxy,93.99,Other,,3.0,,https://webscraper.io/test-sites/e-commerce/allinone/product/3,webscraper.io,14,premium,1.9730816496013677,0.0,Short-named budget-mid items
Nokia X,109.99,Other,,4.0,,https://webscraper.io/test-sites/e-commerce/allinone/product/4,webscraper.io,7,premium,2.0413532020469742,0.0,Short-named budget-mid items
Sony Xperia,118.99,Other,,6.0,,https://webscraper.io/test-sites/e-commerce/allinone/product/5,webscraper.io,11,premium,2.0755104645244136,0.0,Short-named budget-mid items
Ubuntu Edge,499.99,Other,,2.0,,https://webscraper.io/test-sites/e-commerce/allinone/product/6,webscraper.io,11,luxury,2.6989613183595207,0.0,Short-named budget-mid items
Iphone,899.99,Other,,10.0,,https://webscraper.io/test-sites/e-commerce/allinone/product/7,webscraper.io,6,luxury,2.954237683918273,0.0,Short-named budget-mid items
Iphone,899.99,Other,,8.0,,https://webscraper.io/test-sites/e-commerce/allinone/product/8,webscraper.io,6,luxury,2.954237683918273,0.0,Short-named budget-mid items
Iphone,899.99,Other,,1.0,,https://webscraper.io/test-sites/e-commerce/allinone/product/9,webscraper.io,6,luxury,2.954237683918273,0.0,Short-named budget-mid items
Asus VivoBook X441NA-GA190,295.99,Computers - Laptops,,14.0,,https://webscraper.io/test-sites/e-commerce/allinone/product/60,webscraper.io,26,luxury,2.4712770387002183,1.0,Long-named mid-high items
Prestigio SmartBook 133S Dark Grey,299.0,Computers - Laptops,,8.0,,https://webscraper.io/test-sites/e-commerce/allinone/product/61,webscraper.io,34,luxury,2.4756711883244296,1.0,Long-named mid-high items
Prestigio SmartBook 133S Gold,299.0,Computers - Laptops,,12.0,,https://webscraper.io/test-sites/e-commerce/allinone/product/62,webscraper.io,29,luxury,2.4756711883244296,1.0,Long-named mid-high items
Aspire E1-510,306.99,Computers - Laptops,,2.0,,https://webscraper.io/test-sites/e-commerce/allinone/product/32,webscraper.io,13,luxury,2.487124228846722,0.0,Short-named budget-mid items
Lenovo V110-15IAP,321.94,Computers - Laptops,,5.0,,https://webscraper.io/test-sites/e-commerce/allinone/product/63,webscraper.io,17,luxury,2.5077749397177285,3.0,Premium tier
Lenovo V110-15IAP,356.49,Computers - Laptops,,6.0,,https://webscraper.io/test-sites/e-commerce/allinone/product/64,webscraper.io,17,luxury,2.5520473518436178,3.0,Premium tier
Hewlett Packard 250 G6 Dark Ash Silver,364.46,Computers - Laptops,,12.0,,https://webscraper.io/test-sites/e-commerce/allinone/product/65,webscraper.io,38,luxury,2.561649870836353,1.0,Long-named mid-high items
Acer Aspire 3 A315-31 Black,372.7,Computers - Laptops,,2.0,,https://webscraper.io/test-sites/e-commerce/allinone/product/66,webscraper.io,27,luxury,2.57135939275384,1.0,Long-named mid-high items
Acer Aspire A315-31-C33J,379.94,Computers - Laptops,,0.0,,https://webscraper.io/test-sites/e-commerce/allinone/product/67,webscraper.io,24,luxury,2.579715018389665,1.0,Long-named mid-high items
Acer Aspire ES1-572 Black,379.95,Computers - Laptops,,9.0,,https://webscraper.io/test-sites/e-commerce/allinone/product/68,webscraper.io,25,luxury,2.579726448846229,1.0,Long-named mid-high items
Acer Aspire 3 A315-31 Black,391.48,Computers - Laptops,,10.0,,https://webscraper.io/test-sites/e-commerce/allinone/product/69,webscraper.io,27,luxury,2.592709579646817,1.0,Long-named mid-high items
Acer Aspire 3 A315-21,393.88,Computers - Laptops,,9.0,,https://webscraper.io/test-sites/e-commerce/allinone/product/70,webscraper.io,21,luxury,2.595363929247437,3.0,Premium tier
Asus VivoBook Max,399.0,Computers - Laptops,,4.0,,https://webscraper.io/test-sites/e-commerce/allinone/product/45,webscraper.io,17,luxury,2.6009728956867484,3.0,Premium tier
Asus VivoBook E502NA-GO022T Dark Blue,399.99,Computers - Laptops,,3.0,,https://webscraper.io/test-sites/e-commerce/allinone/product/71,webscraper.io,37,luxury,2.6020491338301954,1.0,Long-named mid-high items
Lenovo ThinkPad E31-80,404.23,Computers - Laptops,,12.0,,https://webscraper.io/test-sites/e-commerce/allinone/product/72,webscraper.io,22,luxury,2.6066285416161397,1.0,Long-named mid-high items
Acer Aspire 3 A315-31 Black,408.98,Computers - Laptops,,10.0,,https://webscraper.io/test-sites/e-commerce/allinone/product/73,webscraper.io,27,luxury,2.611702070594105,1.0,Long-named mid-high items
Lenovo V110-15ISK,409.63,Computers - Laptops,,9.0,,https://webscraper.io/test-sites/e-commerce/allinone/product/74,webscraper.io,17,luxury,2.6123917554808362,3.0,Premium tier
Acer Aspire ES1-732 Black,410.46,Computers - Laptops,,14.0,,https://webscraper.io/test-sites/e-commerce/allinone/product/75,webscraper.io,25,luxury,2.6132708408081933,1.0,Long-named mid-high items
Asus VivoBook 15 X540NA-GQ026T,410.66,Computers - Laptops,,4.0,,https://webscraper.io/test-sites/e-commerce/allinone/product/76,webscraper.io,30,luxury,2.613482402816422,1.0,Long-named mid-high items
Packard 255 G2,416.99,Computers - Laptops,,2.0,,https://webscraper.io/test-sites/e-commerce/allinone/product/31,webscraper.io,14,luxury,2.6201256401131015,3.0,Premium tier
Asus EeeBook R416NA-FA014T,433.3,Computers - Laptops,,1.0,,https://webscraper.io/test-sites/e-commerce/allinone/product/77,webscraper.io,26,luxury,2.636788689034375,1.0,Long-named mid-high items
Acer Aspire 3 A315-51,436.29,Computers - Laptops,,1.0,,https://webscraper.io/test-sites/e-commerce/allinone/product/78,webscraper.io,21,luxury,2.6397752588392382,3.0,Premium tier
Acer Aspire ES1-572 Black,436.29,Computers - Laptops,,2.0,,https://webscraper.io/test-sites/e-commerce/allinone/product/79,webscraper.io,25,luxury,2.6397752588392382,1.0,Long-named mid-high items
Acer Extensa 15 (2540) Black,439.73,Computers - Laptops,,6.0,,https://webscraper.io/test-sites/e-commerce/allinone/product/80,webscraper.io,28,luxury,2.6431860957993956,1.0,Long-named mid-high items
Acer Aspire ES1-572 Black,454.62,Computers - Laptops,,9.0,,https://webscraper.io/test-sites/e-commerce/allinone/product/81,webscraper.io,25,luxury,2.6576485376330723,1.0,Long-named mid-high items
Lenovo V110-15ISK,454.73,Computers - Laptops,,2.0,,https://webscraper.io/test-sites/e-commerce/allinone/product/82,webscraper.io,17,luxury,2.6577536069534493,3.0,Premium tier
Acer Aspire A315-51-33TG,457.38,Computers - Laptops,,9.0,,https://webscraper.io/test-sites/e-commerce/allinone/product/83,webscraper.io,24,luxury,2.6602771701536754,1.0,Long-named mid-high items
Lenovo V110-15IKB,465.95,Computers - Laptops,,7.0,,https://webscraper.io/test-sites/e-commerce/allinone/product/84,webscraper.io,17,luxury,2.668339316069546,3.0,Premium tier
Asus VivoBook 15 X540UA-DM260 Chocolate Black,468.56,Computers - Laptops,,1.0,,https://webscraper.io/test-sites/e-commerce/allinone/product/85,webscraper.io,45,luxury,2.6707652110199036,1.0,Long-named mid-high items
Acer Aspire ES1-572 Black,469.1,Computers - Laptops,,5.0,,https://webscraper.io/test-sites/e-commerce/allinone/product/86,webscraper.io,25,luxury,2.6712654329471586,1.0,Long-named mid-high items
Lenovo V510 Black,484.23,Computers - Laptops,,8.0,,https://webscraper.io/test-sites/e-commerce/allinone/product/87,webscraper.io,17,luxury,2.6850516922326335,3.0,Premium tier
Acer Aspire ES1-572 Black,485.9,Computers - Laptops,,6.0,,https://webscraper.io/test-sites/e-commerce/allinone/product/88,webscraper.io,25,luxury,2.686546899063006,1.0,Long-named mid-high items
Lenovo V510 Black,487.8,Computers - Laptops,,9.0,,https://webscraper.io/test-sites/e-commerce/allinone/product/89,webscraper.io,17,luxury,2.688241795977712,3.0,Premium tier
Acer Swift 1 SF113-31 Silver,488.64,Computers - Laptops,,4.0,,https://webscraper.io/test-sites/e-commerce/allinone/product/90,webscraper.io,28,luxury,2.688989015376327,1.0,Long-named mid-high items
Dell Vostro 15,488.78,Computers - Laptops,,14.0,,https://webscraper.io/test-sites/e-commerce/allinone/product/46,webscraper.io,14,luxury,2.6891134270476296,3.0,Premium tier
Acer Aspire 3 A315-51 Black,494.71,Computers - Laptops,,2.0,,https://webscraper.io/test-sites/e-commerce/allinone/product/91,webscraper.io,27,luxury,2.694350689221923,1.0,Long-named mid-high items
Dell Vostro 15 (3568) Red,497.17,Computers - Laptops,,9.0,,https://webscraper.io/test-sites/e-commerce/allinone/product/92,webscraper.io,25,luxury,2.6965049147653852,1.0,Long-named mid-high items
Lenovo V510 Black,498.23,Computers - Laptops,,5.0,,https://webscraper.io/test-sites/e-commerce/allinone/product/93,webscraper.io,17,luxury,2.6974298742285803,3.0,Premium tier
HP 250 G3,520.99,Computers - Laptops,,13.0,,https://webscraper.io/test-sites/e-commerce/allinone/product/42,webscraper.io,9,luxury,2.7168293874329246,0.0,Short-named budget-mid items
Acer Spin 5,564.98,Computers - Laptops,,0.0,,https://webscraper.io/test-sites/e-commerce/allinone/product/47,webscraper.io,11,luxury,2.7520330742913424,0.0,Short-named budget-mid items
HP 350 G1,577.99,Computers - Laptops,,10.0,,https://webscraper.io/test-sites/e-commerce/allinone/product/44,webscraper.io,9,luxury,2.761920324610169,0.0,Short-named budget-mid items
Aspire E1-572G,581.99,Computers - Laptops,,2.0,,https://webscraper.io/test-sites/e-commerce/allinone/product/36,webscraper.io,14,luxury,2.7649155224812803,3.0,Premium tier
Pavilion,609.99,Computers - Laptops,,4.0,,https://webscraper.io/test-sites/e-commerce/allinone/product/38,webscraper.io,8,luxury,2.7853227153707385,0.0,Short-named budget-mid items
Acer Aspire A515-51-5654,679.0,Computers - Laptops,,9.0,,https://webscraper.io/test-sites/e-commerce/allinone/product/48,webscraper.io,24,luxury,2.8318697742805017,1.0,Long-named mid-high items
Dell Inspiron 15,679.0,Computers - Laptops,,7.0,,https://webscraper.io/test-sites/e-commerce/allinone/product/49,webscraper.io,16,luxury,2.8318697742805017,3.0,Premium tier
Asus VivoBook S14,729.0,Computers - Laptops,,2.0,,https://webscraper.io/test-sites/e-commerce/allinone/product/50,webscraper.io,17,luxury,2.8627275283179747,3.0,Premium tier
ProBook,739.99,Computers - Laptops,,8.0,,https://webscraper.io/test-sites/e-commerce/allinone/product/34,webscraper.io,7,luxury,2.8692258508469712,0.0,Short-named budget-mid items
Inspiron 15,745.99,Computers - Laptops,,12.0,,https://webscraper.io/test-sites/e-commerce/allinone/product/39,webscraper.io,11,luxury,2.872733005791801,3.0,Premium tier
Asus ROG STRIX GL553VD-DM256,799.0,Computers - Laptops,,7.0,,https://webscraper.io/test-sites/e-commerce/allinone/product/51,webscraper.io,28,luxury,2.902546779313991,1.0,Long-named mid-high items
Acer Nitro 5 AN515-51,809.0,Computers - Laptops,,0.0,,https://webscraper.io/test-sites/e-commerce/allinone/product/52,webscraper.io,21,luxury,2.9079485216122722,3.0,Premium tier
Asus ROG STRIX GL553VD-DM256,899.0,Computers - Laptops,,7.0,,https://webscraper.io/test-sites/e-commerce/allinone/product/53,webscraper.io,28,luxury,2.9537596917332287,1.0,Long-named mid-high items
Lenovo ThinkPad L570,999.0,Computers - Laptops,,11.0,,https://webscraper.io/test-sites/e-commerce/allinone/product/54,webscraper.io,20,luxury,2.9995654882259823,3.0,Premium tier
ThinkPad Yoga,1033.99,Computers - Laptops,,13.0,,https://webscraper.io/test-sites/e-commerce/allinone/product/37,webscraper.io,13,luxury,3.014516338597556,3.0,Premium tier
Lenovo ThinkPad L460,1096.02,Computers - Laptops,,14.0,,https://webscraper.io/test-sites/e-commerce/allinone/product/94,webscraper.io,20,luxury,3.0398184791578284,3.0,Premium tier
Dell Inspiron 15 (7567) Black,1098.42,Computers - Laptops,,7.0,,https://webscraper.io/test-sites/e-commerce/allinone/product/95,webscraper.io,29,luxury,3.040768431922218,1.0,Long-named mid-high items
MSI GL72M 7RDX,1099.0,Computers - Laptops,,1.0,,https://webscraper.io/test-sites/e-commerce/allinone/product/96,webscraper.io,14,luxury,3.0409976924234905,3.0,Premium tier
MSI GL72M 7RDX,1099.0,Computers - Laptops,,9.0,,https://webscraper.io/test-sites/e-commerce/allinone/product/97,webscraper.io,14,luxury,3.0409976924234905,3.0,Premium tier
Asus ROG Strix GL553VD-DM535T,1101.83,Computers - Laptops,,4.0,,https://webscraper.io/test-sites/e-commerce/allinone/product/98,webscraper.io,29,luxury,3.0421145929212057,1.0,Long-named mid-high items
Dell Latitude 5280,1102.66,Computers - Laptops,,8.0,,https://webscraper.io/test-sites/e-commerce/allinone/product/99,webscraper.io,18,luxury,3.0424416204305276,3.0,Premium tier
Dell Latitude 5480,1110.14,Computers - Laptops,,4.0,,https://webscraper.io/test-sites/e-commerce/allinone/product/100,webscraper.io,18,luxury,3.0453777512132136,3.0,Premium tier
Lenovo Legion Y520-15IKBM,1112.91,Computers - Laptops,,1.0,,https://webscraper.io/test-sites/e-commerce/allinone/product/101,webscraper.io,25,luxury,3.046460044762585,1.0,Long-named mid-high items
Toshiba Portege Z30-C-16J Grey,1114.55,Computers - Laptops,,0.0,,https://webscraper.io/test-sites/e-commerce/allinone/product/102,webscraper.io,30,luxury,3.0470995562052328,1.0,Long-named mid-high items
Acer Predator Helios 300 (PH317-51),1123.87,Computers - Laptops,,1.0,,https://webscraper.io/test-sites/e-commerce/allinone/product/103,webscraper.io,35,luxury,3.0507160785392387,1.0,Long-named mid-high items
Acer Aspire 7 A715-71G,1123.87,Computers - Laptops,,4.0,,https://webscraper.io/test-sites/e-commerce/allinone/product/104,webscraper.io,22,luxury,3.0507160785392387,3.0,Premium tier
Dell Inspiron 17 2in1 (7779) Silver,1124.2,Computers - Laptops,,10.0,,https://webscraper.io/test-sites/e-commerce/allinone/product/105,webscraper.io,35,luxury,3.050843580956919,1.0,Long-named mid-high items
Dell Latitude 5480,1133.82,Computers - Laptops,,14.0,,https://webscraper.io/test-sites/e-commerce/allinone/product/106,webscraper.io,18,luxury,3.0545441134531788,3.0,Premium tier
Lenovo Legion Y520,1133.91,Computers - Laptops,,13.0,,https://webscraper.io/test-sites/e-commerce/allinone/product/107,webscraper.io,18,luxury,3.054578585373021,3.0,Premium tier
Asus AsusPro Advanced BU401LA-FA271G Dark Grey,1139.54,Computers - Laptops,,7.0,,https://webscraper.io/test-sites/e-commerce/allinone/product/108,webscraper.io,46,luxury,3.056729574338142,1.0,Long-named mid-high items
Acer Nitro 5 AN515-51,1140.62,Computers - Laptops,,14.0,,https://webscraper.io/test-sites/e-commerce/allinone/product/109,webscraper.io,21,luxury,3.057140982375763,3.0,Premium tier
Dell Latitude 5480,1143.4,Computers - Laptops,,5.0,,https://webscraper.io/test-sites/e-commerce/allinone/product/110,webscraper.io,18,luxury,3.058198187878254,3.0,Premium tier
Dell Inspiron 15 (7567) Black,1144.2,Computers - Laptops,,2.0,,https://webscraper.io/test-sites/e-commerce/allinone/product/111,webscraper.io,29,luxury,3.058501943429649,1.0,Long-named mid-high items
Dell Latitude 5580,1144.4,Computers - Laptops,,10.0,,https://webscraper.io/test-sites/e-commerce/allinone/product/112,webscraper.io,18,luxury,3.058577849133225,3.0,Premium tier
Lenovo Legion Y520-15IKBM,1149.0,Computers - Laptops,,11.0,,https://webscraper.io/test-sites/e-commerce/allinone/product/55,webscraper.io,25,luxury,3.060320028688285,1.0,Long-named mid-high items
MSI GP62M 7RDX Leopard,1149.0,Computers - Laptops,,11.0,,https://webscraper.io/test-sites/e-commerce/allinone/product/113,webscraper.io,22,luxury,3.060320028688285,3.0,Premium tier
Lenovo Yoga 720 Grey,1149.73,Computers - Laptops,,12.0,,https://webscraper.io/test-sites/e-commerce/allinone/product/114,webscraper.io,20,luxury,3.060595863590555,3.0,Premium tier
Toshiba Portege Z30-C-16L Grey,1154.04,Computers - Laptops,,7.0,,https://webscraper.io/test-sites/e-commerce/allinone/product/115,webscraper.io,30,luxury,3.062220862093727,1.0,Long-named mid-high items
Acer TravelMate P645-S-511A Black,1170.1,Computers - Laptops,,0.0,,https://webscraper.io/test-sites/e-commerce/allinone/product/116,webscraper.io,33,luxury,3.0682229793464493,1.0,Long-named mid-high items
Dell Latitude 5580,1178.19,Computers - Laptops,,6.0,,https://webscraper.io/test-sites/e-commerce/allinone/product/117,webscraper.io,18,luxury,3.0712153322997797,3.0,Premium tier
ThinkPad T540p,1178.99,Computers - Laptops,,2.0,,https://webscraper.io/test-sites/e-commerce/allinone/product/33,webscraper.io,14,luxury,3.0715101214960754,3.0,Premium tier
MSI GS63 7RD Stealth,1179.0,Computers - Laptops,,2.0,,https://webscraper.io/test-sites/e-commerce/allinone/product/118,webscraper.io,20,luxury,3.071513805095089,3.0,Premium tier
Dell Latitude 5480,1187.88,Computers - Laptops,,5.0,,https://webscraper.io/test-sites/e-commerce/allinone/product/119,webscraper.io,18,luxury,3.074772570299978,3.0,Premium tier
Acer Predator Helios 300 (PH317-51),1187.98,Computers - Laptops,,14.0,,https://webscraper.io/test-sites/e-commerce/allinone/product/120,webscraper.io,35,luxury,3.0748091292287163,1.0,Long-named mid-high items
MSI GL62M 7REX,1199.0,Computers - Laptops,,7.0,,https://webscraper.io/test-sites/e-commerce/allinone/product/121,webscraper.io,14,luxury,3.0788191830988487,3.0,Premium tier
MSI GL62M 7REX2,1199.0,Computers - Laptops,,12.0,,https://webscraper.io/test-sites/e-commerce/allinone/product/122,webscraper.io,15,luxury,3.0788191830988487,3.0,Premium tier
Lenovo Yoga 910 Grey,1199.73,Computers - Laptops,,7.0,,https://webscraper.io/test-sites/e-commerce/allinone/product/123,webscraper.io,20,luxury,3.0790835187944685,3.0,Premium tier
Toshiba Portege X30-D-10J Black/Blue,1203.41,Computers - Laptops,,13.0,,https://webscraper.io/test-sites/e-commerce/allinone/product/124,webscraper.io,36,luxury,3.0804136160361213,1.0,Long-named mid-high items
Lenovo IdeaPad Miix 510 Platinum Silver,1212.16,Computers - Laptops,,0.0,,https://webscraper.io/test-sites/e-commerce/allinone/product/125,webscraper.io,39,luxury,3.083559948651142,1.0,Long-named mid-high items
Acer Predator Helios 300 (PH317-51),1221.58,Computers - Laptops,,9.0,,https://webscraper.io/test-sites/e-commerce/allinone/product/126,webscraper.io,35,luxury,3.086921913733416,1.0,Long-named mid-high items
ThinkPad Yoga,1223.99,Computers - Laptops,,2.0,,https://webscraper.io/test-sites/e-commerce/allinone/product/43,webscraper.io,13,luxury,3.087777869637516,3.0,Premium tier
Asus VivoBook Pro 15 N580VN-FI006T Gold Metal,1235.49,Computers - Laptops,,10.0,,https://webscraper.io/test-sites/e-commerce/allinone/product/127,webscraper.io,45,luxury,3.091839234592493,1.0,Long-named mid-high items
Dell Latitude 5480,1238.37,Computers - Laptops,,0.0,,https://webscraper.io/test-sites/e-commerce/allinone/product/128,webscraper.io,18,luxury,3.092850422511726,3.0,Premium tier
Asus ZenBook UX530UX-FY040T Blue,1239.2,Computers - Laptops,,14.0,,https://webscraper.io/test-sites/e-commerce/allinone/product/129,webscraper.io,32,luxury,3.0931414047511496,1.0,Long-named mid-high items
ThinkPad X230,1244.99,Computers - Laptops,,10.0,,https://webscraper.io/test-sites/e-commerce/allinone/product/41,webscraper.io,13,luxury,3.095165863108654,3.0,Premium tier
Asus ROG Strix GL753VE-GC096T,1259.0,Computers - Laptops,,7.0,,https://webscraper.io/test-sites/e-commerce/allinone/product/130,webscraper.io,29,luxury,3.1000257301078626,1.0,Long-named mid-high items
"Apple MacBook Air 13""",1260.13,Computers - Laptops,,8.0,,https://webscraper.io/test-sites/e-commerce/allinone/product/131,webscraper.io,21,luxury,3.100415350967021,3.0,Premium tier
Dell Latitude 5480,1271.06,Computers - Laptops,,13.0,,https://webscraper.io/test-sites/e-commerce/allinone/product/132,webscraper.io,18,luxury,3.104166051776575,3.0,Premium tier
Hewlett Packard Spectre 13-v106na Dark Ash Silver,1273.11,Computers - Laptops,,8.0,,https://webscraper.io/test-sites/e-commerce/allinone/product/133,webscraper.io,49,luxury,3.1048659294424383,1.0,Long-named mid-high items
Dell XPS 13,1281.99,Computers - Laptops,,4.0,,https://webscraper.io/test-sites/e-commerce/allinone/product/40,webscraper.io,11,luxury,3.107884637537122,3.0,Premium tier
Toshiba Portege Z30-C-16K Grey,1294.74,Computers - Laptops,,6.0,,https://webscraper.io/test-sites/e-commerce/allinone/product/134,webscraper.io,30,luxury,3.112182565404092,1.0,Long-named mid-high items
MSI GL62VR 7RFX,1299.0,Computers - Laptops,,1.0,,https://webscraper.io/test-sites/e-commerce/allinone/product/135,webscraper.io,15,luxury,3.1136091510730277,3.0,Premium tier
Dell Latitude 5480,1310.39,Computers - Laptops,,8.0,,https://webscraper.io/test-sites/e-commerce/allinone/product/136,webscraper.io,18,luxury,3.1174005701906182,3.0,Premium tier
ThinkPad X240,1311.99,Computers - Laptops,,12.0,,https://webscraper.io/test-sites/e-commerce/allinone/product/35,webscraper.io,13,luxury,3.1179305248556703,3.0,Premium tier
Hewlett Packard ProBook 640 G3,1326.83,Computers - Laptops,,2.0,,https://webscraper.io/test-sites/e-commerce/allinone/product/137,webscraper.io,30,luxury,3.122815282479012,1.0,Long-named mid-high items
"Apple MacBook Pro 13"" Space Gray",1333.0,Computers - Laptops,,0.0,,https://webscraper.io/test-sites/e-commerce/allinone/product/138,webscraper.io,32,luxury,3.1248301494138593,1.0,Long-named mid-high items
Dell Latitude 5580,1337.28,Computers - Laptops,,6.0,,https://webscraper.io/test-sites/e-commerce/allinone/product/139,webscraper.io,18,luxury,3.1262223494635317,3.0,Premium tier
Dell Latitude 5480,1338.37,Computers - Laptops,,11.0,,https://webscraper.io/test-sites/e-commerce/allinone/product/140,webscraper.io,18,luxury,3.1265761932110037,3.0,Premium tier
Dell Latitude 5580,1341.22,Computers - Laptops,,3.0,,https://webscraper.io/test-sites/e-commerce/allinone/product/141,webscraper.io,18,luxury,3.1275000209161,3.0,Premium tier
"Apple MacBook Air 13""",1347.78,Computers - Laptops,,11.0,,https://webscraper.io/test-sites/e-commerce/allinone/product/142,webscraper.io,21,luxury,3.1296190074934045,3.0,Premium tier
Lenovo ThinkPad T470,1349.23,Computers - Laptops,,5.0,,https://webscraper.io/test-sites/e-commerce/allinone/product/143,webscraper.io,20,luxury,3.1300859891207873,3.0,Premium tier
Lenovo ThinkPad Yoga 370 Black,1362.24,Computers - Laptops,,12.0,,https://webscraper.io/test-sites/e-commerce/allinone/product/144,webscraper.io,30,luxury,3.1342536284970426,1.0,Long-named mid-high items
Toshiba Portege X20W-D-10V Black/Blue,1366.32,Computers - Laptops,,11.0,,https://webscraper.io/test-sites/e-commerce/allinone/product/145,webscraper.io,37,luxury,3.1355524255231537,1.0,Long-named mid-high items
Asus ASUSPRO B9440UA-GV0279R Gray,1381.13,Computers - Laptops,,4.0,,https://webscraper.io/test-sites/e-commerce/allinone/product/146,webscraper.io,33,luxury,3.1402345588287925,1.0,Long-named mid-high items
Lenovo Legion Y720,1399.0,Computers - Laptops,,8.0,,https://webscraper.io/test-sites/e-commerce/allinone/product/56,webscraper.io,18,luxury,3.1458177144918276,3.0,Premium tier
Asus ROG Strix GL702VM-GC146T,1399.0,Computers - Laptops,,10.0,,https://webscraper.io/test-sites/e-commerce/allinone/product/147,webscraper.io,29,luxury,3.1458177144918276,1.0,Long-named mid-high items
Asus ROG Strix GL702ZC-GC154T,1769.0,Computers - Laptops,,7.0,,https://webscraper.io/test-sites/e-commerce/allinone/product/57,webscraper.io,29,luxury,3.2477278329097232,1.0,Long-named mid-high items
Asus ROG Strix GL702ZC-GC209T,1769.0,Computers - Laptops,,8.0,,https://webscraper.io/test-sites/e-commerce/allinone/product/58,webscraper.io,29,luxury,3.2477278329097232,1.0,Long-named mid-high items
Asus ROG Strix SCAR Edition GL503VM-ED115T,1799.0,Computers - Laptops,,8.0,,https://webscraper.io/test-sites/e-commerce/allinone/product/59,webscraper.io,42,luxury,3.2550311633455515,1.0,Long-named mid-high items
Lenovo IdeaTab,69.99,Computers - Tablets,,7.0,,https://webscraper.io/test-sites/e-commerce/allinone/product/10,webscraper.io,14,premium,1.845035993513415,2.0,Cross-source budget items
IdeaTab A3500L,88.99,Computers - Tablets,,7.0,,https://webscraper.io/test-sites/e-commerce/allinone/product/15,webscraper.io,14,premium,1.9493412067704974,0.0,Short-named budget-mid items
Acer Iconia,96.99,Computers - Tablets,,7.0,,https://webscraper.io/test-sites/e-commerce/allinone/product/11,webscraper.io,11,premium,1.9867269593312185,0.0,Short-named budget-mid items
Galaxy Tab 3,97.99,Computers - Tablets,,2.0,,https://webscraper.io/test-sites/e-commerce/allinone/product/18,webscraper.io,12,premium,1.9911817576678732,0.0,Short-named budget-mid items
Iconia B1-730HD,99.99,Computers - Tablets,,1.0,,https://webscraper.io/test-sites/e-commerce/allinone/product/27,webscraper.io,15,premium,1.9999565683801925,0.0,Short-named budget-mid items
Memo Pad HD 7,101.99,Computers - Tablets,,10.0,,https://webscraper.io/test-sites/e-commerce/allinone/product/23,webscraper.io,13,premium,2.008557591784247,0.0,Short-named budget-mid items
Asus MeMO Pad,102.99,Computers - Tablets,,14.0,,https://webscraper.io/test-sites/e-commerce/allinone/product/12,webscraper.io,13,premium,2.0127950581454126,0.0,Short-named budget-mid items
Amazon Kindle,103.99,Computers - Tablets,,3.0,,https://webscraper.io/test-sites/e-commerce/allinone/product/13,webscraper.io,13,premium,2.016991578206205,0.0,Short-named budget-mid items
Galaxy Tab 3,107.99,Computers - Tablets,,14.0,,https://webscraper.io/test-sites/e-commerce/allinone/product/22,webscraper.io,12,premium,2.033383541173119,0.0,Short-named budget-mid items
IdeaTab A8-50,121.99,Computers - Tablets,,13.0,,https://webscraper.io/test-sites/e-commerce/allinone/product/28,webscraper.io,13,premium,2.086324231307385,0.0,Short-named budget-mid items
MeMO Pad 7,130.99,Computers - Tablets,,11.0,,https://webscraper.io/test-sites/e-commerce/allinone/product/20,webscraper.io,10,premium,2.11723814213982,0.0,Short-named budget-mid items
IdeaTab A3500-H,148.99,Computers - Tablets,,9.0,,https://webscraper.io/test-sites/e-commerce/allinone/product/17,webscraper.io,15,premium,2.173157120153469,0.0,Short-named budget-mid items
IdeaTab S5000,172.99,Computers - Tablets,,8.0,,https://webscraper.io/test-sites/e-commerce/allinone/product/26,webscraper.io,13,luxury,2.2380209986759487,0.0,Short-named budget-mid items
Galaxy Tab 4,233.99,Computers - Tablets,,1.0,,https://webscraper.io/test-sites/e-commerce/allinone/product/21,webscraper.io,12,luxury,2.3691972974203153,0.0,Short-named budget-mid items
Galaxy Tab,251.99,Computers - Tablets,,14.0,,https://webscraper.io/test-sites/e-commerce/allinone/product/16,webscraper.io,10,luxury,2.4013833065315806,0.0,Short-named budget-mid items
MeMo PAD FHD 10,320.99,Computers - Tablets,,7.0,,https://webscraper.io/test-sites/e-commerce/allinone/product/25,webscraper.io,15,luxury,2.506491502771017,0.0,Short-named budget-mid items
Galaxy Note,399.99,Computers - Tablets,,12.0,,https://webscraper.io/test-sites/e-commerce/allinone/product/29,webscraper.io,11,luxury,2.6020491338301954,0.0,Short-named budget-mid items
Galaxy Note,489.99,Computers - Tablets,,9.0,,https://webscraper.io/test-sites/e-commerce/allinone/product/19,webscraper.io,11,luxury,2.69018721678538,0.0,Short-named budget-mid items
iPad Mini Retina,537.99,Computers - Tablets,,8.0,,https://webscraper.io/test-sites/e-commerce/allinone/product/14,webscraper.io,16,luxury,2.7307742032032265,3.0,Premium tier
Galaxy Note 10.1,587.99,Computers - Tablets,,6.0,,https://webscraper.io/test-sites/e-commerce/allinone/product/24,webscraper.io,16,luxury,2.7693699400527554,3.0,Premium tier
Apple iPad Air,603.99,Computers - Tablets,,7.0,,https://webscraper.io/test-sites/e-commerce/allinone/product/30,webscraper.io,14,luxury,2.781029748255617,3.0,Premium tier
Essence Mascara Lash Princess,9.99,Other,2.56,3.0,https://cdn.dummyjson.com/product-images/beauty/essence-mascara-lash-princess/thumbnail.webp,https://dummyjson.com/products/1,dummyjson.com,29,budget,0.9995654882259823,2.0,Cross-source budget items
Eyeshadow Palette with Mirror,19.99,Other,2.86,3.0,https://cdn.dummyjson.com/product-images/beauty/eyeshadow-palette-with-mirror/thumbnail.webp,https://dummyjson.com/products/2,dummyjson.com,29,budget,1.300812794118117,1.0,Long-named mid-high items
Powder Canister,14.99,Other,4.64,3.0,https://cdn.dummyjson.com/product-images/beauty/powder-canister/thumbnail.webp,https://dummyjson.com/products/3,dummyjson.com,15,budget,1.1758016328482794,2.0,Cross-source budget items
Red Lipstick,12.99,Other,4.36,3.0,https://cdn.dummyjson.com/product-images/beauty/red-lipstick/thumbnail.webp,https://dummyjson.com/products/4,dummyjson.com,12,budget,1.113609151073028,2.0,Cross-source budget items
Red Nail Polish,8.99,Other,4.32,3.0,https://cdn.dummyjson.com/product-images/beauty/red-nail-polish/thumbnail.webp,https://dummyjson.com/products/5,dummyjson.com,15,budget,0.9537596917332288,2.0,Cross-source budget items
Calvin Klein CK One,49.99,Other,4.37,3.0,https://cdn.dummyjson.com/product-images/fragrances/calvin-klein-ck-one/thumbnail.webp,https://dummyjson.com/products/6,dummyjson.com,19,mid,1.6988831367525903,2.0,Cross-source budget items
Chanel Coco Noir Eau De,129.99,Other,4.26,3.0,https://cdn.dummyjson.com/product-images/fragrances/chanel-coco-noir-eau-de/thumbnail.webp,https://dummyjson.com/products/7,dummyjson.com,23,premium,2.113909943754037,1.0,Long-named mid-high items
Dior J'adore,89.99,Other,3.8,3.0,https://cdn.dummyjson.com/product-images/fragrances/dior-j'adore/thumbnail.webp,https://dummyjson.com/products/8,dummyjson.com,12,premium,1.9541942518158624,0.0,Short-named budget-mid items
Dolce Shine Eau de,69.99,Other,3.96,3.0,https://cdn.dummyjson.com/product-images/fragrances/dolce-shine-eau-de/thumbnail.webp,https://dummyjson.com/products/9,dummyjson.com,18,premium,1.845035993513415,2.0,Cross-source budget items
Gucci Bloom Eau de,79.99,Other,2.74,3.0,https://cdn.dummyjson.com/product-images/fragrances/gucci-bloom-eau-de/thumbnail.webp,https://dummyjson.com/products/10,dummyjson.com,18,premium,1.9030356967884972,2.0,Cross-source budget items
Annibale Colombo Bed,1899.99,Other,4.77,3.0,https://cdn.dummyjson.com/product-images/furniture/annibale-colombo-bed/thumbnail.webp,https://dummyjson.com/products/11,dummyjson.com,20,luxury,3.2787513151863825,3.0,Premium tier
Annibale Colombo Sofa,2499.99,Other,3.92,3.0,https://cdn.dummyjson.com/product-images/furniture/annibale-colombo-sofa/thumbnail.webp,https://dummyjson.com/products/12,dummyjson.com,21,luxury,3.3979382714906357,3.0,Premium tier
Bedside Table African Cherry,299.99,Other,2.87,3.0,https://cdn.dummyjson.com/product-images/furniture/bedside-table-african-cherry/thumbnail.webp,https://dummyjson.com/products/13,dummyjson.com,28,luxury,2.4771067779956524,1.0,Long-named mid-high items
Knoll Saarinen Executive Conference Chair,499.99,Other,4.88,3.0,https://cdn.dummyjson.com/product-images/furniture/knoll-saarinen-executive-conference-chair/thumbnail.webp,https://dummyjson.com/products/14,dummyjson.com,41,luxury,2.6989613183595207,1.0,Long-named mid-high items
Wooden Bathroom Sink With Mirror,799.99,Other,3.59,3.0,https://cdn.dummyjson.com/product-images/furniture/wooden-bathroom-sink-with-mirror/thumbnail.webp,https://dummyjson.com/products/15,dummyjson.com,32,luxury,2.90308455827699,1.0,Long-named mid-high items
Apple,1.99,Groceries,4.19,3.0,https://cdn.dummyjson.com/product-images/groceries/apple/thumbnail.webp,https://dummyjson.com/products/16,dummyjson.com,5,budget,0.29885307640970665,2.0,Cross-source budget items
Beef Steak,12.99,Groceries,4.47,3.0,https://cdn.dummyjson.com/product-images/groceries/beef-steak/thumbnail.webp,https://dummyjson.com/products/17,dummyjson.com,10,budget,1.113609151073028,2.0,Cross-source budget items
Cat Food,8.99,Groceries,3.13,3.0,https://cdn.dummyjson.com/product-images/groceries/cat-food/thumbnail.webp,https://dummyjson.com/products/18,dummyjson.com,8,budget,0.9537596917332288,2.0,Cross-source budget items
Chicken Meat,9.99,Groceries,3.19,3.0,https://cdn.dummyjson.com/product-images/groceries/chicken-meat/thumbnail.webp,https://dummyjson.com/products/19,dummyjson.com,12,budget,0.9995654882259823,2.0,Cross-source budget items
Cooking Oil,4.99,Groceries,4.8,3.0,https://cdn.dummyjson.com/product-images/groceries/cooking-oil/thumbnail.webp,https://dummyjson.com/products/20,dummyjson.com,11,budget,0.69810054562339,2.0,Cross-source budget items
Cucumber,1.49,Groceries,4.07,3.0,https://cdn.dummyjson.com/product-images/groceries/cucumber/thumbnail.webp,https://dummyjson.com/products/21,dummyjson.com,8,budget,0.17318626841227402,2.0,Cross-source budget items
Dog Food,10.99,Groceries,4.55,3.0,https://cdn.dummyjson.com/product-images/groceries/dog-food/thumbnail.webp,https://dummyjson.com/products/22,dummyjson.com,8,budget,1.0409976924234905,2.0,Cross-source budget items
Eggs,2.99,Groceries,2.53,3.0,https://cdn.dummyjson.com/product-images/groceries/eggs/thumbnail.webp,https://dummyjson.com/products/23,dummyjson.com,4,budget,0.4756711883244297,2.0,Cross-source budget items
Fish Steak,14.99,Groceries,3.78,3.0,https://cdn.dummyjson.com/product-images/groceries/fish-steak/thumbnail.webp,https://dummyjson.com/products/24,dummyjson.com,10,budget,1.1758016328482794,2.0,Cross-source budget items
Green Bell Pepper,1.29,Groceries,3.25,3.0,https://cdn.dummyjson.com/product-images/groceries/green-bell-pepper/thumbnail.webp,https://dummyjson.com/products/25,dummyjson.com,17,budget,0.11058971029924898,2.0,Cross-source budget items
Green Chili Pepper,0.99,Groceries,3.66,3.0,https://cdn.dummyjson.com/product-images/groceries/green-chili-pepper/thumbnail.webp,https://dummyjson.com/products/26,dummyjson.com,18,budget,-0.004364805402450088,2.0,Cross-source budget items
Honey Jar,6.99,Groceries,3.97,3.0,https://cdn.dummyjson.com/product-images/groceries/honey-jar/thumbnail.webp,https://dummyjson.com/products/27,dummyjson.com,9,budget,0.8444771757456814,2.0,Cross-source budget items
Ice Cream,5.49,Groceries,3.39,3.0,https://cdn.dummyjson.com/product-images/groceries/ice-cream/thumbnail.webp,https://dummyjson.com/products/28,dummyjson.com,9,budget,0.7395723444500919,2.0,Cross-source budget items
Juice,3.99,Groceries,3.94,3.0,https://cdn.dummyjson.com/product-images/groceries/juice/thumbnail.webp,https://dummyjson.com/products/29,dummyjson.com,5,budget,0.6009728956867483,2.0,Cross-source budget items
Kiwi,2.49,Groceries,4.93,3.0,https://cdn.dummyjson.com/product-images/groceries/kiwi/thumbnail.webp,https://dummyjson.com/products/30,dummyjson.com,4,budget,0.3961993470957364,2.0,Cross-source budget items
Lemon,0.79,Groceries,3.53,3.0,https://cdn.dummyjson.com/product-images/groceries/lemon/thumbnail.webp,https://dummyjson.com/products/31,dummyjson.com,5,budget,-0.10237290870955855,2.0,Cross-source budget items
Milk,3.49,Groceries,2.61,3.0,https://cdn.dummyjson.com/product-images/groceries/milk/thumbnail.webp,https://dummyjson.com/products/32,dummyjson.com,4,budget,0.5428254269591799,2.0,Cross-source budget items
Mulberry,4.99,Groceries,4.95,3.0,https://cdn.dummyjson.com/product-images/groceries/mulberry/thumbnail.webp,https://dummyjson.com/products/33,dummyjson.com,8,budget,0.69810054562339,2.0,Cross-source budget items
Nescafe Coffee,7.99,Groceries,4.82,3.0,https://cdn.dummyjson.com/product-images/groceries/nescafe-coffee/thumbnail.webp,https://dummyjson.com/products/34,dummyjson.com,14,budget,0.9025467793139914,2.0,Cross-source budget items
Potatoes,2.29,Groceries,4.81,3.0,https://cdn.dummyjson.com/product-images/groceries/potatoes/thumbnail.webp,https://dummyjson.com/products/35,dummyjson.com,8,budget,0.359835482339888,2.0,Cross-source budget items
Protein Powder,19.99,Groceries,4.18,3.0,https://cdn.dummyjson.com/product-images/groceries/protein-powder/thumbnail.webp,https://dummyjson.com/products/36,dummyjson.com,14,budget,1.300812794118117,2.0,Cross-source budget items
Red Onions,1.99,Groceries,4.2,3.0,https://cdn.dummyjson.com/product-images/groceries/red-onions/thumbnail.webp,https://dummyjson.com/products/37,dummyjson.com,10,budget,0.29885307640970665,2.0,Cross-source budget items
Rice,5.99,Groceries,3.18,3.0,https://cdn.dummyjson.com/product-images/groceries/rice/thumbnail.webp,https://dummyjson.com/products/38,dummyjson.com,4,budget,0.7774268223893114,2.0,Cross-source budget items
Soft Drinks,1.99,Groceries,4.75,3.0,https://cdn.dummyjson.com/product-images/groceries/soft-drinks/thumbnail.webp,https://dummyjson.com/products/39,dummyjson.com,11,budget,0.29885307640970665,2.0,Cross-source budget items
Strawberry,3.99,Groceries,3.08,3.0,https://cdn.dummyjson.com/product-images/groceries/strawberry/thumbnail.webp,https://dummyjson.com/products/40,dummyjson.com,10,budget,0.6009728956867483,2.0,Cross-source budget items
Tissue Paper Box,2.49,Groceries,2.69,3.0,https://cdn.dummyjson.com/product-images/groceries/tissue-paper-box/thumbnail.webp,https://dummyjson.com/products/41,dummyjson.com,16,budget,0.3961993470957364,2.0,Cross-source budget items
Water,0.99,Groceries,4.96,3.0,https://cdn.dummyjson.com/product-images/groceries/water/thumbnail.webp,https://dummyjson.com/products/42,dummyjson.com,5,budget,-0.004364805402450088,2.0,Cross-source budget items
Decoration Swing,59.99,Other,3.16,3.0,https://cdn.dummyjson.com/product-images/home-decoration/decoration-swing/thumbnail.webp,https://dummyjson.com/products/43,dummyjson.com,16,mid,1.778078861937455,2.0,Cross-source budget items
Family Tree Photo Frame,29.99,Other,4.53,3.0,https://cdn.dummyjson.com/product-images/home-decoration/family-tree-photo-frame/thumbnail.webp,https://dummyjson.com/products/44,dummyjson.com,23,mid,1.476976465759527,2.0,Cross-source budget items
House Showpiece Plant,39.99,Other,4.67,3.0,https://cdn.dummyjson.com/product-images/home-decoration/house-showpiece-plant/thumbnail.webp,https://dummyjson.com/products/45,dummyjson.com,21,mid,1.6019514041335217,2.0,Cross-source budget items
Plant Pot,14.99,Other,3.01,3.0,https://cdn.dummyjson.com/product-images/home-decoration/plant-pot/thumbnail.webp,https://dummyjson.com/products/46,dummyjson.com,9,budget,1.1758016328482794,2.0,Cross-source budget items
Table Lamp,49.99,Other,3.55,3.0,https://cdn.dummyjson.com/product-images/home-decoration/table-lamp/thumbnail.webp,https://dummyjson.com/products/47,dummyjson.com,10,mid,1.6988831367525903,2.0,Cross-source budget items
Bamboo Spatula,7.99,Kitchen Accessories,3.27,3.0,https://cdn.dummyjson.com/product-images/kitchen-accessories/bamboo-spatula/thumbnail.webp,https://dummyjson.com/products/48,dummyjson.com,14,budget,0.9025467793139914,2.0,Cross-source budget items
Black Aluminium Cup,5.99,Kitchen Accessories,4.46,3.0,https://cdn.dummyjson.com/product-images/kitchen-accessories/black-aluminium-cup/thumbnail.webp,https://dummyjson.com/products/49,dummyjson.com,19,budget,0.7774268223893114,2.0,Cross-source budget items
Black Whisk,9.99,Kitchen Accessories,3.9,3.0,https://cdn.dummyjson.com/product-images/kitchen-accessories/black-whisk/thumbnail.webp,https://dummyjson.com/products/50,dummyjson.com,11,budget,0.9995654882259823,2.0,Cross-source budget items
Boxed Blender,39.99,Kitchen Accessories,4.56,3.0,https://cdn.dummyjson.com/product-images/kitchen-accessories/boxed-blender/thumbnail.webp,https://dummyjson.com/products/51,dummyjson.com,13,mid,1.6019514041335217,2.0,Cross-source budget items
Carbon Steel Wok,29.99,Kitchen Accessories,4.05,3.0,https://cdn.dummyjson.com/product-images/kitchen-accessories/carbon-steel-wok/thumbnail.webp,https://dummyjson.com/products/52,dummyjson.com,16,mid,1.476976465759527,2.0,Cross-source budget items
Chopping Board,12.99,Kitchen Accessories,3.7,3.0,https://cdn.dummyjson.com/product-images/kitchen-accessories/chopping-board/thumbnail.webp,https://dummyjson.com/products/53,dummyjson.com,14,budget,1.113609151073028,2.0,Cross-source budget items
Citrus Squeezer Yellow,8.99,Kitchen Accessories,4.63,3.0,https://cdn.dummyjson.com/product-images/kitchen-accessories/citrus-squeezer-yellow/thumbnail.webp,https://dummyjson.com/products/54,dummyjson.com,22,budget,0.9537596917332288,2.0,Cross-source budget items
Egg Slicer,6.99,Kitchen Accessories,3.09,3.0,https://cdn.dummyjson.com/product-images/kitchen-accessories/egg-slicer/thumbnail.webp,https://dummyjson.com/products/55,dummyjson.com,10,budget,0.8444771757456814,2.0,Cross-source budget items
Electric Stove,49.99,Kitchen Accessories,4.11,3.0,https://cdn.dummyjson.com/product-images/kitchen-accessories/electric-stove/thumbnail.webp,https://dummyjson.com/products/56,dummyjson.com,14,mid,1.6988831367525903,2.0,Cross-source budget items
Fine Mesh Strainer,9.99,Kitchen Accessories,3.04,3.0,https://cdn.dummyjson.com/product-images/kitchen-accessories/fine-mesh-strainer/thumbnail.webp,https://dummyjson.com/products/57,dummyjson.com,18,budget,0.9995654882259823,2.0,Cross-source budget items
Fork,3.99,Kitchen Accessories,3.11,3.0,https://cdn.dummyjson.com/product-images/kitchen-accessories/fork/thumbnail.webp,https://dummyjson.com/products/58,dummyjson.com,4,budget,0.6009728956867483,2.0,Cross-source budget items
Glass,4.99,Kitchen Accessories,4.02,3.0,https://cdn.dummyjson.com/product-images/kitchen-accessories/glass/thumbnail.webp,https://dummyjson.com/products/59,dummyjson.com,5,budget,0.69810054562339,2.0,Cross-source budget items
Grater Black,10.99,Kitchen Accessories,3.21,3.0,https://cdn.dummyjson.com/product-images/kitchen-accessories/grater-black/thumbnail.webp,https://dummyjson.com/products/60,dummyjson.com,12,budget,1.0409976924234905,2.0,Cross-source budget items
Hand Blender,34.99,Kitchen Accessories,3.86,3.0,https://cdn.dummyjson.com/product-images/kitchen-accessories/hand-blender/thumbnail.webp,https://dummyjson.com/products/61,dummyjson.com,12,mid,1.5439439424829065,2.0,Cross-source budget items
Ice Cube Tray,5.99,Kitchen Accessories,4.71,3.0,https://cdn.dummyjson.com/product-images/kitchen-accessories/ice-cube-tray/thumbnail.webp,https://dummyjson.com/products/62,dummyjson.com,13,budget,0.7774268223893114,2.0,Cross-source budget items
Kitchen Sieve,7.99,Kitchen Accessories,3.09,3.0,https://cdn.dummyjson.com/product-images/kitchen-accessories/kitchen-sieve/thumbnail.webp,https://dummyjson.com/products/63,dummyjson.com,13,budget,0.9025467793139914,2.0,Cross-source budget items
Knife,14.99,Kitchen Accessories,3.26,3.0,https://cdn.dummyjson.com/product-images/kitchen-accessories/knife/thumbnail.webp,https://dummyjson.com/products/64,dummyjson.com,5,budget,1.1758016328482794,2.0,Cross-source budget items
Lunch Box,12.99,Kitchen Accessories,4.93,3.0,https://cdn.dummyjson.com/product-images/kitchen-accessories/lunch-box/thumbnail.webp,https://dummyjson.com/products/65,dummyjson.com,9,budget,1.113609151073028,2.0,Cross-source budget items
Microwave Oven,89.99,Kitchen Accessories,4.82,3.0,https://cdn.dummyjson.com/product-images/kitchen-accessories/microwave-oven/thumbnail.webp,https://dummyjson.com/products/66,dummyjson.com,14,premium,1.9541942518158624,0.0,Short-named budget-mid items
Mug Tree Stand,15.99,Kitchen Accessories,2.64,3.0,https://cdn.dummyjson.com/product-images/kitchen-accessories/mug-tree-stand/thumbnail.webp,https://dummyjson.com/products/67,dummyjson.com,14,budget,1.2038484637462348,2.0,Cross-source budget items
Pan,24.99,Kitchen Accessories,2.79,3.0,https://cdn.dummyjson.com/product-images/kitchen-accessories/pan/thumbnail.webp,https://dummyjson.com/products/68,dummyjson.com,3,mid,1.39776625612645,2.0,Cross-source budget items
Plate,3.99,Kitchen Accessories,3.65,3.0,https://cdn.dummyjson.com/product-images/kitchen-accessories/plate/thumbnail.webp,https://dummyjson.com/products/69,dummyjson.com,5,budget,0.6009728956867483,2.0,Cross-source budget items
Red Tongs,6.99,Kitchen Accessories,4.42,3.0,https://cdn.dummyjson.com/product-images/kitchen-accessories/red-tongs/thumbnail.webp,https://dummyjson.com/products/70,dummyjson.com,9,budget,0.8444771757456814,2.0,Cross-source budget items
Silver Pot With Glass Cap,39.99,Kitchen Accessories,3.22,3.0,https://cdn.dummyjson.com/product-images/kitchen-accessories/silver-pot-with-glass-cap/thumbnail.webp,https://dummyjson.com/products/71,dummyjson.com,25,mid,1.6019514041335217,1.0,Long-named mid-high items
Slotted Turner,8.99,Kitchen Accessories,3.4,3.0,https://cdn.dummyjson.com/product-images/kitchen-accessories/slotted-turner/thumbnail.webp,https://dummyjson.com/products/72,dummyjson.com,14,budget,0.9537596917332288,2.0,Cross-source budget items
Spice Rack,19.99,Kitchen Accessories,4.87,3.0,https://cdn.dummyjson.com/product-images/kitchen-accessories/spice-rack/thumbnail.webp,https://dummyjson.com/products/73,dummyjson.com,10,budget,1.300812794118117,2.0,Cross-source budget items
Spoon,4.99,Kitchen Accessories,4.03,3.0,https://cdn.dummyjson.com/product-images/kitchen-accessories/spoon/thumbnail.webp,https://dummyjson.com/products/74,dummyjson.com,5,budget,0.69810054562339,2.0,Cross-source budget items
Tray,16.99,Kitchen Accessories,4.62,3.0,https://cdn.dummyjson.com/product-images/kitchen-accessories/tray/thumbnail.webp,https://dummyjson.com/products/75,dummyjson.com,4,budget,1.2301933788690456,2.0,Cross-source budget items
Wooden Rolling Pin,11.99,Kitchen Accessories,2.92,3.0,https://cdn.dummyjson.com/product-images/kitchen-accessories/wooden-rolling-pin/thumbnail.webp,https://dummyjson.com/products/76,dummyjson.com,18,budget,1.0788191830988487,2.0,Cross-source budget items
Yellow Peeler,5.99,Kitchen Accessories,4.24,3.0,https://cdn.dummyjson.com/product-images/kitchen-accessories/yellow-peeler/thumbnail.webp,https://dummyjson.com/products/77,dummyjson.com,13,budget,0.7774268223893114,2.0,Cross-source budget items
Apple MacBook Pro 14 Inch Space Grey,1999.99,Other,3.65,3.0,https://cdn.dummyjson.com/product-images/laptops/apple-macbook-pro-14-inch-space-grey/thumbnail.webp,https://dummyjson.com/products/78,dummyjson.com,36,luxury,3.301027824186143,1.0,Long-named mid-high items
Asus Zenbook Pro Dual Screen Laptop,1799.99,Other,3.95,3.0,https://cdn.dummyjson.com/product-images/laptops/asus-zenbook-pro-dual-screen-laptop/thumbnail.webp,https://dummyjson.com/products/79,dummyjson.com,35,luxury,3.255270092349482,1.0,Long-named mid-high items
Huawei Matebook X Pro,1399.99,Other,4.98,3.0,https://cdn.dummyjson.com/product-images/laptops/huawei-matebook-x-pro/thumbnail.webp,https://dummyjson.com/products/80,dummyjson.com,21,luxury,3.146124933563717,3.0,Premium tier
Lenovo Yoga 920,1099.99,Other,2.86,3.0,https://cdn.dummyjson.com/product-images/laptops/lenovo-yoga-920/thumbnail.webp,https://dummyjson.com/products/81,dummyjson.com,15,luxury,3.041388737008625,3.0,Premium tier
New DELL XPS 13 9300 Laptop,1499.99,Other,2.67,3.0,https://cdn.dummyjson.com/product-images/laptops/new-dell-xps-13-9300-laptop/thumbnail.webp,https://dummyjson.com/products/82,dummyjson.com,27,luxury,3.1760883637494843,1.0,Long-named mid-high items
Blue & Black Check Shirt,29.99,Other,3.64,3.0,https://cdn.dummyjson.com/product-images/mens-shirts/blue-&-black-check-shirt/thumbnail.webp,https://dummyjson.com/products/83,dummyjson.com,24,mid,1.476976465759527,2.0,Cross-source budget items
Gigabyte Aorus Men Tshirt,24.99,Other,3.18,3.0,https://cdn.dummyjson.com/product-images/mens-shirts/gigabyte-aorus-men-tshirt/thumbnail.webp,https://dummyjson.com/products/84,dummyjson.com,25,mid,1.39776625612645,2.0,Cross-source budget items
Man Plaid Shirt,34.99,Other,3.46,3.0,https://cdn.dummyjson.com/product-images/mens-shirts/man-plaid-shirt/thumbnail.webp,https://dummyjson.com/products/85,dummyjson.com,15,mid,1.5439439424829065,2.0,Cross-source budget items
Man Short Sleeve Shirt,19.99,Other,2.9,3.0,https://cdn.dummyjson.com/product-images/mens-shirts/man-short-sleeve-shirt/thumbnail.webp,https://dummyjson.com/products/86,dummyjson.com,22,budget,1.300812794118117,2.0,Cross-source budget items
Men Check Shirt,27.99,Other,2.72,3.0,https://cdn.dummyjson.com/product-images/mens-shirts/men-check-shirt/thumbnail.webp,https://dummyjson.com/products/87,dummyjson.com,15,mid,1.4470028984661623,2.0,Cross-source budget items
Nike Air Jordan 1 Red And Black,149.99,Other,4.77,3.0,https://cdn.dummyjson.com/product-images/mens-shoes/nike-air-jordan-1-red-and-black/thumbnail.webp,https://dummyjson.com/products/88,dummyjson.com,31,premium,2.1760623051250794,1.0,Long-named mid-high items
Nike Baseball Cleats,79.99,Other,3.88,3.0,https://cdn.dummyjson.com/product-images/mens-shoes/nike-baseball-cleats/thumbnail.webp,https://dummyjson.com/products/89,dummyjson.com,20,premium,1.9030356967884972,2.0,Cross-source budget items
Puma Future Rider Trainers,89.99,Other,4.9,3.0,https://cdn.dummyjson.com/product-images/mens-shoes/puma-future-rider-trainers/thumbnail.webp,https://dummyjson.com/products/90,dummyjson.com,26,premium,1.9541942518158624,1.0,Long-named mid-high items
Sports Sneakers Off White & Red,119.99,Other,4.77,3.0,https://cdn.dummyjson.com/product-images/mens-shoes/sports-sneakers-off-white-&-red/thumbnail.webp,https://dummyjson.com/products/91,dummyjson.com,31,premium,2.079145053332749,1.0,Long-named mid-high items
Sports Sneakers Off White Red,109.99,Other,4.69,3.0,https://cdn.dummyjson.com/product-images/mens-shoes/sports-sneakers-off-white-red/thumbnail.webp,https://dummyjson.com/products/92,dummyjson.com,29,premium,2.0413532020469742,1.0,Long-named mid-high items
Brown Leather Belt Watch,89.99,Other,4.19,3.0,https://cdn.dummyjson.com/product-images/mens-watches/brown-leather-belt-watch/thumbnail.webp,https://dummyjson.com/products/93,dummyjson.com,24,premium,1.9541942518158624,1.0,Long-named mid-high items
Longines Master Collection,1499.99,Other,3.87,3.0,https://cdn.dummyjson.com/product-images/mens-watches/longines-master-collection/thumbnail.webp,https://dummyjson.com/products/94,dummyjson.com,26,luxury,3.1760883637494843,1.0,Long-named mid-high items
Rolex Cellini Date Black Dial,8999.99,Other,4.97,3.0,https://cdn.dummyjson.com/product-images/mens-watches/rolex-cellini-date-black-dial/thumbnail.webp,https://dummyjson.com/products/95,dummyjson.com,29,luxury,3.9542420268896326,3.0,Premium tier
Rolex Cellini Moonphase,12999.99,Other,2.58,3.0,https://cdn.dummyjson.com/product-images/mens-watches/rolex-cellini-moonphase/thumbnail.webp,https://dummyjson.com/products/96,dummyjson.com,23,luxury,4.11394301823403,3.0,Premium tier
Rolex Datejust,10999.99,Other,3.66,3.0,https://cdn.dummyjson.com/product-images/mens-watches/rolex-datejust/thumbnail.webp,https://dummyjson.com/products/97,dummyjson.com,14,luxury,4.04139229034488,3.0,Premium tier
Rolex Submariner Watch,13999.99,Other,2.69,3.0,https://cdn.dummyjson.com/product-images/mens-watches/rolex-submariner-watch/thumbnail.webp,https://dummyjson.com/products/98,dummyjson.com,22,luxury,4.146127725467783,3.0,Premium tier
Amazon Echo Plus,99.99,Mobile Accessories,4.99,3.0,https://cdn.dummyjson.com/product-images/mobile-accessories/amazon-echo-plus/thumbnail.webp,https://dummyjson.com/products/99,dummyjson.com,16,premium,1.9999565683801925,0.0,Short-named budget-mid items
Apple Airpods,129.99,Mobile Accessories,4.15,3.0,https://cdn.dummyjson.com/product-images/mobile-accessories/apple-airpods/thumbnail.webp,https://dummyjson.com/products/100,dummyjson.com,13,premium,2.113909943754037,0.0,Short-named budget-mid items
Apple AirPods Max Silver,549.99,Mobile Accessories,3.47,3.0,https://cdn.dummyjson.com/product-images/mobile-accessories/apple-airpods-max-silver/thumbnail.webp,https://dummyjson.com/products/101,dummyjson.com,24,luxury,2.7403547931591516,1.0,Long-named mid-high items
Apple Airpower Wireless Charger,79.99,Mobile Accessories,3.68,3.0,https://cdn.dummyjson.com/product-images/mobile-accessories/apple-airpower-wireless-charger/thumbnail.webp,https://dummyjson.com/products/102,dummyjson.com,31,premium,1.9030356967884972,1.0,Long-named mid-high items
Apple HomePod Mini Cosmic Grey,99.99,Mobile Accessories,4.62,3.0,https://cdn.dummyjson.com/product-images/mobile-accessories/apple-homepod-mini-cosmic-grey/thumbnail.webp,https://dummyjson.com/products/103,dummyjson.com,30,premium,1.9999565683801925,1.0,Long-named mid-high items
Apple iPhone Charger,19.99,Mobile Accessories,4.15,3.0,https://cdn.dummyjson.com/product-images/mobile-accessories/apple-iphone-charger/thumbnail.webp,https://dummyjson.com/products/104,dummyjson.com,20,budget,1.300812794118117,2.0,Cross-source budget items
Apple MagSafe Battery Pack,99.99,Mobile Accessories,3.62,3.0,https://cdn.dummyjson.com/product-images/mobile-accessories/apple-magsafe-battery-pack/thumbnail.webp,https://dummyjson.com/products/105,dummyjson.com,26,premium,1.9999565683801925,1.0,Long-named mid-high items
Apple Watch Series 4 Gold,349.99,Mobile Accessories,2.74,3.0,https://cdn.dummyjson.com/product-images/mobile-accessories/apple-watch-series-4-gold/thumbnail.webp,https://dummyjson.com/products/106,dummyjson.com,25,luxury,2.5440556357592405,1.0,Long-named mid-high items
Beats Flex Wireless Earphones,49.99,Mobile Accessories,4.24,3.0,https://cdn.dummyjson.com/product-images/mobile-accessories/beats-flex-wireless-earphones/thumbnail.webp,https://dummyjson.com/products/107,dummyjson.com,29,mid,1.6988831367525903,1.0,Long-named mid-high items
iPhone 12 Silicone Case with MagSafe Plum,29.99,Mobile Accessories,3.62,3.0,https://cdn.dummyjson.com/product-images/mobile-accessories/iphone-12-silicone-case-with-magsafe-plum/thumbnail.webp,https://dummyjson.com/products/108,dummyjson.com,41,mid,1.476976465759527,1.0,Long-named mid-high items
Monopod,19.99,Mobile Accessories,4.43,3.0,https://cdn.dummyjson.com/product-images/mobile-accessories/monopod/thumbnail.webp,https://dummyjson.com/products/109,dummyjson.com,7,budget,1.300812794118117,2.0,Cross-source budget items
Selfie Lamp with iPhone,14.99,Mobile Accessories,3.55,3.0,https://cdn.dummyjson.com/product-images/mobile-accessories/selfie-lamp-with-iphone/thumbnail.webp,https://dummyjson.com/products/110,dummyjson.com,23,budget,1.1758016328482794,2.0,Cross-source budget items
Selfie Stick Monopod,12.99,Mobile Accessories,3.88,3.0,https://cdn.dummyjson.com/product-images/mobile-accessories/selfie-stick-monopod/thumbnail.webp,https://dummyjson.com/products/111,dummyjson.com,20,budget,1.113609151073028,2.0,Cross-source budget items
TV Studio Camera Pedestal,499.99,Mobile Accessories,2.78,3.0,https://cdn.dummyjson.com/product-images/mobile-accessories/tv-studio-camera-pedestal/thumbnail.webp,https://dummyjson.com/products/112,dummyjson.com,25,luxury,2.6989613183595207,1.0,Long-named mid-high items
Generic Motorcycle,3999.99,Other,4.91,3.0,https://cdn.dummyjson.com/product-images/motorcycle/generic-motorcycle/thumbnail.webp,https://dummyjson.com/products/113,dummyjson.com,18,luxury,3.6020589055904004,3.0,Premium tier
Kawasaki Z800,8999.99,Other,3.98,3.0,https://cdn.dummyjson.com/product-images/motorcycle/kawasaki-z800/thumbnail.webp,https://dummyjson.com/products/114,dummyjson.com,13,luxury,3.9542420268896326,3.0,Premium tier
MotoGP CI.H1,14999.99,Other,2.97,3.0,https://cdn.dummyjson.com/product-images/motorcycle/motogp-ci.h1/thumbnail.webp,https://dummyjson.com/products/115,dummyjson.com,12,luxury,4.17609096952593,3.0,Premium tier
Scooter Motorcycle,2999.99,Other,2.53,3.0,https://cdn.dummyjson.com/product-images/motorcycle/scooter-motorcycle/thumbnail.webp,https://dummyjson.com/products/116,dummyjson.com,18,luxury,3.4771198070689766,3.0,Premium tier
Sportbike Motorcycle,7499.99,Other,3.94,3.0,https://cdn.dummyjson.com/product-images/motorcycle/sportbike-motorcycle/thumbnail.webp,https://dummyjson.com/products/117,dummyjson.com,20,luxury,3.875060684332005,3.0,Premium tier
Attitude Super Leaves Hand Soap,8.99,Other,3.19,3.0,https://cdn.dummyjson.com/product-images/skin-care/attitude-super-leaves-hand-soap/thumbnail.webp,https://dummyjson.com/products/118,dummyjson.com,31,budget,0.9537596917332288,1.0,Long-named mid-high items
Olay Ultra Moisture Shea Butter Body Wash,12.99,Other,4.51,3.0,https://cdn.dummyjson.com/product-images/skin-care/olay-ultra-moisture-shea-butter-body-wash/thumbnail.webp,https://dummyjson.com/products/119,dummyjson.com,41,budget,1.113609151073028,1.0,Long-named mid-high items
Vaseline Men Body and Face Lotion,9.99,Other,3.16,3.0,https://cdn.dummyjson.com/product-images/skin-care/vaseline-men-body-and-face-lotion/thumbnail.webp,https://dummyjson.com/products/120,dummyjson.com,33,budget,0.9995654882259823,1.0,Long-named mid-high items
iPhone 5s,199.99,Smartphones,2.83,3.0,https://cdn.dummyjson.com/product-images/smartphones/iphone-5s/thumbnail.webp,https://dummyjson.com/products/121,dummyjson.com,9,luxury,2.301008280397,0.0,Short-named budget-mid items
iPhone 6,299.99,Smartphones,3.41,3.0,https://cdn.dummyjson.com/product-images/smartphones/iphone-6/thumbnail.webp,https://dummyjson.com/products/122,dummyjson.com,8,luxury,2.4771067779956524,0.0,Short-named budget-mid items
iPhone 13 Pro,1099.99,Smartphones,4.12,3.0,https://cdn.dummyjson.com/product-images/smartphones/iphone-13-pro/thumbnail.webp,https://dummyjson.com/products/123,dummyjson.com,13,luxury,3.041388737008625,3.0,Premium tier
iPhone X,899.99,Smartphones,2.51,3.0,https://cdn.dummyjson.com/product-images/smartphones/iphone-x/thumbnail.webp,https://dummyjson.com/products/124,dummyjson.com,8,luxury,2.954237683918273,0.0,Short-named budget-mid items
Oppo A57,249.99,Smartphones,3.94,3.0,https://cdn.dummyjson.com/product-images/smartphones/oppo-a57/thumbnail.webp,https://dummyjson.com/products/125,dummyjson.com,8,luxury,2.397922636545317,0.0,Short-named budget-mid items
Oppo F19 Pro Plus,399.99,Smartphones,3.51,3.0,https://cdn.dummyjson.com/product-images/smartphones/oppo-f19-pro-plus/thumbnail.webp,https://dummyjson.com/products/126,dummyjson.com,17,luxury,2.6020491338301954,3.0,Premium tier
Oppo K1,299.99,Smartphones,4.25,3.0,https://cdn.dummyjson.com/product-images/smartphones/oppo-k1/thumbnail.webp,https://dummyjson.com/products/127,dummyjson.com,7,luxury,2.4771067779956524,0.0,Short-named budget-mid items
Realme C35,149.99,Smartphones,4.2,3.0,https://cdn.dummyjson.com/product-images/smartphones/realme-c35/thumbnail.webp,https://dummyjson.com/products/128,dummyjson.com,10,premium,2.1760623051250794,0.0,Short-named budget-mid items
Realme X,299.99,Smartphones,3.7,3.0,https://cdn.dummyjson.com/product-images/smartphones/realme-x/thumbnail.webp,https://dummyjson.com/products/129,dummyjson.com,8,luxury,2.4771067779956524,0.0,Short-named budget-mid items
Realme XT,349.99,Smartphones,4.58,3.0,https://cdn.dummyjson.com/product-images/smartphones/realme-xt/thumbnail.webp,https://dummyjson.com/products/130,dummyjson.com,9,luxury,2.5440556357592405,0.0,Short-named budget-mid items
Samsung Galaxy S7,299.99,Smartphones,3.3,3.0,https://cdn.dummyjson.com/product-images/smartphones/samsung-galaxy-s7/thumbnail.webp,https://dummyjson.com/products/131,dummyjson.com,17,luxury,2.4771067779956524,3.0,Premium tier
Samsung Galaxy S8,499.99,Smartphones,4.4,3.0,https://cdn.dummyjson.com/product-images/smartphones/samsung-galaxy-s8/thumbnail.webp,https://dummyjson.com/products/132,dummyjson.com,17,luxury,2.6989613183595207,3.0,Premium tier
Samsung Galaxy S10,699.99,Smartphones,3.06,3.0,https://cdn.dummyjson.com/product-images/smartphones/samsung-galaxy-s10/thumbnail.webp,https://dummyjson.com/products/133,dummyjson.com,18,luxury,2.845091835763056,3.0,Premium tier
Vivo S1,249.99,Smartphones,3.5,3.0,https://cdn.dummyjson.com/product-images/smartphones/vivo-s1/thumbnail.webp,https://dummyjson.com/products/134,dummyjson.com,7,luxury,2.397922636545317,0.0,Short-named budget-mid items
Vivo V9,299.99,Smartphones,3.6,3.0,https://cdn.dummyjson.com/product-images/smartphones/vivo-v9/thumbnail.webp,https://dummyjson.com/products/135,dummyjson.com,7,luxury,2.4771067779956524,0.0,Short-named budget-mid items
Vivo X21,499.99,Smartphones,4.26,3.0,https://cdn.dummyjson.com/product-images/smartphones/vivo-x21/thumbnail.webp,https://dummyjson.com/products/136,dummyjson.com,8,luxury,2.6989613183595207,0.0,Short-named budget-mid items
American Football,19.99,Sports Accessories,4.91,3.0,https://cdn.dummyjson.com/product-images/sports-accessories/american-football/thumbnail.webp,https://dummyjson.com/products/137,dummyjson.com,17,budget,1.300812794118117,2.0,Cross-source budget items
Baseball Ball,8.99,Sports Accessories,2.57,3.0,https://cdn.dummyjson.com/product-images/sports-accessories/baseball-ball/thumbnail.webp,https://dummyjson.com/products/138,dummyjson.com,13,budget,0.9537596917332288,2.0,Cross-source budget items
Baseball Glove,24.99,Sports Accessories,3.96,3.0,https://cdn.dummyjson.com/product-images/sports-accessories/baseball-glove/thumbnail.webp,https://dummyjson.com/products/139,dummyjson.com,14,mid,1.39776625612645,2.0,Cross-source budget items
Basketball,14.99,Sports Accessories,4.66,3.0,https://cdn.dummyjson.com/product-images/sports-accessories/basketball/thumbnail.webp,https://dummyjson.com/products/140,dummyjson.com,10,budget,1.1758016328482794,2.0,Cross-source budget items
Basketball Rim,39.99,Sports Accessories,4.6,3.0,https://cdn.dummyjson.com/product-images/sports-accessories/basketball-rim/thumbnail.webp,https://dummyjson.com/products/141,dummyjson.com,14,mid,1.6019514041335217,2.0,Cross-source budget items
Cricket Ball,12.99,Sports Accessories,3.53,3.0,https://cdn.dummyjson.com/product-images/sports-accessories/cricket-ball/thumbnail.webp,https://dummyjson.com/products/142,dummyjson.com,12,budget,1.113609151073028,2.0,Cross-source budget items
Cricket Bat,29.99,Sports Accessories,3.17,3.0,https://cdn.dummyjson.com/product-images/sports-accessories/cricket-bat/thumbnail.webp,https://dummyjson.com/products/143,dummyjson.com,11,mid,1.476976465759527,2.0,Cross-source budget items
Cricket Helmet,44.99,Sports Accessories,4.69,3.0,https://cdn.dummyjson.com/product-images/sports-accessories/cricket-helmet/thumbnail.webp,https://dummyjson.com/products/144,dummyjson.com,14,mid,1.6531159931655668,2.0,Cross-source budget items
Cricket Wicket,29.99,Sports Accessories,4.73,3.0,https://cdn.dummyjson.com/product-images/sports-accessories/cricket-wicket/thumbnail.webp,https://dummyjson.com/products/145,dummyjson.com,14,mid,1.476976465759527,2.0,Cross-source budget items
Feather Shuttlecock,5.99,Sports Accessories,2.85,3.0,https://cdn.dummyjson.com/product-images/sports-accessories/feather-shuttlecock/thumbnail.webp,https://dummyjson.com/products/146,dummyjson.com,19,budget,0.7774268223893114,2.0,Cross-source budget items
Football,17.99,Sports Accessories,3.28,3.0,https://cdn.dummyjson.com/product-images/sports-accessories/football/thumbnail.webp,https://dummyjson.com/products/147,dummyjson.com,8,budget,1.2550311633455513,2.0,Cross-source budget items
Golf Ball,9.99,Sports Accessories,4.3,3.0,https://cdn.dummyjson.com/product-images/sports-accessories/golf-ball/thumbnail.webp,https://dummyjson.com/products/148,dummyjson.com,9,budget,0.9995654882259823,2.0,Cross-source budget items
Iron Golf,49.99,Sports Accessories,4.41,3.0,https://cdn.dummyjson.com/product-images/sports-accessories/iron-golf/thumbnail.webp,https://dummyjson.com/products/149,dummyjson.com,9,mid,1.6988831367525903,2.0,Cross-source budget items
Metal Baseball Bat,29.99,Sports Accessories,4.66,3.0,https://cdn.dummyjson.com/product-images/sports-accessories/metal-baseball-bat/thumbnail.webp,https://dummyjson.com/products/150,dummyjson.com,18,mid,1.476976465759527,2.0,Cross-source budget items
Tennis Ball,6.99,Sports Accessories,4.06,3.0,https://cdn.dummyjson.com/product-images/sports-accessories/tennis-ball/thumbnail.webp,https://dummyjson.com/products/151,dummyjson.com,11,budget,0.8444771757456814,2.0,Cross-source budget items
Tennis Racket,49.99,Sports Accessories,4.03,3.0,https://cdn.dummyjson.com/product-images/sports-accessories/tennis-racket/thumbnail.webp,https://dummyjson.com/products/152,dummyjson.com,13,mid,1.6988831367525903,2.0,Cross-source budget items
Volleyball,11.99,Sports Accessories,3.84,3.0,https://cdn.dummyjson.com/product-images/sports-accessories/volleyball/thumbnail.webp,https://dummyjson.com/products/153,dummyjson.com,10,budget,1.0788191830988487,2.0,Cross-source budget items
Black Sun Glasses,29.99,Other,4.41,3.0,https://cdn.dummyjson.com/product-images/sunglasses/black-sun-glasses/thumbnail.webp,https://dummyjson.com/products/154,dummyjson.com,17,mid,1.476976465759527,2.0,Cross-source budget items
Classic Sun Glasses,24.99,Other,3.86,3.0,https://cdn.dummyjson.com/product-images/sunglasses/classic-sun-glasses/thumbnail.webp,https://dummyjson.com/products/155,dummyjson.com,19,mid,1.39776625612645,2.0,Cross-source budget items
Green and Black Glasses,34.99,Other,4.55,3.0,https://cdn.dummyjson.com/product-images/sunglasses/green-and-black-glasses/thumbnail.webp,https://dummyjson.com/products/156,dummyjson.com,23,mid,1.5439439424829065,2.0,Cross-source budget items
Party Glasses,19.99,Other,2.79,3.0,https://cdn.dummyjson.com/product-images/sunglasses/party-glasses/thumbnail.webp,https://dummyjson.com/products/157,dummyjson.com,13,budget,1.300812794118117,2.0,Cross-source budget items
Sunglasses,22.99,Other,3.02,3.0,https://cdn.dummyjson.com/product-images/sunglasses/sunglasses/thumbnail.webp,https://dummyjson.com/products/158,dummyjson.com,10,mid,1.361538971269279,2.0,Cross-source budget items
iPad Mini 2021 Starlight,499.99,Other,3.18,3.0,https://cdn.dummyjson.com/product-images/tablets/ipad-mini-2021-starlight/thumbnail.webp,https://dummyjson.com/products/159,dummyjson.com,24,luxury,2.6989613183595207,1.0,Long-named mid-high items
Samsung Galaxy Tab S8 Plus Grey,599.99,Other,4.68,3.0,https://cdn.dummyjson.com/product-images/tablets/samsung-galaxy-tab-s8-plus-grey/thumbnail.webp,https://dummyjson.com/products/160,dummyjson.com,31,luxury,2.778144012081959,1.0,Long-named mid-high items
Samsung Galaxy Tab White,349.99,Other,3.72,3.0,https://cdn.dummyjson.com/product-images/tablets/samsung-galaxy-tab-white/thumbnail.webp,https://dummyjson.com/products/161,dummyjson.com,24,luxury,2.5440556357592405,1.0,Long-named mid-high items
Blue Frock,29.99,Other,4.17,3.0,https://cdn.dummyjson.com/product-images/tops/blue-frock/thumbnail.webp,https://dummyjson.com/products/162,dummyjson.com,10,mid,1.476976465759527,2.0,Cross-source budget items
Girl Summer Dress,19.99,Other,4.77,3.0,https://cdn.dummyjson.com/product-images/tops/girl-summer-dress/thumbnail.webp,https://dummyjson.com/products/163,dummyjson.com,17,budget,1.300812794118117,2.0,Cross-source budget items
Gray Dress,34.99,Other,2.72,3.0,https://cdn.dummyjson.com/product-images/tops/gray-dress/thumbnail.webp,https://dummyjson.com/products/164,dummyjson.com,10,mid,1.5439439424829065,2.0,Cross-source budget items
Short Frock,24.99,Other,3.23,3.0,https://cdn.dummyjson.com/product-images/tops/short-frock/thumbnail.webp,https://dummyjson.com/products/165,dummyjson.com,11,mid,1.39776625612645,2.0,Cross-source budget items
Tartan Dress,39.99,Other,4.05,3.0,https://cdn.dummyjson.com/product-images/tops/tartan-dress/thumbnail.webp,https://dummyjson.com/products/166,dummyjson.com,12,mid,1.6019514041335217,2.0,Cross-source budget items
300 Touring,28999.99,Other,4.05,3.0,https://cdn.dummyjson.com/product-images/vehicle/300-touring/thumbnail.webp,https://dummyjson.com/products/167,dummyjson.com,11,luxury,4.462397848142213,3.0,Premium tier
Charger SXT RWD,32999.99,Other,2.58,3.0,https://cdn.dummyjson.com/product-images/vehicle/charger-sxt-rwd/thumbnail.webp,https://dummyjson.com/products/168,dummyjson.com,15,luxury,4.518513808273479,3.0,Premium tier
Dodge Hornet GT Plus,24999.99,Other,2.65,3.0,https://cdn.dummyjson.com/product-images/vehicle/dodge-hornet-gt-plus/thumbnail.webp,https://dummyjson.com/products/169,dummyjson.com,20,luxury,4.39793983495421,3.0,Premium tier
Durango SXT RWD,36999.99,Other,4.07,3.0,https://cdn.dummyjson.com/product-images/vehicle/durango-sxt-rwd/thumbnail.webp,https://dummyjson.com/products/170,dummyjson.com,15,luxury,4.568201606690092,3.0,Premium tier
Pacifica Touring,31999.99,Other,3.62,3.0,https://cdn.dummyjson.com/product-images/vehicle/pacifica-touring/thumbnail.webp,https://dummyjson.com/products/171,dummyjson.com,16,luxury,4.505149842602859,3.0,Premium tier
Blue Women's Handbag,49.99,Other,2.92,3.0,https://cdn.dummyjson.com/product-images/womens-bags/blue-women's-handbag/thumbnail.webp,https://dummyjson.com/products/172,dummyjson.com,20,mid,1.6988831367525903,2.0,Cross-source budget items
Heshe Women's Leather Bag,129.99,Other,4.92,3.0,https://cdn.dummyjson.com/product-images/womens-bags/heshe-women's-leather-bag/thumbnail.webp,https://dummyjson.com/products/173,dummyjson.com,25,premium,2.113909943754037,1.0,Long-named mid-high items
Prada Women Bag,599.99,Other,2.71,3.0,https://cdn.dummyjson.com/product-images/womens-bags/prada-women-bag/thumbnail.webp,https://dummyjson.com/products/174,dummyjson.com,15,luxury,2.778144012081959,3.0,Premium tier
White Faux Leather Backpack,39.99,Other,3.36,3.0,https://cdn.dummyjson.com/product-images/womens-bags/white-faux-leather-backpack/thumbnail.webp,https://dummyjson.com/products/175,dummyjson.com,27,mid,1.6019514041335217,1.0,Long-named mid-high items
Women Handbag Black,59.99,Other,2.89,3.0,https://cdn.dummyjson.com/product-images/womens-bags/women-handbag-black/thumbnail.webp,https://dummyjson.com/products/176,dummyjson.com,19,mid,1.778078861937455,2.0,Cross-source budget items
Black Women's Gown,129.99,Other,3.64,3.0,https://cdn.dummyjson.com/product-images/womens-dresses/black-women's-gown/thumbnail.webp,https://dummyjson.com/products/177,dummyjson.com,18,premium,2.113909943754037,0.0,Short-named budget-mid items
Corset Leather With Skirt,89.99,Other,3.05,3.0,https://cdn.dummyjson.com/product-images/womens-dresses/corset-leather-with-skirt/thumbnail.webp,https://dummyjson.com/products/178,dummyjson.com,25,premium,1.9541942518158624,1.0,Long-named mid-high items
Corset With Black Skirt,79.99,Other,4.52,3.0,https://cdn.dummyjson.com/product-images/womens-dresses/corset-with-black-skirt/thumbnail.webp,https://dummyjson.com/products/179,dummyjson.com,23,premium,1.9030356967884972,1.0,Long-named mid-high items
Dress Pea,49.99,Other,4.88,3.0,https://cdn.dummyjson.com/product-images/womens-dresses/dress-pea/thumbnail.webp,https://dummyjson.com/products/180,dummyjson.com,9,mid,1.6988831367525903,2.0,Cross-source budget items
Marni Red & Black Suit,179.99,Other,4.48,3.0,https://cdn.dummyjson.com/product-images/womens-dresses/marni-red-&-black-suit/thumbnail.webp,https://dummyjson.com/products/181,dummyjson.com,22,luxury,2.2552483769618568,1.0,Long-named mid-high items
Green Crystal Earring,29.99,Other,3.96,3.0,https://cdn.dummyjson.com/product-images/womens-jewellery/green-crystal-earring/thumbnail.webp,https://dummyjson.com/products/182,dummyjson.com,21,mid,1.476976465759527,2.0,Cross-source budget items
Green Oval Earring,24.99,Other,3.57,3.0,https://cdn.dummyjson.com/product-images/womens-jewellery/green-oval-earring/thumbnail.webp,https://dummyjson.com/products/183,dummyjson.com,18,mid,1.39776625612645,2.0,Cross-source budget items
Tropical Earring,19.99,Other,4.4,3.0,https://cdn.dummyjson.com/product-images/womens-jewellery/tropical-earring/thumbnail.webp,https://dummyjson.com/products/184,dummyjson.com,16,budget,1.300812794118117,2.0,Cross-source budget items
Black & Brown Slipper,19.99,Other,2.53,3.0,https://cdn.dummyjson.com/product-images/womens-shoes/black-&-brown-slipper/thumbnail.webp,https://dummyjson.com/products/185,dummyjson.com,21,budget,1.300812794118117,2.0,Cross-source budget items
Calvin Klein Heel Shoes,79.99,Other,4.92,3.0,https://cdn.dummyjson.com/product-images/womens-shoes/calvin-klein-heel-shoes/thumbnail.webp,https://dummyjson.com/products/186,dummyjson.com,23,premium,1.9030356967884972,1.0,Long-named mid-high items
Golden Shoes Woman,49.99,Other,3.26,3.0,https://cdn.dummyjson.com/product-images/womens-shoes/golden-shoes-woman/thumbnail.webp,https://dummyjson.com/products/187,dummyjson.com,18,mid,1.6988831367525903,2.0,Cross-source budget items
Pampi Shoes,29.99,Other,3.05,3.0,https://cdn.dummyjson.com/product-images/womens-shoes/pampi-shoes/thumbnail.webp,https://dummyjson.com/products/188,dummyjson.com,11,mid,1.476976465759527,2.0,Cross-source budget items
Red Shoes,34.99,Other,3.25,3.0,https://cdn.dummyjson.com/product-images/womens-shoes/red-shoes/thumbnail.webp,https://dummyjson.com/products/189,dummyjson.com,9,mid,1.5439439424829065,2.0,Cross-source budget items
IWC Ingenieur Automatic Steel,4999.99,Other,2.93,3.0,https://cdn.dummyjson.com/product-images/womens-watches/iwc-ingenieur-automatic-steel/thumbnail.webp,https://dummyjson.com/products/190,dummyjson.com,29,luxury,3.6989691357461862,3.0,Premium tier
Rolex Cellini Moonphase,15999.99,Other,3.83,3.0,https://cdn.dummyjson.com/product-images/womens-watches/rolex-cellini-moonphase/thumbnail.webp,https://dummyjson.com/products/191,dummyjson.com,23,luxury,4.2041197112217885,3.0,Premium tier
Rolex Datejust Women,10999.99,Other,2.86,3.0,https://cdn.dummyjson.com/product-images/womens-watches/rolex-datejust-women/thumbnail.webp,https://dummyjson.com/products/192,dummyjson.com,20,luxury,4.04139229034488,3.0,Premium tier
Watch Gold for Women,799.99,Other,4.24,3.0,https://cdn.dummyjson.com/product-images/womens-watches/watch-gold-for-women/thumbnail.webp,https://dummyjson.com/products/193,dummyjson.com,20,luxury,2.90308455827699,3.0,Premium tier
Women's Wrist Watch,129.99,Other,3.52,3.0,https://cdn.dummyjson.com/product-images/womens-watches/women's-wrist-watch/thumbnail.webp,https://dummyjson.com/products/194,dummyjson.com,19,premium,2.113909943754037,0.0,Short-named budget-mid items
